word,expected_pinyin,expected_tone,source,source_status,all_readings,reading_count,tones_seen
一,yī,1,moe_dict,verified,yī(ㄧ)=1,1,1
三,,,moe_dict,ambiguous_polyphone,sā(ㄙㄚ)=1|sān(ㄙㄢ)=1|sàn(ㄙㄢˋ)=4,3,"1,4"
上,,,moe_dict,ambiguous_polyphone,shǎng(ㄕㄤˇ)=3|shàng(ㄕㄤˋ)=4,2,"3,4"
下,xià,4,moe_dict,verified,xià(ㄒㄧㄚˋ)=4,1,4
不,,,moe_dict,ambiguous_polyphone,bù(ㄅㄨˋ)=4|fōu(ㄈㄡ)=1|fǒu(ㄈㄡˇ)=3|fū(ㄈㄨ)=1,4,"1,3,4"
且,,,moe_dict,ambiguous_polyphone,jū(ㄐㄩ)=1|qiě(ㄑㄧㄝˇ)=3,2,"1,3"
中,,,moe_dict,ambiguous_polyphone,zhōng(ㄓㄨㄥ)=1|zhòng(ㄓㄨㄥˋ)=4,2,"1,4"
也,yě,3,moe_dict,verified,yě(ㄧㄝˇ)=3,1,3
乾,,,moe_dict,ambiguous_polyphone,gān(ㄍㄢ)=1|qián(ㄑㄧㄢˊ)=2,2,"1,2"
了,,,moe_dict,ambiguous_polyphone,le(˙ㄌㄜ)=5|liǎo(ㄌㄧㄠˇ)=3,2,"3,5"
事,shì,4,moe_dict,verified,shì(ㄕˋ)=4,1,4
二,èr,4,moe_dict,verified,èr(ㄦˋ)=4,1,4
互,hù,4,moe_dict,verified,hù(ㄏㄨˋ)=4,1,4
些,,,moe_dict,ambiguous_polyphone,xiē(ㄒㄧㄝ)=1|suò(ㄙㄨㄛˋ)=4,2,"1,4"
亮,,,moe_dict,ambiguous_polyphone,liáng(ㄌㄧㄤˊ)=2|liàng(ㄌㄧㄤˋ)=4,2,"2,4"
人,rén,2,moe_dict,verified,rén(ㄖㄣˊ)=2,1,2
什,,2,moe_dict,verified_tone_only,shí(ㄕˊ)=2|shé(ㄕㄜˊ)=2|shén(ㄕㄣˊ)=2,3,2
今,jīn,1,moe_dict,verified,jīn(ㄐㄧㄣ)=1,1,1
他,,1,moe_dict,verified_tone_only,tā(ㄊㄚ)=1|tuō(ㄊㄨㄛ)=1,2,1
以,yǐ,3,moe_dict,verified,yǐ(ㄧˇ)=3,1,3
但,dàn,4,moe_dict,verified,dàn(ㄉㄢˋ)=4,1,4
位,wèi,4,moe_dict,verified,wèi(ㄨㄟˋ)=4,1,4
住,zhù,4,moe_dict,verified,zhù(ㄓㄨˋ)=4,1,4
作,,,moe_dict,ambiguous_polyphone,zuō(ㄗㄨㄛ)=1|zuó(ㄗㄨㄛˊ)=2|zuò(ㄗㄨㄛˋ)=4,3,"1,2,4"
你,nǐ,3,moe_dict,verified,nǐ(ㄋㄧˇ)=3,1,3
使,,,moe_dict,ambiguous_polyphone,shǐ(ㄕˇ)=3|shì(ㄕˋ)=4,2,"3,4"
來,,,moe_dict,ambiguous_polyphone,lái(ㄌㄞˊ)=2|lài(ㄌㄞˋ)=4,2,"2,4"
信,,,moe_dict,ambiguous_polyphone,xìn(ㄒㄧㄣˋ)=4|shēn(ㄕㄣ)=1,2,"1,4"
個,,,moe_dict,ambiguous_polyphone,ge(˙ㄍㄜ)=5|gě(ㄍㄜˇ)=3|gè(ㄍㄜˋ)=4,3,"3,4,5"
們,,,moe_dict,ambiguous_polyphone,men(˙ㄇㄣ)=5|mén(ㄇㄣˊ)=2,2,"2,5"
倒,,,moe_dict,ambiguous_polyphone,dǎo(ㄉㄠˇ)=3|dào(ㄉㄠˋ)=4,2,"3,4"
候,hòu,4,moe_dict,verified,hòu(ㄏㄡˋ)=4,1,4
假,,,moe_dict,ambiguous_polyphone,jiǎ(ㄐㄧㄚˇ)=3|jià(ㄐㄧㄚˋ)=4,2,"3,4"
做,zuò,4,moe_dict,verified,zuò(ㄗㄨㄛˋ)=4,1,4
健,jiàn,4,moe_dict,verified,jiàn(ㄐㄧㄢˋ)=4,1,4
備,bèi,4,moe_dict,verified,bèi(ㄅㄟˋ)=4,1,4
先,,,moe_dict,ambiguous_polyphone,xiān(ㄒㄧㄢ)=1|xiàn(ㄒㄧㄢˋ)=4,2,"1,4"
兒,,2,moe_dict,verified_tone_only,ní(ㄋㄧˊ)=2|ér(ㄦˊ)=2,2,2
全,quán,2,moe_dict,verified,quán(ㄑㄩㄢˊ)=2,1,2
兩,liǎng,3,moe_dict,verified,liǎng(ㄌㄧㄤˇ)=3,1,3
六,,4,moe_dict,verified_tone_only,liù(ㄌㄧㄡˋ)=4|lù(ㄌㄨˋ)=4,2,4
再,zài,4,moe_dict,verified,zài(ㄗㄞˋ)=4,1,4
出,chū,1,moe_dict,verified,chū(ㄔㄨ)=1,1,1
初,chū,1,moe_dict,verified,chū(ㄔㄨ)=1,1,1
利,lì,4,moe_dict,verified,lì(ㄌㄧˋ)=4,1,4
刮,guā,1,moe_dict,verified,guā(ㄍㄨㄚ)=1,1,1
到,dào,4,moe_dict,verified,dào(ㄉㄠˋ)=4,1,4
前,qián,2,moe_dict,verified,qián(ㄑㄧㄢˊ)=2,1,2
副,,4,moe_dict,verified_tone_only,pì(ㄆㄧˋ)=4|fù(ㄈㄨˋ)=4,2,4
力,lì,4,moe_dict,verified,lì(ㄌㄧˋ)=4,1,4
包,bāo,1,moe_dict,verified,bāo(ㄅㄠ)=1,1,1
十,shí,2,moe_dict,verified,shí(ㄕˊ)=2,1,2
半,bàn,4,moe_dict,verified,bàn(ㄅㄢˋ)=4,1,4
厭,,,moe_dict,ambiguous_polyphone,yān(ㄧㄢ)=1|yàn(ㄧㄢˋ)=4,2,"1,4"
去,qù,4,moe_dict,verified,qù(ㄑㄩˋ)=4,1,4
又,yòu,4,moe_dict,verified,yòu(ㄧㄡˋ)=4,1,4
友,yǒu,3,moe_dict,verified,yǒu(ㄧㄡˇ)=3,1,3
反,,,moe_dict,ambiguous_polyphone,fān(ㄈㄢ)=1|fǎn(ㄈㄢˇ)=3|fàn(ㄈㄢˋ)=4,3,"1,3,4"
口,kǒu,3,moe_dict,verified,kǒu(ㄎㄡˇ)=3,1,3
只,,,moe_dict,ambiguous_polyphone,zhī(ㄓ)=1|zhǐ(ㄓˇ)=3,2,"1,3"
叫,jiào,4,moe_dict,verified,jiào(ㄐㄧㄠˋ)=4,1,4
叮,dīng,1,moe_dict,verified,dīng(ㄉㄧㄥ)=1,1,1
可,,,moe_dict,ambiguous_polyphone,kě(ㄎㄜˇ)=3|kè(ㄎㄜˋ)=4,2,"3,4"
吃,,,moe_dict,ambiguous_polyphone,jí(ㄐㄧˊ)=2|chī(ㄔ)=1,2,"1,2"
同,,,moe_dict,ambiguous_polyphone,tóng(ㄊㄨㄥˊ)=2|tòng(ㄊㄨㄥˋ)=4,2,"2,4"
名,míng,2,moe_dict,verified,míng(ㄇㄧㄥˊ)=2,1,2
吸,xī,1,moe_dict,verified,xī(ㄒㄧ)=1,1,1
呢,,,moe_dict,ambiguous_polyphone,ne(˙ㄋㄜ)=5|ní(ㄋㄧˊ)=2,2,"2,5"
周,zhōu,1,moe_dict,verified,zhōu(ㄓㄡ)=1,1,1
呼,hū,1,moe_dict,verified,hū(ㄏㄨ)=1,1,1
和,,,moe_dict,ambiguous_polyphone,huo(˙ㄏㄨㄛ)=5|hé(ㄏㄜˊ)=2|hè(ㄏㄜˋ)=4|hàn(ㄏㄢˋ)=4|hú(ㄏㄨˊ)=2|huò(ㄏㄨㄛˋ)=4,6,"2,4,5"
哎,āi,1,moe_dict,verified,āi(ㄞ)=1,1,1
哥,gē,1,moe_dict,verified,gē(ㄍㄜ)=1,1,1
喜,xǐ,3,moe_dict,verified,xǐ(ㄒㄧˇ)=3,1,3
單,,,moe_dict,ambiguous_polyphone,dān(ㄉㄢ)=1|chán(ㄔㄢˊ)=2|shàn(ㄕㄢˋ)=4,3,"1,2,4"
嗎,,,moe_dict,ambiguous_polyphone,ma(˙ㄇㄚ)=5|mǎ(ㄇㄚˇ)=3,2,"3,5"
嚇,,4,moe_dict,verified_tone_only,hè(ㄏㄜˋ)=4|xià(ㄒㄧㄚˋ)=4,2,4
四,sì,4,moe_dict,verified,sì(ㄙˋ)=4,1,4
回,huí,2,moe_dict,verified,huí(ㄏㄨㄟˊ)=2,1,2
因,yīn,1,moe_dict,verified,yīn(ㄧㄣ)=1,1,1
國,guó,2,moe_dict,verified,guó(ㄍㄨㄛˊ)=2,1,2
圍,wéi,2,moe_dict,verified,wéi(ㄨㄟˊ)=2,1,2
園,yuán,2,moe_dict,verified,yuán(ㄩㄢˊ)=2,1,2
圓,yuán,2,moe_dict,verified,yuán(ㄩㄢˊ)=2,1,2
團,tuán,2,moe_dict,verified,tuán(ㄊㄨㄢˊ)=2,1,2
在,zài,4,moe_dict,verified,zài(ㄗㄞˋ)=4,1,4
地,,,moe_dict,ambiguous_polyphone,de(˙ㄉㄜ)=5|dì(ㄉㄧˋ)=4,2,"4,5"
坐,zuò,4,moe_dict,verified,zuò(ㄗㄨㄛˋ)=4,1,4
城,chéng,2,moe_dict,verified,chéng(ㄔㄥˊ)=2,1,2
壞,,4,moe_dict,verified_tone_only,guài(ㄍㄨㄞˋ)=4|huài(ㄏㄨㄞˋ)=4,2,4
夕,xì,4,moe_dict,verified,xì(ㄒㄧˋ)=4,1,4
外,wài,4,moe_dict,verified,wài(ㄨㄞˋ)=4,1,4
多,,,moe_dict,ambiguous_polyphone,duō(ㄉㄨㄛ)=1|duó(ㄉㄨㄛˊ)=2,2,"1,2"
夜,yè,4,moe_dict,verified,yè(ㄧㄝˋ)=4,1,4
大,,4,moe_dict,verified_tone_only,dà(ㄉㄚˋ)=4|dài(ㄉㄞˋ)=4|tài(ㄊㄞˋ)=4,3,4
天,tiān,1,moe_dict,verified,tiān(ㄊㄧㄢ)=1,1,1
太,tài,4,moe_dict,verified,tài(ㄊㄞˋ)=4,1,4
夫,,,moe_dict,ambiguous_polyphone,fū(ㄈㄨ)=1|fú(ㄈㄨˊ)=2,2,"1,2"
奇,,,moe_dict,ambiguous_polyphone,jī(ㄐㄧ)=1|qí(ㄑㄧˊ)=2,2,"1,2"
女,,,moe_dict,ambiguous_polyphone,nǚ(ㄋㄩˇ)=3|nǜ(ㄋㄩˋ)=4|rǔ(ㄖㄨˇ)=3,3,"3,4"
好,,,moe_dict,ambiguous_polyphone,hǎo(ㄏㄠˇ)=3|hào(ㄏㄠˋ)=4,2,"3,4"
如,rú,2,moe_dict,verified,rú(ㄖㄨˊ)=2,1,2
始,,,moe_dict,ambiguous_polyphone,shǐ(ㄕˇ)=3|shì(ㄕˋ)=4,2,"3,4"
媽,mā,1,moe_dict,verified,mā(ㄇㄚ)=1,1,1
子,,,moe_dict,ambiguous_polyphone,zi(˙ㄗ)=5|zǐ(ㄗˇ)=3,2,"3,5"
字,zì,4,moe_dict,verified,zì(ㄗˋ)=4,1,4
孩,hái,2,moe_dict,verified,hái(ㄏㄞˊ)=2,1,2
學,xué,2,moe_dict,verified,xué(ㄒㄩㄝˊ)=2,1,2
安,ān,1,moe_dict,verified,ān(ㄢ)=1,1,1
定,dìng,4,moe_dict,verified,dìng(ㄉㄧㄥˋ)=4,1,4
室,shì,4,moe_dict,verified,shì(ㄕˋ)=4,1,4
家,,1,moe_dict,verified_tone_only,gū(ㄍㄨ)=1|jiā(ㄐㄧㄚ)=1,2,1
寒,hán,2,moe_dict,verified,hán(ㄏㄢˊ)=2,1,2
對,duì,4,moe_dict,verified,duì(ㄉㄨㄟˋ)=4,1,4
小,xiǎo,3,moe_dict,verified,xiǎo(ㄒㄧㄠˇ)=3,1,3
就,jiù,4,moe_dict,verified,jiù(ㄐㄧㄡˋ)=4,1,4
屋,wū,1,moe_dict,verified,wū(ㄨ)=1,1,1
已,yǐ,3,moe_dict,verified,yǐ(ㄧˇ)=3,1,3
市,shì,4,moe_dict,verified,shì(ㄕˋ)=4,1,4
師,shī,1,moe_dict,verified,shī(ㄕ)=1,1,1
帶,dài,4,moe_dict,verified,dài(ㄉㄞˋ)=4,1,4
常,cháng,2,moe_dict,verified,cháng(ㄔㄤˊ)=2,1,2
平,,2,moe_dict,verified_tone_only,pián(ㄆㄧㄢˊ)=2|píng(ㄆㄧㄥˊ)=2,2,2
年,nián,2,moe_dict,verified,nián(ㄋㄧㄢˊ)=2,1,2
幾,,,moe_dict,ambiguous_polyphone,jī(ㄐㄧ)=1|jǐ(ㄐㄧˇ)=3,2,"1,3"
床,chuáng,2,moe_dict,verified,chuáng(ㄔㄨㄤˊ)=2,1,2
座,zuò,4,moe_dict,verified,zuò(ㄗㄨㄛˋ)=4,1,4
康,kāng,1,moe_dict,verified,kāng(ㄎㄤ)=1,1,1
張,,,moe_dict,ambiguous_polyphone,zhāng(ㄓㄤ)=1|zhàng(ㄓㄤˋ)=4,2,"1,4"
往,wǎng,3,moe_dict,verified,wǎng(ㄨㄤˇ)=3,1,3
很,hěn,3,moe_dict,verified,hěn(ㄏㄣˇ)=3,1,3
後,hòu,4,moe_dict,verified,hòu(ㄏㄡˋ)=4,1,4
得,,,moe_dict,ambiguous_polyphone,de(˙ㄉㄜ)=5|dé(ㄉㄜˊ)=2|dǎi(ㄉㄞˇ)=3|děi(ㄉㄟˇ)=3,4,"2,3,5"
從,,,moe_dict,ambiguous_polyphone,zōng(ㄗㄨㄥ)=1|zòng(ㄗㄨㄥˋ)=4|cōng(ㄘㄨㄥ)=1|cóng(ㄘㄨㄥˊ)=2,4,"1,2,4"
心,xīn,1,moe_dict,verified,xīn(ㄒㄧㄣ)=1,1,1
必,bì,4,moe_dict,verified,bì(ㄅㄧˋ)=4,1,4
忙,máng,2,moe_dict,verified,máng(ㄇㄤˊ)=2,1,2
快,kuài,4,moe_dict,verified,kuài(ㄎㄨㄞˋ)=4,1,4
忽,hū,1,moe_dict,verified,hū(ㄏㄨ)=1,1,1
怎,,3,moe_dict,verified_tone_only,zě(ㄗㄜˇ)=3|zěn(ㄗㄣˇ)=3,2,3
急,jí,2,moe_dict,verified,jí(ㄐㄧˊ)=2,1,2
怪,guài,4,moe_dict,verified,guài(ㄍㄨㄞˋ)=4,1,4
恭,gōng,1,moe_dict,verified,gōng(ㄍㄨㄥ)=1,1,1
想,xiǎng,3,moe_dict,verified,xiǎng(ㄒㄧㄤˇ)=3,1,3
意,yì,4,moe_dict,verified,yì(ㄧˋ)=4,1,4
應,,,moe_dict,ambiguous_polyphone,yīng(ㄧㄥ)=1|yìng(ㄧㄥˋ)=4,2,"1,4"
成,chéng,2,moe_dict,verified,chéng(ㄔㄥˊ)=2,1,2
我,,3,moe_dict,verified_tone_only,ě(ㄜˇ)=3|wǒ(ㄨㄛˇ)=3,2,3
或,huò,4,moe_dict,verified,huò(ㄏㄨㄛˋ)=4,1,4
戶,hù,4,moe_dict,verified,hù(ㄏㄨˋ)=4,1,4
房,fáng,2,moe_dict,verified,fáng(ㄈㄤˊ)=2,1,2
所,suǒ,3,moe_dict,verified,suǒ(ㄙㄨㄛˇ)=3,1,3
手,shǒu,3,moe_dict,verified,shǒu(ㄕㄡˇ)=3,1,3
才,cái,2,moe_dict,verified,cái(ㄘㄞˊ)=2,1,2
打,,,moe_dict,ambiguous_polyphone,dǎ(ㄉㄚˇ)=3|dá(ㄉㄚˊ)=2,2,"2,3"
找,zhǎo,3,moe_dict,verified,zhǎo(ㄓㄠˇ)=3,1,3
把,,,moe_dict,ambiguous_polyphone,bǎ(ㄅㄚˇ)=3|bà(ㄅㄚˋ)=4|bǎi(ㄅㄞˇ)=3,3,"3,4"
招,,,moe_dict,ambiguous_polyphone,qiáo(ㄑㄧㄠˊ)=2|zhāo(ㄓㄠ)=1|sháo(ㄕㄠˊ)=2,3,"1,2"
拜,bài,4,moe_dict,verified,bài(ㄅㄞˋ)=4,1,4
掃,,,moe_dict,ambiguous_polyphone,sǎo(ㄙㄠˇ)=3|sào(ㄙㄠˋ)=4,2,"3,4"
搬,bān,1,moe_dict,verified,bān(ㄅㄢ)=1,1,1
據,jù,4,moe_dict,verified,jù(ㄐㄩˋ)=4,1,4
擺,bǎi,3,moe_dict,verified,bǎi(ㄅㄞˇ)=3,1,3
放,,,moe_dict,ambiguous_polyphone,fǎng(ㄈㄤˇ)=3|fàng(ㄈㄤˋ)=4,2,"3,4"
教,,,moe_dict,ambiguous_polyphone,jiāo(ㄐㄧㄠ)=1|jiào(ㄐㄧㄠˋ)=4,2,"1,4"
數,,,moe_dict,ambiguous_polyphone,shǔ(ㄕㄨˇ)=3|shù(ㄕㄨˋ)=4|shuò(ㄕㄨㄛˋ)=4|cù(ㄘㄨˋ)=4|sù(ㄙㄨˋ)=4,5,"3,4"
文,,,moe_dict,ambiguous_polyphone,wén(ㄨㄣˊ)=2|wèn(ㄨㄣˋ)=4,2,"2,4"
新,xīn,1,moe_dict,verified,xīn(ㄒㄧㄣ)=1,1,1
方,fāng,1,moe_dict,verified,fāng(ㄈㄤ)=1,1,1
旅,lǚ,3,moe_dict,verified,lǚ(ㄌㄩˇ)=3,1,3
日,,4,moe_dict,verified_tone_only,mì(ㄇㄧˋ)=4|rì(ㄖˋ)=4,2,4
早,zǎo,3,moe_dict,verified,zǎo(ㄗㄠˇ)=3,1,3
春,chūn,1,moe_dict,verified,chūn(ㄔㄨㄣ)=1,1,1
昨,zuó,2,moe_dict,verified,zuó(ㄗㄨㄛˊ)=2,1,2
是,shì,4,moe_dict,verified,shì(ㄕˋ)=4,1,4
時,shí,2,moe_dict,verified,shí(ㄕˊ)=2,1,2
晚,wǎn,3,moe_dict,verified,wǎn(ㄨㄢˇ)=3,1,3
曆,lì,4,moe_dict,verified,lì(ㄌㄧˋ)=4,1,4
最,zuì,4,moe_dict,verified,zuì(ㄗㄨㄟˋ)=4,1,4
會,,,moe_dict,ambiguous_polyphone,guì(ㄍㄨㄟˋ)=4|kuài(ㄎㄨㄞˋ)=4|huǐ(ㄏㄨㄟˇ)=3|huì(ㄏㄨㄟˋ)=4,4,"3,4"
月,yuè,4,moe_dict,verified,yuè(ㄩㄝˋ)=4,1,4
有,,,moe_dict,ambiguous_polyphone,yǒu(ㄧㄡˇ)=3|yòu(ㄧㄡˋ)=4,2,"3,4"
朋,péng,2,moe_dict,verified,péng(ㄆㄥˊ)=2,1,2
服,fú,2,moe_dict,verified,fú(ㄈㄨˊ)=2,1,2
期,,,moe_dict,ambiguous_polyphone,jī(ㄐㄧ)=1|qī(ㄑㄧ)=1|qí(ㄑㄧˊ)=2,3,"1,2"
本,běn,3,moe_dict,verified,běn(ㄅㄣˇ)=3,1,3
果,guǒ,3,moe_dict,verified,guǒ(ㄍㄨㄛˇ)=3,1,3
校,,4,moe_dict,verified_tone_only,jiào(ㄐㄧㄠˋ)=4|xiào(ㄒㄧㄠˋ)=4,2,4
桌,zhuō,1,moe_dict,verified,zhuō(ㄓㄨㄛ)=1,1,1
條,tiáo,2,moe_dict,verified,tiáo(ㄊㄧㄠˊ)=2,1,2
梳,shū,1,moe_dict,verified,shū(ㄕㄨ)=1,1,1
椅,,,moe_dict,ambiguous_polyphone,yī(ㄧ)=1|yǐ(ㄧˇ)=3,2,"1,3"
極,jí,2,moe_dict,verified,jí(ㄐㄧˊ)=2,1,2
概,gài,4,moe_dict,verified,gài(ㄍㄞˋ)=4,1,4
樣,,4,moe_dict,verified_tone_only,xiàng(ㄒㄧㄤˋ)=4|yàng(ㄧㄤˋ)=4,2,4
機,jī,1,moe_dict,verified,jī(ㄐㄧ)=1,1,1
次,,,moe_dict,ambiguous_polyphone,zī(ㄗ)=1|cì(ㄘˋ)=4,2,"1,4"
正,,,moe_dict,ambiguous_polyphone,zhēng(ㄓㄥ)=1|zhèng(ㄓㄥˋ)=4,2,"1,4"
母,mǔ,3,moe_dict,verified,mǔ(ㄇㄨˇ)=3,1,3
每,měi,3,moe_dict,verified,měi(ㄇㄟˇ)=3,1,3
比,,,moe_dict,ambiguous_polyphone,bǐ(ㄅㄧˇ)=3|bì(ㄅㄧˋ)=4|pí(ㄆㄧˊ)=2,3,"2,3,4"
氣,qì,4,moe_dict,verified,qì(ㄑㄧˋ)=4,1,4
水,shuǐ,3,moe_dict,verified,shuǐ(ㄕㄨㄟˇ)=3,1,3
沒,,,moe_dict,ambiguous_polyphone,mò(ㄇㄛˋ)=4|méi(ㄇㄟˊ)=2,2,"2,4"
洗,,3,moe_dict,verified_tone_only,xǐ(ㄒㄧˇ)=3|xiǎn(ㄒㄧㄢˇ)=3,2,3
淨,jìng,4,moe_dict,verified,jìng(ㄐㄧㄥˋ)=4,1,4
準,zhǔn,3,moe_dict,verified,zhǔn(ㄓㄨㄣˇ)=3,1,3
漂,,,moe_dict,ambiguous_polyphone,piāo(ㄆㄧㄠ)=1|piǎo(ㄆㄧㄠˇ)=3|piào(ㄆㄧㄠˋ)=4,3,"1,3,4"
澡,zǎo,3,moe_dict,verified,zǎo(ㄗㄠˇ)=3,1,3
炮,,,moe_dict,ambiguous_polyphone,bāo(ㄅㄠ)=1|páo(ㄆㄠˊ)=2|pào(ㄆㄠˋ)=4,3,"1,2,4"
為,,,moe_dict,ambiguous_polyphone,wéi(ㄨㄟˊ)=2|wèi(ㄨㄟˋ)=4,2,"2,4"
然,rán,2,moe_dict,verified,rán(ㄖㄢˊ)=2,1,2
煩,fán,2,moe_dict,verified,fán(ㄈㄢˊ)=2,1,2
熱,rè,4,moe_dict,verified,rè(ㄖㄜˋ)=4,1,4
燈,dēng,1,moe_dict,verified,dēng(ㄉㄥ)=1,1,1
父,,,moe_dict,ambiguous_polyphone,fǔ(ㄈㄨˇ)=3|fù(ㄈㄨˋ)=4,2,"3,4"
爸,bà,4,moe_dict,verified,bà(ㄅㄚˋ)=4,1,4
物,wù,4,moe_dict,verified,wù(ㄨˋ)=4,1,4
狗,gǒu,3,moe_dict,verified,gǒu(ㄍㄡˇ)=3,1,3
現,xiàn,4,moe_dict,verified,xiàn(ㄒㄧㄢˋ)=4,1,4
生,shēng,1,moe_dict,verified,shēng(ㄕㄥ)=1,1,1
用,yòng,4,moe_dict,verified,yòng(ㄩㄥˋ)=4,1,4
當,,,moe_dict,ambiguous_polyphone,dāng(ㄉㄤ)=1|dǎng(ㄉㄤˇ)=3|dàng(ㄉㄤˋ)=4,3,"1,3,4"
發,fā,1,moe_dict,verified,fā(ㄈㄚ)=1,1,1
的,,,moe_dict,ambiguous_polyphone,de(˙ㄉㄜ)=5|dí(ㄉㄧˊ)=2|dì(ㄉㄧˋ)=4,3,"2,4,5"
相,,,moe_dict,ambiguous_polyphone,xiāng(ㄒㄧㄤ)=1|xiàng(ㄒㄧㄤˋ)=4,2,"1,4"
看,,,moe_dict,ambiguous_polyphone,kān(ㄎㄢ)=1|kàn(ㄎㄢˋ)=4,2,"1,4"
眼,yǎn,3,moe_dict,verified,yǎn(ㄧㄢˇ)=3,1,3
睛,jīng,1,moe_dict,verified,jīng(ㄐㄧㄥ)=1,1,1
睜,zhēng,1,moe_dict,verified,zhēng(ㄓㄥ)=1,1,1
睡,shuì,4,moe_dict,verified,shuì(ㄕㄨㄟˋ)=4,1,4
知,,,moe_dict,ambiguous_polyphone,zhī(ㄓ)=1|zhì(ㄓˋ)=4,2,"1,4"
短,duǎn,3,moe_dict,verified,duǎn(ㄉㄨㄢˇ)=3,1,3
示,,,moe_dict,ambiguous_polyphone,qí(ㄑㄧˊ)=2|shì(ㄕˋ)=4,2,"2,4"
祝,zhù,4,moe_dict,verified,zhù(ㄓㄨˋ)=4,1,4
福,fú,2,moe_dict,verified,fú(ㄈㄨˊ)=2,1,2
空,,,moe_dict,ambiguous_polyphone,kōng(ㄎㄨㄥ)=1|kòng(ㄎㄨㄥˋ)=4,2,"1,4"
穿,chuān,1,moe_dict,verified,chuān(ㄔㄨㄢ)=1,1,1
窗,chuāng,1,moe_dict,verified,chuāng(ㄔㄨㄤ)=1,1,1
笑,xiào,4,moe_dict,verified,xiào(ㄒㄧㄠˋ)=4,1,4
等,děng,3,moe_dict,verified,děng(ㄉㄥˇ)=3,1,3
答,,,moe_dict,ambiguous_polyphone,dā(ㄉㄚ)=1|dá(ㄉㄚˊ)=2,2,"1,2"
算,suàn,4,moe_dict,verified,suàn(ㄙㄨㄢˋ)=4,1,4
節,jié,2,moe_dict,verified,jié(ㄐㄧㄝˊ)=2,1,2
簡,jiǎn,3,moe_dict,verified,jiǎn(ㄐㄧㄢˇ)=3,1,3
紅,,,moe_dict,ambiguous_polyphone,gōng(ㄍㄨㄥ)=1|hóng(ㄏㄨㄥˊ)=2,2,"1,2"
經,jīng,1,moe_dict,verified,jīng(ㄐㄧㄥ)=1,1,1
老,lǎo,3,moe_dict,verified,lǎo(ㄌㄠˇ)=3,1,3
而,ér,2,moe_dict,verified,ér(ㄦˊ)=2,1,2
聖,shèng,4,moe_dict,verified,shèng(ㄕㄥˋ)=4,1,4
聯,lián,2,moe_dict,verified,lián(ㄌㄧㄢˊ)=2,1,2
聲,shēng,1,moe_dict,verified,shēng(ㄕㄥ)=1,1,1
聽,,,moe_dict,ambiguous_polyphone,tīng(ㄊㄧㄥ)=1|tìng(ㄊㄧㄥˋ)=4,2,"1,4"
肯,,3,moe_dict,verified_tone_only,kěn(ㄎㄣˇ)=3|kěng(ㄎㄥˇ)=3,2,3
胖,,,moe_dict,ambiguous_polyphone,pán(ㄆㄢˊ)=2|pàng(ㄆㄤˋ)=4,2,"2,4"
胡,hú,2,moe_dict,verified,hú(ㄏㄨˊ)=2,1,2
脫,,,moe_dict,ambiguous_polyphone,tuō(ㄊㄨㄛ)=1|tuì(ㄊㄨㄟˋ)=4,2,"1,4"
臉,liǎn,3,moe_dict,verified,liǎn(ㄌㄧㄢˇ)=3,1,3
色,,,moe_dict,ambiguous_polyphone,shè(ㄕㄜˋ)=4|shǎi(ㄕㄞˇ)=3|sè(ㄙㄜˋ)=4,3,"3,4"
花,huā,1,moe_dict,verified,huā(ㄏㄨㄚ)=1,1,1
英,yīng,1,moe_dict,verified,yīng(ㄧㄥ)=1,1,1
萬,wàn,4,moe_dict,verified,wàn(ㄨㄢˋ)=4,1,4
著,,,moe_dict,ambiguous_polyphone,zhe(˙ㄓㄜ)=5|zhāo(ㄓㄠ)=1|zháo(ㄓㄠˊ)=2|zhù(ㄓㄨˋ)=4|zhuó(ㄓㄨㄛˊ)=2,5,"1,2,4,5"
行,,,moe_dict,ambiguous_polyphone,háng(ㄏㄤˊ)=2|hàng(ㄏㄤˋ)=4|xíng(ㄒㄧㄥˊ)=2|xìng(ㄒㄧㄥˋ)=4,4,"2,4"
衣,,,moe_dict,ambiguous_polyphone,yī(ㄧ)=1|yì(ㄧˋ)=4,2,"1,4"
表,biǎo,3,moe_dict,verified,biǎo(ㄅㄧㄠˇ)=3,1,3
裝,zhuāng,1,moe_dict,verified,zhuāng(ㄓㄨㄤ)=1,1,1
裡,lǐ,3,moe_dict,verified,lǐ(ㄌㄧˇ)=3,1,3
襪,wà,4,moe_dict,verified,wà(ㄨㄚˋ)=4,1,4
西,xī,1,moe_dict,verified,xī(ㄒㄧ)=1,1,1
要,,,moe_dict,ambiguous_polyphone,yāo(ㄧㄠ)=1|yào(ㄧㄠˋ)=4,2,"1,4"
親,,,moe_dict,ambiguous_polyphone,qīn(ㄑㄧㄣ)=1|qìng(ㄑㄧㄥˋ)=4,2,"1,4"
覺,,,moe_dict,ambiguous_polyphone,jiào(ㄐㄧㄠˋ)=4|jué(ㄐㄩㄝˊ)=2,2,"2,4"
討,tǎo,3,moe_dict,verified,tǎo(ㄊㄠˇ)=3,1,3
記,jì,4,moe_dict,verified,jì(ㄐㄧˋ)=4,1,4
話,huà,4,moe_dict,verified,huà(ㄏㄨㄚˋ)=4,1,4
誕,dàn,4,moe_dict,verified,dàn(ㄉㄢˋ)=4,1,4
語,,,moe_dict,ambiguous_polyphone,yǔ(ㄩˇ)=3|yù(ㄩˋ)=4,2,"3,4"
說,,,moe_dict,ambiguous_polyphone,shuō(ㄕㄨㄛ)=1|shuì(ㄕㄨㄟˋ)=4|yuè(ㄩㄝˋ)=4,3,"1,4"
課,kè,4,moe_dict,verified,kè(ㄎㄜˋ)=4,1,4
變,biàn,4,moe_dict,verified,biàn(ㄅㄧㄢˋ)=4,1,4
讓,ràng,4,moe_dict,verified,ràng(ㄖㄤˋ)=4,1,4
貓,māo,1,moe_dict,verified,māo(ㄇㄠ)=1,1,1
財,cái,2,moe_dict,verified,cái(ㄘㄞˊ)=2,1,2
貼,tiē,1,moe_dict,verified,tiē(ㄊㄧㄝ)=1,1,1
起,qǐ,3,moe_dict,verified,qǐ(ㄑㄧˇ)=3,1,3
趕,gǎn,3,moe_dict,verified,gǎn(ㄍㄢˇ)=3,1,3
跑,,,moe_dict,ambiguous_polyphone,pǎo(ㄆㄠˇ)=3|páo(ㄆㄠˊ)=2,2,"2,3"
跟,gēn,1,moe_dict,verified,gēn(ㄍㄣ)=1,1,1
身,,1,moe_dict,verified_tone_only,juān(ㄐㄩㄢ)=1|shēn(ㄕㄣ)=1,2,1
車,,1,moe_dict,verified_tone_only,jū(ㄐㄩ)=1|chē(ㄔㄜ)=1,2,1
較,,,moe_dict,ambiguous_polyphone,jiǎo(ㄐㄧㄠˇ)=3|jiào(ㄐㄧㄠˋ)=4|jué(ㄐㄩㄝˊ)=2,3,"2,3,4"
辦,bàn,4,moe_dict,verified,bàn(ㄅㄢˋ)=4,1,4
近,jìn,4,moe_dict,verified,jìn(ㄐㄧㄣˋ)=4,1,4
這,,4,moe_dict,verified_tone_only,zhè(ㄓㄜˋ)=4|zhèi(ㄓㄟˋ)=4,2,4
連,lián,2,moe_dict,verified,lián(ㄌㄧㄢˊ)=2,1,2
進,jìn,4,moe_dict,verified,jìn(ㄐㄧㄣˋ)=4,1,4
過,,,moe_dict,ambiguous_polyphone,guō(ㄍㄨㄛ)=1|guò(ㄍㄨㄛˋ)=4,2,"1,4"
道,dào,4,moe_dict,verified,dào(ㄉㄠˋ)=4,1,4
遲,,,moe_dict,ambiguous_polyphone,zhì(ㄓˋ)=4|chí(ㄔˊ)=2,2,"2,4"
還,,2,moe_dict,verified_tone_only,hái(ㄏㄞˊ)=2|huán(ㄏㄨㄢˊ)=2|xuán(ㄒㄩㄢˊ)=2,3,2
邊,biān,1,moe_dict,verified,biān(ㄅㄧㄢ)=1,1,1
那,,,moe_dict,ambiguous_polyphone,nā(ㄋㄚ)=1|nǎ(ㄋㄚˇ)=3|nà(ㄋㄚˋ)=4|něi(ㄋㄟˇ)=3|nèi(ㄋㄟˋ)=4|nuó(ㄋㄨㄛˊ)=2,6,"1,2,3,4"
都,,1,moe_dict,verified_tone_only,dōu(ㄉㄡ)=1|dū(ㄉㄨ)=1,2,1
醒,,,moe_dict,ambiguous_polyphone,xīng(ㄒㄧㄥ)=1|xǐng(ㄒㄧㄥˇ)=3,2,"1,3"
重,,,moe_dict,ambiguous_polyphone,zhòng(ㄓㄨㄥˋ)=4|chóng(ㄔㄨㄥˊ)=2,2,"2,4"
鈴,líng,2,moe_dict,verified,líng(ㄌㄧㄥˊ)=2,1,2
錢,,,moe_dict,ambiguous_polyphone,jiǎn(ㄐㄧㄢˇ)=3|qián(ㄑㄧㄢˊ)=2,2,"2,3"
鐘,zhōng,1,moe_dict,verified,zhōng(ㄓㄨㄥ)=1,1,1
門,mén,2,moe_dict,verified,mén(ㄇㄣˊ)=2,1,2
開,kāi,1,moe_dict,verified,kāi(ㄎㄞ)=1,1,1
間,,,moe_dict,ambiguous_polyphone,jiān(ㄐㄧㄢ)=1|jiàn(ㄐㄧㄢˋ)=4,2,"1,4"
除,chú,2,moe_dict,verified,chú(ㄔㄨˊ)=2,1,2
陰,,,moe_dict,ambiguous_polyphone,ān(ㄢ)=1|yīn(ㄧㄣ)=1|yìn(ㄧㄣˋ)=4,3,"1,4"
隻,zhī,1,moe_dict,verified,zhī(ㄓ)=1,1,1
靜,jìng,4,moe_dict,verified,jìng(ㄐㄧㄥˋ)=4,1,4
非,,,moe_dict,ambiguous_polyphone,fēi(ㄈㄟ)=1|fěi(ㄈㄟˇ)=3,2,"1,3"
面,miàn,4,moe_dict,verified,miàn(ㄇㄧㄢˋ)=4,1,4
鞭,biān,1,moe_dict,verified,biān(ㄅㄧㄢ)=1,1,1
音,,,moe_dict,ambiguous_polyphone,yīn(ㄧㄣ)=1|yìn(ㄧㄣˋ)=4,2,"1,4"
響,xiǎng,3,moe_dict,verified,xiǎng(ㄒㄧㄤˇ)=3,1,3
須,xū,1,moe_dict,verified,xū(ㄒㄩ)=1,1,1
頓,,,moe_dict,ambiguous_polyphone,dú(ㄉㄨˊ)=2|dùn(ㄉㄨㄣˋ)=4,2,"2,4"
頭,,,moe_dict,ambiguous_polyphone,tou(˙ㄊㄡ)=5|tóu(ㄊㄡˊ)=2,2,"2,5"
顏,yán,2,moe_dict,verified,yán(ㄧㄢˊ)=2,1,2
飯,fàn,4,moe_dict,verified,fàn(ㄈㄢˋ)=4,1,4
餐,cān,1,moe_dict,verified,cān(ㄘㄢ)=1,1,1
館,guǎn,3,moe_dict,verified,guǎn(ㄍㄨㄢˇ)=3,1,3
騎,,,moe_dict,ambiguous_polyphone,jì(ㄐㄧˋ)=4|qí(ㄑㄧˊ)=2,2,"2,4"
體,tǐ,3,moe_dict,verified,tǐ(ㄊㄧˇ)=3,1,3
高,gāo,1,moe_dict,verified,gāo(ㄍㄠ)=1,1,1
鬧,nào,4,moe_dict,verified,nào(ㄋㄠˋ)=4,1,4
鮮,,,moe_dict,ambiguous_polyphone,xiān(ㄒㄧㄢ)=1|xiǎn(ㄒㄧㄢˇ)=3,2,"1,3"
麻,má,2,moe_dict,verified,má(ㄇㄚˊ)=2,1,2
麼,,,moe_dict,ambiguous_polyphone,ma(˙ㄇㄚ)=5|me(˙ㄇㄜ)=5|má(ㄇㄚˊ)=2|mó(ㄇㄛˊ)=2,4,"2,5"
黑,,,moe_dict,ambiguous_polyphone,hè(ㄏㄜˋ)=4|hēi(ㄏㄟ)=1|hěi(ㄏㄟˇ)=3,3,"1,3,4"
點,diǎn,3,moe_dict,verified,diǎn(ㄉㄧㄢˇ)=3,1,3
