token_id,speaker_id,expected_tone,tone_correctness,trajectory_available,r2_score,decision
00200214_00,02002,3,1,1,0.361689,PASS
00200214_01,02002,1,1,1,0.481586,RETRY
00200214_03,02002,2,1,1,0.354817,PASS
00200214_04,02002,4,1,1,0.513793,RETRY
00200214_06,02002,4,1,1,0.457943,RETRY
00200214_07,02002,1,1,1,0.478868,RETRY
00200214_08,02002,1,1,1,0.464908,RETRY
00200217_01,02002,4,0,1,0.499169,RETRY
00200217_03,02002,2,1,1,0.399619,PASS
00200220_00,02002,3,1,1,0.580198,RETRY
00200220_01,02002,1,1,1,0.401356,RETRY
00200220_03,02002,1,0,1,0.478353,RETRY
00200220_05,02002,3,1,1,0.376613,PASS
00200220_06,02002,1,1,1,0.474197,RETRY
00200220_08,02002,3,1,1,0.520475,RETRY
00200220_13,02002,1,0,1,0.449416,RETRY
00200220_15,02002,2,1,1,0.272158,PASS
00200314_00,02003,3,1,1,0.416240,PASS
00200314_01,02003,1,1,1,0.434048,RETRY
00200314_03,02003,2,1,1,0.317199,PASS
00200314_04,02003,4,1,1,0.466367,RETRY
00200314_06,02003,4,1,1,0.472822,RETRY
00200314_07,02003,1,1,1,0.453587,RETRY
00200314_08,02003,1,1,1,0.366446,RETRY
00200317_01,02003,4,1,1,0.482786,RETRY
00200317_03,02003,2,0,1,0.403144,PASS
00200320_00,02003,3,1,1,0.562450,RETRY
00200320_01,02003,1,1,1,0.431259,RETRY
00200320_03,02003,1,1,1,0.453219,RETRY
00200320_05,02003,3,1,1,0.370757,PASS
00200320_06,02003,1,1,1,0.464615,RETRY
00200320_08,02003,3,1,1,0.654399,RETRY
00200320_13,02003,1,1,1,0.441741,RETRY
00200320_15,02003,2,1,1,0.182287,PASS
00200514_00,02005,3,0,1,0.492809,RETRY
00200514_01,02005,1,0,1,0.990222,RETRY
00200514_03,02005,2,0,1,0.545221,RETRY
00200514_04,02005,4,1,1,0.515998,RETRY
00200514_06,02005,4,1,1,0.406330,PASS
00200514_07,02005,1,1,1,0.485575,RETRY
00200514_08,02005,1,1,1,0.485196,RETRY
00200517_01,02005,4,1,1,0.513229,RETRY
00200517_03,02005,2,0,1,0.469068,RETRY
00200520_00,02005,3,1,1,0.531949,RETRY
00200520_01,02005,1,1,1,0.520236,RETRY
00200520_03,02005,1,1,1,0.479991,RETRY
00200520_05,02005,3,0,1,0.564064,RETRY
00200520_06,02005,1,1,1,0.486623,RETRY
00200520_08,02005,3,0,1,0.493068,RETRY
00200520_13,02005,1,1,0,0.488957,RETRY
00200520_15,02005,2,1,1,0.061947,PASS
00200614_00,02006,3,0,1,0.513119,RETRY
00200614_01,02006,1,0,1,0.527116,RETRY
00200614_03,02006,2,1,1,0.950118,RETRY
00200614_04,02006,4,1,1,0.515445,RETRY
00200614_06,02006,4,1,1,0.497723,RETRY
00200614_07,02006,1,0,1,0.500503,RETRY
00200614_08,02006,1,1,0,0.475238,RETRY
00200617_01,02006,4,1,1,0.549050,RETRY
00200617_03,02006,2,0,0,0.545967,RETRY
00200620_00,02006,3,1,1,0.518054,RETRY
00200620_01,02006,1,0,1,0.579750,RETRY
00200620_03,02006,1,1,1,0.459872,RETRY
00200620_05,02006,3,0,1,0.302322,PASS
00200620_06,02006,1,0,1,0.473452,RETRY
00200620_08,02006,3,0,1,0.676318,RETRY
00200620_13,02006,1,1,1,0.472286,RETRY
00200620_15,02006,2,0,1,0.552684,RETRY
00200714_00,02007,3,1,1,0.411252,PASS
00200714_01,02007,1,1,1,0.470839,RETRY
00200714_03,02007,2,1,1,0.582832,RETRY
00200714_04,02007,4,1,1,0.500465,RETRY
00200714_06,02007,4,1,1,0.473786,RETRY
00200714_07,02007,1,1,1,0.456736,RETRY
00200714_08,02007,1,1,0,0.481675,RETRY
00200717_01,02007,4,1,1,0.513355,RETRY
00200717_03,02007,2,1,1,0.461485,RETRY
00200720_00,02007,3,1,1,0.548798,RETRY
00200720_01,02007,1,1,1,0.388196,RETRY
00200720_03,02007,1,0,1,0.472516,RETRY
00200720_05,02007,3,1,1,0.537723,RETRY
00200720_06,02007,1,1,1,0.477491,RETRY
00200720_08,02007,3,1,1,0.084370,PASS
00200720_13,02007,1,1,1,0.474963,RETRY
00200720_15,02007,2,1,1,0.125048,PASS
00200914_00,02009,3,1,1,0.527076,RETRY
00200914_01,02009,1,1,1,0.447217,RETRY
00200914_03,02009,2,1,1,0.489436,RETRY
00200914_04,02009,4,1,1,0.454935,RETRY
00200914_06,02009,4,1,1,0.526331,RETRY
00200914_07,02009,1,1,1,0.373977,RETRY
00200914_08,02009,1,1,1,0.494299,RETRY
00200917_01,02009,4,1,0,0.515140,RETRY
00200917_03,02009,2,1,1,0.529409,RETRY
00200920_00,02009,3,1,1,0.608227,RETRY
00200920_01,02009,1,1,1,0.422765,RETRY
00200920_03,02009,1,1,1,0.444050,RETRY
00200920_05,02009,3,1,1,0.553095,RETRY
00200920_06,02009,1,1,1,0.949512,RETRY
00200920_08,02009,3,1,1,0.718500,RETRY
00200920_13,02009,1,1,1,0.426524,RETRY
00200920_15,02009,2,1,1,0.121848,PASS
00201014_00,02010,3,1,1,0.098367,PASS
00201014_01,02010,1,1,1,0.481766,RETRY
00201014_03,02010,2,1,1,0.438663,RETRY
00201014_04,02010,4,1,1,0.517994,RETRY
00201014_06,02010,4,1,1,0.536154,RETRY
00201014_07,02010,1,1,1,0.480519,RETRY
00201014_08,02010,1,0,1,0.478701,RETRY
00201017_01,02010,4,1,1,0.503735,RETRY
00201017_03,02010,2,1,1,0.304777,PASS
00201020_00,02010,3,1,1,0.527311,RETRY
00201020_01,02010,1,1,1,0.460956,RETRY
00201020_03,02010,1,1,1,0.487357,RETRY
00201020_05,02010,3,1,1,0.999781,RETRY
00201020_06,02010,1,1,1,0.463001,RETRY
00201020_08,02010,3,1,1,0.609794,RETRY
00201020_13,02010,1,1,1,0.476047,RETRY
00201020_15,02010,2,1,1,0.346941,PASS
00201114_00,02011,3,1,1,0.159959,PASS
00201114_01,02011,1,1,1,0.468252,RETRY
00201114_03,02011,2,1,1,0.543356,RETRY
00201114_04,02011,4,1,1,0.499117,RETRY
00201114_06,02011,4,1,1,0.451455,RETRY
00201114_07,02011,1,1,1,0.480764,RETRY
00201114_08,02011,1,1,0,0.475238,RETRY
00201117_01,02011,4,0,1,0.461882,RETRY
00201117_03,02011,2,1,1,0.413377,PASS
00201120_00,02011,3,1,1,0.550800,RETRY
00201120_01,02011,1,1,1,0.538758,RETRY
00201120_03,02011,1,1,1,0.485003,RETRY
00201120_05,02011,3,1,1,0.451704,RETRY
00201120_06,02011,1,1,1,0.414647,RETRY
00201120_08,02011,3,1,1,0.013899,PASS
00201120_13,02011,1,1,1,0.461312,RETRY
00201120_15,02011,2,1,1,0.403664,PASS
00201214_00,02012,3,1,1,0.433851,RETRY
00201214_01,02012,1,1,1,0.474541,RETRY
00201214_03,02012,2,1,1,0.546224,RETRY
00201214_04,02012,4,1,1,0.505790,RETRY
00201214_06,02012,4,1,1,0.523202,RETRY
00201214_07,02012,1,1,1,0.471498,RETRY
00201214_08,02012,1,1,1,0.468267,RETRY
00201217_01,02012,4,1,1,0.526698,RETRY
00201217_03,02012,2,1,1,0.390720,PASS
00201220_00,02012,3,1,1,0.534941,RETRY
00201220_01,02012,1,1,1,0.483898,RETRY
00201220_03,02012,1,1,1,0.478615,RETRY
00201220_05,02012,3,1,1,0.579092,RETRY
00201220_06,02012,1,1,1,0.475417,RETRY
00201220_08,02012,3,1,1,0.293244,PASS
00201220_13,02012,1,1,1,0.471106,RETRY
00201220_15,02012,2,1,1,0.284250,PASS
00201314_00,02013,3,1,1,0.463411,RETRY
00201314_01,02013,1,0,1,0.402895,RETRY
00201314_03,02013,2,1,1,0.441658,RETRY
00201314_04,02013,4,1,1,0.552701,RETRY
00201314_06,02013,4,1,1,0.493706,RETRY
00201314_07,02013,1,1,1,0.455214,RETRY
00201314_08,02013,1,0,1,0.449257,RETRY
00201317_01,02013,4,1,1,0.495551,RETRY
00201317_03,02013,2,1,1,0.354690,PASS
00201320_00,02013,3,1,1,0.590415,RETRY
00201320_01,02013,1,0,1,0.451950,RETRY
00201320_03,02013,1,0,1,0.463123,RETRY
00201320_05,02013,3,0,1,0.356452,PASS
00201320_06,02013,1,0,1,0.401562,RETRY
00201320_08,02013,3,1,1,0.084633,PASS
00201320_13,02013,1,0,1,0.449429,RETRY
00201320_15,02013,2,1,1,0.304299,PASS
00201614_00,02016,3,1,1,0.403617,PASS
00201614_01,02016,1,1,1,0.477282,RETRY
00201614_03,02016,2,1,1,0.383842,PASS
00201614_04,02016,4,1,1,0.531142,RETRY
00201614_06,02016,4,1,1,0.499273,RETRY
00201614_07,02016,1,1,1,0.484419,RETRY
00201614_08,02016,1,0,1,0.518141,RETRY
00201617_01,02016,4,1,1,0.534657,RETRY
00201617_03,02016,2,1,1,0.400902,PASS
00201620_00,02016,3,1,1,0.548069,RETRY
00201620_01,02016,1,1,1,0.496569,RETRY
00201620_03,02016,1,1,1,0.478426,RETRY
00201620_05,02016,3,1,1,0.042624,PASS
00201620_06,02016,1,0,1,0.519177,RETRY
00201620_08,02016,3,1,1,0.645141,RETRY
00201620_13,02016,1,1,1,0.475935,RETRY
00201620_15,02016,2,1,1,0.025798,PASS
00201814_00,02018,3,0,1,0.507557,RETRY
00201814_01,02018,1,0,1,0.964066,RETRY
00201814_03,02018,2,1,1,0.362867,PASS
00201814_04,02018,4,1,1,0.479436,RETRY
00201814_06,02018,4,1,1,0.436577,RETRY
00201814_07,02018,1,1,1,0.466529,RETRY
00201814_08,02018,1,1,1,0.505330,RETRY
00201817_01,02018,4,0,1,0.475539,RETRY
00201817_03,02018,2,1,1,0.281818,PASS
00201820_00,02018,3,1,1,0.494190,RETRY
00201820_01,02018,1,1,1,0.468159,RETRY
00201820_03,02018,1,0,1,0.488841,RETRY
00201820_05,02018,3,0,1,0.517169,RETRY
00201820_06,02018,1,0,1,0.505436,RETRY
00201820_08,02018,3,1,1,0.339962,PASS
00201820_13,02018,1,1,1,0.467387,RETRY
00201820_15,02018,2,1,1,0.527741,RETRY
00201914_00,02019,3,0,1,0.565607,RETRY
00201914_01,02019,1,0,1,0.491899,RETRY
00201914_03,02019,2,1,1,0.638519,RETRY
00201914_04,02019,4,1,1,0.486762,RETRY
00201914_06,02019,4,1,1,0.486200,RETRY
00201914_07,02019,1,1,1,0.480778,RETRY
00201914_08,02019,1,1,1,0.466509,RETRY
00201917_01,02019,4,1,1,0.473474,RETRY
00201917_03,02019,2,0,1,0.477310,RETRY
00201920_00,02019,3,0,1,0.597220,RETRY
00201920_01,02019,1,1,1,0.541178,RETRY
00201920_03,02019,1,1,1,0.458370,RETRY
00201920_05,02019,3,1,1,0.617179,RETRY
00201920_06,02019,1,0,1,0.489837,RETRY
00201920_08,02019,3,1,1,0.642919,RETRY
00201920_13,02019,1,1,1,0.456319,RETRY
00201920_15,02019,2,0,1,0.426995,RETRY
00202014_00,02020,3,1,1,0.510091,RETRY
00202014_01,02020,1,1,1,0.431722,RETRY
00202014_03,02020,2,1,1,0.455358,RETRY
00202014_04,02020,4,1,1,0.490924,RETRY
00202014_06,02020,4,1,1,0.395784,PASS
00202014_07,02020,1,1,1,0.447923,RETRY
00202014_08,02020,1,1,1,0.495387,RETRY
00202017_01,02020,4,1,1,0.474639,RETRY
00202017_03,02020,2,1,1,0.294457,PASS
00202020_00,02020,3,1,1,0.561163,RETRY
00202020_01,02020,1,1,1,0.399485,RETRY
00202020_03,02020,1,0,1,0.447447,RETRY
00202020_05,02020,3,1,1,0.468444,RETRY
00202020_06,02020,1,1,1,0.417358,RETRY
00202020_08,02020,3,1,1,0.384448,PASS
00202020_13,02020,1,1,1,0.442048,RETRY
00202020_15,02020,2,1,1,0.437579,RETRY
00202114_00,02021,3,1,1,0.359412,PASS
00202114_01,02021,1,1,1,0.476323,RETRY
00202114_03,02021,2,0,1,0.727078,RETRY
00202114_04,02021,4,1,1,0.548231,RETRY
00202114_06,02021,4,1,1,0.524761,RETRY
00202114_07,02021,1,0,1,0.482512,RETRY
00202114_08,02021,1,0,1,0.476640,RETRY
00202117_01,02021,4,1,1,0.518142,RETRY
00202117_03,02021,2,0,1,0.551386,RETRY
00202120_00,02021,3,1,1,0.537862,RETRY
00202120_01,02021,1,1,1,0.410018,RETRY
00202120_03,02021,1,1,1,0.478405,RETRY
00202120_05,02021,3,1,1,0.420371,PASS
00202120_06,02021,1,0,1,0.906468,RETRY
00202120_08,02021,3,0,1,0.500476,RETRY
00202120_13,02021,1,0,1,0.477371,RETRY
00202120_15,02021,2,1,1,0.264838,PASS
00202214_00,02022,3,1,1,0.505310,RETRY
00202214_01,02022,1,1,1,0.503471,RETRY
00202214_03,02022,2,1,1,0.509693,RETRY
00202214_04,02022,4,1,1,0.549909,RETRY
00202214_06,02022,4,1,1,0.010985,PASS
00202214_07,02022,1,1,1,0.258970,RETRY
00202214_08,02022,1,1,1,0.463349,RETRY
00202217_01,02022,4,1,1,0.517298,RETRY
00202217_03,02022,2,1,1,0.501551,RETRY
00202220_00,02022,3,1,1,0.540608,RETRY
00202220_01,02022,1,1,1,0.450765,RETRY
00202220_03,02022,1,1,1,0.452521,RETRY
00202220_05,02022,3,1,1,0.549938,RETRY
00202220_06,02022,1,1,1,0.479588,RETRY
00202220_08,02022,3,1,1,0.453043,RETRY
00202220_13,02022,1,1,1,0.508040,RETRY
00202220_15,02022,2,1,1,0.016201,PASS
00202401_01,02024,2,1,1,0.538166,RETRY
00202401_03,02024,4,1,1,0.458714,RETRY
00202401_05,02024,1,1,1,0.455407,RETRY
00202401_06,02024,2,1,1,0.410706,PASS
00202401_07,02024,4,1,1,0.396664,PASS
00202401_09,02024,1,1,1,0.434209,RETRY
00202401_10,02024,2,1,1,0.504149,RETRY
00202407_02,02024,4,1,1,0.457465,RETRY
00202407_03,02024,2,1,0,0.493587,RETRY
00202407_04,02024,4,1,0,0.510496,RETRY
00202407_05,02024,4,1,1,0.382524,PASS
00202407_06,02024,1,1,1,0.463375,RETRY
00202407_07,02024,1,1,1,0.515233,RETRY
00202408_00,02024,2,1,1,0.482391,RETRY
00202408_02,02024,4,1,1,0.421301,PASS
00202408_04,02024,3,1,1,0.002786,PASS
00202408_05,02024,4,1,1,0.383005,PASS
00202408_07,02024,2,1,1,0.507442,RETRY
00202409_03,02024,1,1,1,0.453708,RETRY
00202409_10,02024,4,1,1,0.387320,PASS
00202409_11,02024,4,1,1,0.524936,RETRY
00202411_01,02024,1,1,1,0.461566,RETRY
00202411_06,02024,2,1,1,0.486830,RETRY
00202411_07,02024,4,1,1,0.407311,PASS
00202411_08,02024,3,1,1,0.346553,PASS
00202411_10,02024,2,1,1,0.502429,RETRY
00202411_11,02024,4,1,1,0.266035,PASS
00202413_02,02024,4,1,1,0.501202,RETRY
00202413_03,02024,4,1,1,0.494824,RETRY
00202413_06,02024,1,1,1,0.463417,RETRY
00202413_08,02024,2,1,1,0.362353,PASS
00202413_09,02024,4,1,1,0.450596,RETRY
00202413_10,02024,4,1,1,0.326944,PASS
00202418_01,02024,4,1,1,0.509004,RETRY
00202418_02,02024,1,1,1,0.435704,RETRY
00202418_03,02024,1,1,1,0.460679,RETRY
00202418_04,02024,2,1,1,0.385494,PASS
00202418_06,02024,1,1,1,0.472475,RETRY
00202418_08,02024,1,1,1,0.469733,RETRY
00202418_10,02024,2,1,1,0.510804,RETRY
00202420_00,02024,4,1,1,0.476076,RETRY
00202420_03,02024,1,1,1,0.466488,RETRY
00202420_05,02024,4,1,1,0.490431,RETRY
00202420_06,02024,2,1,0,0.493587,RETRY
00202420_08,02024,4,1,1,0.425095,RETRY
00202424_01,02024,4,1,1,0.272175,PASS
00202424_03,02024,1,1,1,0.450114,RETRY
00202424_04,02024,2,1,1,0.551285,RETRY
00202426_00,02024,4,1,1,0.411216,PASS
00202426_02,02024,2,1,1,0.526882,RETRY
00202426_03,02024,4,1,1,0.483489,RETRY
00202426_04,02024,4,1,1,0.351067,PASS
00202426_05,02024,1,1,1,0.451730,RETRY
00202426_06,02024,4,1,1,0.185668,PASS
00202426_07,02024,1,1,1,0.459555,RETRY
00202426_08,02024,3,1,1,0.964455,RETRY
00202426_09,02024,3,1,1,0.337501,PASS
00202426_10,02024,4,1,0,0.510496,RETRY
00202428_00,02024,4,1,1,0.419223,PASS
00202428_01,02024,2,1,1,0.403128,PASS
00202428_02,02024,4,1,1,0.359513,PASS
00202428_03,02024,2,1,1,0.491185,RETRY
00202428_04,02024,3,1,1,0.478954,RETRY
00202428_05,02024,4,1,1,0.326607,PASS
00202428_07,02024,3,1,1,0.651044,RETRY
00202429_02,02024,4,1,1,0.295547,PASS
00202429_03,02024,3,1,1,0.352616,PASS
00202429_04,02024,1,1,1,0.476023,RETRY
00202429_05,02024,1,1,1,0.472411,RETRY
00202429_07,02024,2,1,1,0.484988,RETRY
00202429_08,02024,3,1,1,0.303727,PASS
00202429_10,02024,4,1,1,0.423015,RETRY
00202801_01,02028,2,1,1,0.472132,RETRY
00202801_03,02028,4,0,1,0.498391,RETRY
00202801_05,02028,1,1,1,0.475716,RETRY
00202801_06,02028,2,1,1,0.324028,PASS
00202801_07,02028,4,1,1,0.354718,PASS
00202801_09,02028,1,0,1,0.525149,RETRY
00202801_10,02028,2,1,1,0.486891,RETRY
00202807_02,02028,4,0,1,0.435189,RETRY
00202807_03,02028,2,0,1,0.492915,RETRY
00202807_04,02028,4,0,1,0.523904,RETRY
00202807_05,02028,4,0,1,0.514471,RETRY
00202807_06,02028,1,1,1,0.476287,RETRY
00202807_07,02028,1,0,1,0.708593,RETRY
00202808_00,02028,2,1,1,0.535871,RETRY
00202808_02,02028,4,1,1,0.449618,RETRY
00202808_04,02028,3,0,1,0.601714,RETRY
00202808_05,02028,4,1,1,0.424092,RETRY
00202808_07,02028,2,1,1,0.409869,PASS
00202809_03,02028,1,1,1,0.458666,RETRY
00202809_10,02028,4,1,1,0.595374,RETRY
00202809_11,02028,4,1,1,0.422850,RETRY
00202811_01,02028,1,1,1,0.481806,RETRY
00202811_06,02028,2,0,1,0.468319,RETRY
00202811_07,02028,4,1,1,0.499876,RETRY
00202811_08,02028,3,1,1,0.370040,PASS
00202811_10,02028,2,0,1,0.478130,RETRY
00202811_11,02028,4,0,1,0.613407,RETRY
00202813_02,02028,4,0,1,0.522903,RETRY
00202813_03,02028,4,0,1,0.495997,RETRY
00202813_06,02028,1,1,0,0.481675,RETRY
00202813_08,02028,2,0,1,0.648732,RETRY
00202813_09,02028,4,0,1,0.504814,RETRY
00202813_10,02028,4,1,1,0.386660,PASS
00202818_01,02028,4,1,1,0.515262,RETRY
00202818_02,02028,1,1,1,0.484152,RETRY
00202818_03,02028,1,1,1,0.470231,RETRY
00202818_04,02028,2,1,1,0.559894,RETRY
00202818_06,02028,1,1,1,0.459093,RETRY
00202818_08,02028,1,1,1,0.471846,RETRY
00202818_10,02028,2,1,1,0.465240,RETRY
00202820_00,02028,4,1,1,0.507324,RETRY
00202820_03,02028,1,1,1,0.471611,RETRY
00202820_05,02028,4,1,0,0.499261,RETRY
00202820_06,02028,2,0,0,0.478087,RETRY
00202820_08,02028,4,1,1,0.480087,RETRY
00202824_01,02028,4,0,1,0.582848,RETRY
00202824_03,02028,1,1,1,0.480289,RETRY
00202824_04,02028,2,1,1,0.507868,RETRY
00202826_00,02028,4,1,1,0.462893,RETRY
00202826_02,02028,2,1,1,0.704380,RETRY
00202826_03,02028,4,0,1,0.519234,RETRY
00202826_04,02028,4,1,1,0.322270,PASS
00202826_05,02028,1,1,1,0.495523,RETRY
00202826_06,02028,4,1,1,0.484785,RETRY
00202826_07,02028,1,1,1,0.500022,RETRY
00202826_08,02028,3,1,1,0.541658,RETRY
00202826_09,02028,3,1,1,0.556941,RETRY
00202826_10,02028,4,1,1,0.406709,PASS
00202828_00,02028,4,1,1,0.487102,RETRY
00202828_01,02028,2,1,1,0.593555,RETRY
00202828_02,02028,4,0,1,0.484024,RETRY
00202828_03,02028,2,1,1,0.479216,RETRY
00202828_04,02028,3,1,1,0.493783,RETRY
00202828_05,02028,4,1,1,0.302884,PASS
00202828_07,02028,3,1,1,0.540609,RETRY
00202829_02,02028,4,1,1,0.521487,RETRY
00202829_03,02028,3,1,1,0.525103,RETRY
00202829_04,02028,1,1,1,0.413409,RETRY
00202829_05,02028,1,1,1,0.482791,RETRY
00202829_07,02028,2,0,1,0.409890,PASS
00202829_08,02028,3,1,1,0.413022,PASS
00202829_10,02028,4,1,1,0.477942,RETRY
00202901_01,02029,2,1,1,0.464784,RETRY
00202901_03,02029,4,1,1,0.481917,RETRY
00202901_05,02029,1,1,1,0.496023,RETRY
00202901_06,02029,2,1,1,0.365056,PASS
00202901_07,02029,4,1,1,0.461287,RETRY
00202901_09,02029,1,0,1,0.433574,RETRY
00202901_10,02029,2,1,1,0.474931,RETRY
00202907_02,02029,4,1,1,0.449461,RETRY
00202907_03,02029,2,1,1,0.485567,RETRY
00202907_04,02029,4,1,1,0.462428,RETRY
00202907_05,02029,4,1,1,0.456425,RETRY
00202907_06,02029,1,1,1,0.474587,RETRY
00202907_07,02029,1,1,1,0.440593,RETRY
00202908_00,02029,2,1,1,0.493852,RETRY
00202908_02,02029,4,1,1,0.522320,RETRY
00202908_04,02029,3,1,1,0.495595,RETRY
00202908_05,02029,4,1,1,0.318061,PASS
00202908_07,02029,2,1,1,0.394129,PASS
00202909_03,02029,1,0,1,0.471032,RETRY
00202909_10,02029,4,1,1,0.457045,RETRY
00202909_11,02029,4,1,1,0.316213,PASS
00202911_01,02029,1,1,1,0.440098,RETRY
00202911_06,02029,2,1,0,0.477091,RETRY
00202911_07,02029,4,1,1,0.481349,RETRY
00202911_08,02029,3,1,1,0.520037,RETRY
00202911_10,02029,2,1,1,0.480218,RETRY
00202911_11,02029,4,1,1,0.370045,PASS
00202913_02,02029,4,1,1,0.561749,RETRY
00202913_03,02029,4,1,1,0.509459,RETRY
00202913_06,02029,1,1,1,0.453050,RETRY
00202913_08,02029,2,1,1,0.239883,PASS
00202913_09,02029,4,1,1,0.493252,RETRY
00202913_10,02029,4,1,1,0.068993,PASS
00202918_01,02029,4,1,1,0.522003,RETRY
00202918_02,02029,1,1,1,0.449577,RETRY
00202918_03,02029,1,1,1,0.438315,RETRY
00202918_04,02029,2,1,1,0.536001,RETRY
00202918_06,02029,1,1,1,0.433978,RETRY
00202918_08,02029,1,1,1,0.445104,RETRY
00202918_10,02029,2,1,1,0.516258,RETRY
00202920_00,02029,4,1,1,0.527525,RETRY
00202920_03,02029,1,1,1,0.450399,RETRY
00202920_05,02029,4,1,1,0.472920,RETRY
00202920_06,02029,2,1,1,0.482355,RETRY
00202920_08,02029,4,1,1,0.469130,RETRY
00202924_01,02029,4,1,1,0.169070,PASS
00202924_03,02029,1,1,1,0.429800,RETRY
00202924_04,02029,2,1,1,0.492194,RETRY
00202926_00,02029,4,1,1,0.518790,RETRY
00202926_02,02029,2,1,1,0.525996,RETRY
00202926_03,02029,4,1,1,0.420829,PASS
00202926_04,02029,4,1,1,0.002701,PASS
00202926_05,02029,1,1,1,0.433004,RETRY
00202926_06,02029,4,1,1,0.328981,PASS
00202926_07,02029,1,1,1,0.396317,RETRY
00202926_08,02029,3,1,1,0.580826,RETRY
00202926_09,02029,3,1,1,0.481979,RETRY
00202926_10,02029,4,1,1,0.517219,RETRY
00202928_00,02029,4,1,1,0.517519,RETRY
00202928_01,02029,2,1,1,0.392957,PASS
00202928_02,02029,4,1,1,0.179878,PASS
00202928_03,02029,2,1,1,0.383404,PASS
00202928_04,02029,3,1,1,0.591954,RETRY
00202928_05,02029,4,1,1,0.318031,PASS
00202928_07,02029,3,1,1,0.567203,RETRY
00202929_02,02029,4,1,1,0.400842,PASS
00202929_03,02029,3,1,1,0.446911,RETRY
00202929_04,02029,1,1,1,0.503309,RETRY
00202929_05,02029,1,1,1,0.451832,RETRY
00202929_07,02029,2,1,1,0.260157,PASS
00202929_08,02029,3,1,1,0.229820,PASS
00202929_10,02029,4,1,1,0.489346,RETRY
00203001_01,02030,2,1,1,0.520825,RETRY
00203001_03,02030,4,1,1,0.503181,RETRY
00203001_05,02030,1,1,1,0.529922,RETRY
00203001_06,02030,2,1,1,0.503916,RETRY
00203001_07,02030,4,1,1,0.362628,PASS
00203001_09,02030,1,1,1,0.520683,RETRY
00203001_10,02030,2,1,1,0.476798,RETRY
00203007_02,02030,4,1,1,0.517027,RETRY
00203007_03,02030,2,1,1,0.509524,RETRY
00203007_04,02030,4,1,1,0.449725,RETRY
00203007_05,02030,4,0,1,0.533374,RETRY
00203007_06,02030,1,1,1,0.472093,RETRY
00203007_07,02030,1,1,1,0.599474,RETRY
00203008_00,02030,2,1,1,0.450626,RETRY
00203008_02,02030,4,0,1,0.377400,PASS
00203008_04,02030,3,0,1,0.625519,RETRY
00203008_05,02030,4,0,1,0.513234,RETRY
00203008_07,02030,2,1,1,0.421816,PASS
00203009_03,02030,1,0,1,0.477936,RETRY
00203009_10,02030,4,0,1,0.568527,RETRY
00203009_11,02030,4,0,1,0.233917,PASS
00203011_01,02030,1,1,1,0.478323,RETRY
00203011_06,02030,2,0,1,0.479064,RETRY
00203011_07,02030,4,1,0,0.517044,RETRY
00203011_08,02030,3,1,1,0.610059,RETRY
00203011_10,02030,2,0,1,0.496961,RETRY
00203011_11,02030,4,0,1,0.590814,RETRY
00203013_02,02030,4,1,1,0.505349,RETRY
00203013_03,02030,4,1,1,0.482393,RETRY
00203013_06,02030,1,1,0,0.488957,RETRY
00203013_08,02030,2,1,1,0.474029,RETRY
00203013_09,02030,4,0,1,0.586327,RETRY
00203013_10,02030,4,1,1,0.111982,PASS
00203018_01,02030,4,1,1,0.241249,PASS
00203018_02,02030,1,1,1,0.477145,RETRY
00203018_03,02030,1,1,1,0.472879,RETRY
00203018_04,02030,2,1,1,0.000690,PASS
00203018_06,02030,1,1,1,0.478010,RETRY
00203018_08,02030,1,1,1,0.481546,RETRY
00203018_10,02030,2,0,1,0.481115,RETRY
00203020_00,02030,4,1,1,0.553525,RETRY
00203020_03,02030,1,1,0,0.488957,RETRY
00203020_05,02030,4,0,1,0.539870,RETRY
00203020_06,02030,2,0,1,0.492264,RETRY
00203020_08,02030,4,1,1,0.443574,RETRY
00203024_01,02030,4,1,1,0.574797,RETRY
00203024_03,02030,1,1,1,0.509925,RETRY
00203024_04,02030,2,1,1,0.628230,RETRY
00203026_00,02030,4,1,1,0.550626,RETRY
00203026_02,02030,2,1,1,0.426406,RETRY
00203026_03,02030,4,0,1,0.447510,RETRY
00203026_04,02030,4,1,1,0.349743,PASS
00203026_05,02030,1,1,1,0.492528,RETRY
00203026_06,02030,4,1,1,0.515011,RETRY
00203026_07,02030,1,1,1,0.560656,RETRY
00203026_08,02030,3,1,1,0.473230,RETRY
00203026_09,02030,3,1,1,0.598171,RETRY
00203026_10,02030,4,1,1,0.465328,RETRY
00203028_00,02030,4,1,1,0.340288,PASS
00203028_01,02030,2,1,1,0.270468,PASS
00203028_02,02030,4,1,1,0.227381,PASS
00203028_03,02030,2,1,1,0.439101,RETRY
00203028_04,02030,3,1,1,0.408448,PASS
00203028_05,02030,4,1,1,0.612677,RETRY
00203028_07,02030,3,0,1,0.452545,RETRY
00203029_02,02030,4,1,1,0.510110,RETRY
00203029_03,02030,3,1,1,0.895755,RETRY
00203029_04,02030,1,1,1,0.476301,RETRY
00203029_05,02030,1,1,0,0.488957,RETRY
00203029_07,02030,2,1,1,0.503952,RETRY
00203029_08,02030,3,1,1,0.478219,RETRY
00203029_10,02030,4,1,1,0.561439,RETRY
00203101_01,02031,2,1,0,0.545967,RETRY
00203101_03,02031,4,1,1,0.551755,RETRY
00203101_05,02031,1,1,1,0.479192,RETRY
00203101_06,02031,2,1,1,0.448724,RETRY
00203101_07,02031,4,1,1,0.518612,RETRY
00203101_09,02031,1,1,1,0.476244,RETRY
00203101_10,02031,2,1,1,0.550283,RETRY
00203107_02,02031,4,1,0,0.525831,RETRY
00203107_03,02031,2,1,1,0.567774,RETRY
00203107_04,02031,4,1,1,0.597615,RETRY
00203107_05,02031,4,1,1,0.381404,PASS
00203107_06,02031,1,1,0,0.475238,RETRY
00203107_07,02031,1,1,1,0.405536,RETRY
00203108_00,02031,2,1,1,0.554543,RETRY
00203108_02,02031,4,1,1,0.543118,RETRY
00203108_04,02031,3,1,1,0.488680,RETRY
00203108_05,02031,4,1,1,0.460276,RETRY
00203108_07,02031,2,1,1,0.588805,RETRY
00203109_03,02031,1,1,1,0.460994,RETRY
00203109_10,02031,4,1,1,0.506486,RETRY
00203109_11,02031,4,1,1,0.553722,RETRY
00203111_01,02031,1,1,0,0.475238,RETRY
00203111_06,02031,2,1,0,0.545967,RETRY
00203111_07,02031,4,1,1,0.525447,RETRY
00203111_08,02031,3,1,1,0.479395,RETRY
00203111_10,02031,2,1,0,0.545967,RETRY
00203111_11,02031,4,1,1,0.328558,PASS
00203113_02,02031,4,1,1,0.557232,RETRY
00203113_03,02031,4,1,1,0.438769,RETRY
00203113_06,02031,1,1,0,0.475238,RETRY
00203113_08,02031,2,1,1,0.556412,RETRY
00203113_09,02031,4,0,1,0.548436,RETRY
00203113_10,02031,4,1,1,0.484491,RETRY
00203118_01,02031,4,1,1,0.520868,RETRY
00203118_02,02031,1,1,0,0.475238,RETRY
00203118_03,02031,1,1,1,0.457296,RETRY
00203118_04,02031,2,1,1,0.455910,RETRY
00203118_06,02031,1,1,1,0.488206,RETRY
00203118_08,02031,1,1,1,0.471197,RETRY
00203118_10,02031,2,1,1,0.557987,RETRY
00203120_00,02031,4,1,1,0.059509,PASS
00203120_03,02031,1,1,0,0.475238,RETRY
00203120_05,02031,4,0,1,0.459891,RETRY
00203120_06,02031,2,1,1,0.578242,RETRY
00203120_08,02031,4,1,1,0.424905,RETRY
00203124_01,02031,4,1,1,0.472656,RETRY
00203124_03,02031,1,1,1,0.462425,RETRY
00203124_04,02031,2,1,1,0.572269,RETRY
00203126_00,02031,4,1,1,0.485390,RETRY
00203126_02,02031,2,1,1,0.598345,RETRY
00203126_03,02031,4,1,1,0.548455,RETRY
00203126_04,02031,4,1,1,0.400110,PASS
00203126_05,02031,1,1,1,0.448503,RETRY
00203126_06,02031,4,1,1,0.331725,PASS
00203126_07,02031,1,0,1,0.483502,RETRY
00203126_08,02031,3,0,1,0.569573,RETRY
00203126_09,02031,3,1,1,0.517623,RETRY
00203126_10,02031,4,1,1,0.493841,RETRY
00203128_00,02031,4,1,1,0.547904,RETRY
00203128_01,02031,2,1,1,0.593726,RETRY
00203128_02,02031,4,0,1,0.615557,RETRY
00203128_03,02031,2,1,1,0.565179,RETRY
00203128_04,02031,3,1,1,0.532266,RETRY
00203128_05,02031,4,1,1,0.503053,RETRY
00203128_07,02031,3,0,1,0.544649,RETRY
00203129_02,02031,4,1,1,0.532909,RETRY
00203129_03,02031,3,1,1,0.477008,RETRY
00203129_04,02031,1,1,1,0.475286,RETRY
00203129_05,02031,1,1,1,0.464262,RETRY
00203129_07,02031,2,1,1,0.498870,RETRY
00203129_08,02031,3,1,1,0.420150,PASS
00203129_10,02031,4,1,1,0.669940,RETRY
00203301_01,02033,2,1,1,0.515243,RETRY
00203301_03,02033,4,1,1,0.482709,RETRY
00203301_05,02033,1,1,1,0.468834,RETRY
00203301_06,02033,2,1,1,0.421804,PASS
00203301_07,02033,4,1,1,0.387610,PASS
00203301_09,02033,1,1,1,0.484347,RETRY
00203301_10,02033,2,1,1,0.510984,RETRY
00203307_02,02033,4,1,1,0.480515,RETRY
00203307_03,02033,2,1,1,0.509344,RETRY
00203307_04,02033,4,1,1,0.347595,PASS
00203307_05,02033,4,1,1,0.470828,RETRY
00203307_06,02033,1,1,1,0.467615,RETRY
00203307_07,02033,1,1,1,0.456397,RETRY
00203308_00,02033,2,1,1,0.418938,PASS
00203308_02,02033,4,1,1,0.484778,RETRY
00203308_04,02033,3,1,1,0.486877,RETRY
00203308_05,02033,4,1,1,0.382761,PASS
00203308_07,02033,2,1,1,0.442039,RETRY
00203309_03,02033,1,1,1,0.470044,RETRY
00203309_10,02033,4,1,1,0.556958,RETRY
00203309_11,02033,4,1,1,0.256904,PASS
00203311_01,02033,1,1,1,0.470701,RETRY
00203311_06,02033,2,1,1,0.499478,RETRY
00203311_07,02033,4,1,1,0.501755,RETRY
00203311_08,02033,3,1,1,0.251815,PASS
00203311_10,02033,2,1,1,0.493803,RETRY
00203311_11,02033,4,1,1,0.322742,PASS
00203313_02,02033,4,1,1,0.513026,RETRY
00203313_03,02033,4,1,1,0.490484,RETRY
00203313_06,02033,1,1,1,0.476636,RETRY
00203313_08,02033,2,1,1,0.645258,RETRY
00203313_09,02033,4,1,1,0.409328,PASS
00203313_10,02033,4,1,1,0.337874,PASS
00203318_01,02033,4,1,1,0.483505,RETRY
00203318_02,02033,1,1,1,0.460882,RETRY
00203318_03,02033,1,1,1,0.459077,RETRY
00203318_04,02033,2,1,1,0.424530,RETRY
00203318_06,02033,1,1,1,0.466192,RETRY
00203318_08,02033,1,1,1,0.464574,RETRY
00203318_10,02033,2,1,1,0.491491,RETRY
00203320_00,02033,4,1,1,0.459697,RETRY
00203320_03,02033,1,1,1,0.460370,RETRY
00203320_05,02033,4,1,1,0.477877,RETRY
00203320_06,02033,2,1,1,0.511563,RETRY
00203320_08,02033,4,1,1,0.402972,PASS
00203324_01,02033,4,1,1,0.318847,PASS
00203324_03,02033,1,1,1,0.458207,RETRY
00203324_04,02033,2,1,1,0.505649,RETRY
00203326_00,02033,4,1,1,0.426266,RETRY
00203326_02,02033,2,1,1,0.454482,RETRY
00203326_03,02033,4,1,1,0.484996,RETRY
00203326_04,02033,4,1,1,0.317125,PASS
00203326_05,02033,1,1,1,0.464197,RETRY
00203326_06,02033,4,1,1,0.310311,PASS
00203326_07,02033,1,1,1,0.516179,RETRY
00203326_08,02033,3,1,1,0.624394,RETRY
00203326_09,02033,3,1,1,0.475675,RETRY
00203326_10,02033,4,1,1,0.493449,RETRY
00203328_00,02033,4,1,1,0.519257,RETRY
00203328_01,02033,2,1,1,0.506663,RETRY
00203328_02,02033,4,1,1,0.363359,PASS
00203328_03,02033,2,1,1,0.473546,RETRY
00203328_04,02033,3,1,1,0.536965,RETRY
00203328_05,02033,4,1,1,0.266796,PASS
00203328_07,02033,3,1,1,0.016950,PASS
00203329_02,02033,4,1,1,0.381591,PASS
00203329_03,02033,3,1,1,0.720442,RETRY
00203329_04,02033,1,1,1,0.457293,RETRY
00203329_05,02033,1,1,1,0.464498,RETRY
00203329_07,02033,2,1,1,0.445617,RETRY
00203329_08,02033,3,1,1,0.001000,PASS
00203329_10,02033,4,1,1,0.507261,RETRY
00203401_01,02034,2,1,1,0.492747,RETRY
00203401_03,02034,4,1,1,0.496317,RETRY
00203401_05,02034,1,1,1,0.484678,RETRY
00203401_06,02034,2,1,1,0.383883,PASS
00203401_07,02034,4,1,1,0.470417,RETRY
00203401_09,02034,1,1,1,0.497997,RETRY
00203401_10,02034,2,1,1,0.477839,RETRY
00203407_02,02034,4,1,1,0.447713,RETRY
00203407_03,02034,2,1,0,0.478087,RETRY
00203407_04,02034,4,1,1,0.501853,RETRY
00203407_05,02034,4,1,1,0.488051,RETRY
00203407_06,02034,1,1,1,0.471280,RETRY
00203407_07,02034,1,1,1,0.475818,RETRY
00203408_00,02034,2,1,1,0.469732,RETRY
00203408_02,02034,4,1,1,0.485335,RETRY
00203408_04,02034,3,1,1,0.525164,RETRY
00203408_05,02034,4,1,1,0.456401,RETRY
00203408_07,02034,2,1,1,0.430805,RETRY
00203409_03,02034,1,1,1,0.471125,RETRY
00203409_10,02034,4,1,1,0.367219,PASS
00203409_11,02034,4,1,1,0.163008,PASS
00203411_01,02034,1,1,1,0.471014,RETRY
00203411_06,02034,2,1,1,0.511051,RETRY
00203411_07,02034,4,1,1,0.507340,RETRY
00203411_08,02034,3,1,1,0.465561,RETRY
00203411_10,02034,2,1,1,0.486910,RETRY
00203411_11,02034,4,1,1,0.328570,PASS
00203413_02,02034,4,1,1,0.518641,RETRY
00203413_03,02034,4,1,1,0.486457,RETRY
00203413_06,02034,1,1,1,0.472871,RETRY
00203413_08,02034,2,1,1,0.444826,RETRY
00203413_09,02034,4,1,1,0.485796,RETRY
00203413_10,02034,4,1,1,0.100557,PASS
00203418_01,02034,4,1,1,0.468440,RETRY
00203418_02,02034,1,1,1,0.480933,RETRY
00203418_03,02034,1,1,1,0.472197,RETRY
00203418_04,02034,2,1,1,0.401212,PASS
00203418_06,02034,1,1,1,0.487988,RETRY
00203418_08,02034,1,1,1,0.482900,RETRY
00203418_10,02034,2,1,1,0.481389,RETRY
00203420_00,02034,4,1,0,0.499261,RETRY
00203420_03,02034,1,1,1,0.471263,RETRY
00203420_05,02034,4,1,1,0.469122,RETRY
00203420_06,02034,2,1,1,0.504599,RETRY
00203420_08,02034,4,1,1,0.434150,RETRY
00203424_01,02034,4,1,1,0.425202,RETRY
00203424_03,02034,1,1,1,0.469263,RETRY
00203424_04,02034,2,1,1,0.506966,RETRY
00203426_00,02034,4,1,1,0.458037,RETRY
00203426_02,02034,2,1,1,0.327686,PASS
00203426_03,02034,4,1,1,0.518091,RETRY
00203426_04,02034,4,1,1,0.464442,RETRY
00203426_05,02034,1,1,1,0.455974,RETRY
00203426_06,02034,4,1,1,0.380730,PASS
00203426_07,02034,1,1,1,0.482356,RETRY
00203426_08,02034,3,1,1,0.473925,RETRY
00203426_09,02034,3,1,1,0.524348,RETRY
00203426_10,02034,4,1,1,0.422082,PASS
00203428_00,02034,4,1,1,0.478641,RETRY
00203428_01,02034,2,1,1,0.370371,PASS
00203428_02,02034,4,1,1,0.426031,RETRY
00203428_03,02034,2,1,1,0.404954,PASS
00203428_04,02034,3,1,1,0.551961,RETRY
00203428_05,02034,4,1,1,0.416491,PASS
00203428_07,02034,3,1,1,0.611772,RETRY
00203429_02,02034,4,0,1,0.535905,RETRY
00203429_03,02034,3,1,1,0.790370,RETRY
00203429_04,02034,1,1,1,0.474080,RETRY
00203429_05,02034,1,1,1,0.472996,RETRY
00203429_07,02034,2,1,1,0.317895,PASS
00203429_08,02034,3,1,1,0.780180,RETRY
00203429_10,02034,4,1,1,0.412047,PASS
00203501_01,02035,2,1,1,0.493578,RETRY
00203501_03,02035,4,1,1,0.430845,RETRY
00203501_05,02035,1,1,1,0.444724,RETRY
00203501_06,02035,2,1,1,0.216085,PASS
00203501_07,02035,4,1,1,0.414060,PASS
00203501_09,02035,1,1,1,0.413709,RETRY
00203501_10,02035,2,0,1,0.503401,RETRY
00203507_02,02035,4,1,1,0.384881,PASS
00203507_03,02035,2,0,1,0.484203,RETRY
00203507_04,02035,4,1,1,0.500710,RETRY
00203507_05,02035,4,1,1,0.443483,RETRY
00203507_06,02035,1,1,1,0.455430,RETRY
00203507_07,02035,1,1,1,0.464070,RETRY
00203508_00,02035,2,1,1,0.148252,PASS
00203508_02,02035,4,1,1,0.481470,RETRY
00203508_04,02035,3,0,1,0.686985,RETRY
00203508_05,02035,4,1,1,0.985756,RETRY
00203508_07,02035,2,1,1,0.331143,PASS
00203509_03,02035,1,1,1,0.422742,RETRY
00203509_10,02035,4,1,1,0.328183,PASS
00203509_11,02035,4,1,1,0.232059,PASS
00203511_01,02035,1,0,1,0.423994,RETRY
00203511_06,02035,2,1,1,0.482847,RETRY
00203511_07,02035,4,1,1,0.567898,RETRY
00203511_08,02035,3,1,1,0.603506,RETRY
00203511_10,02035,2,0,1,0.514651,RETRY
00203511_11,02035,4,1,1,0.271026,PASS
00203513_02,02035,4,1,1,0.546257,RETRY
00203513_03,02035,4,1,1,0.458244,RETRY
00203513_06,02035,1,1,1,0.453200,RETRY
00203513_08,02035,2,1,1,0.412024,PASS
00203513_09,02035,4,0,1,0.545730,RETRY
00203513_10,02035,4,1,1,0.324741,PASS
00203518_01,02035,4,0,1,0.470773,RETRY
00203518_02,02035,1,1,1,0.445041,RETRY
00203518_03,02035,1,1,1,0.435426,RETRY
00203518_04,02035,2,1,1,0.072290,PASS
00203518_06,02035,1,0,1,0.563813,RETRY
00203518_08,02035,1,1,1,0.429951,RETRY
00203518_10,02035,2,1,1,0.569550,RETRY
00203520_00,02035,4,1,1,0.478344,RETRY
00203520_03,02035,1,1,1,0.441799,RETRY
00203520_05,02035,4,1,1,0.436571,RETRY
00203520_06,02035,2,1,1,0.498618,RETRY
00203520_08,02035,4,1,1,0.273864,PASS
00203524_01,02035,4,1,1,0.913560,RETRY
00203524_03,02035,1,1,1,0.394320,RETRY
00203524_04,02035,2,1,1,0.484947,RETRY
00203526_00,02035,4,1,1,0.345080,PASS
00203526_02,02035,2,0,1,0.644163,RETRY
00203526_03,02035,4,0,1,0.497119,RETRY
00203526_04,02035,4,1,1,0.966609,RETRY
00203526_05,02035,1,1,1,0.442174,RETRY
00203526_06,02035,4,1,1,0.258698,PASS
00203526_07,02035,1,1,1,0.947862,RETRY
00203526_08,02035,3,1,1,0.922980,RETRY
00203526_09,02035,3,1,1,0.481434,RETRY
00203526_10,02035,4,1,1,0.477965,RETRY
00203528_00,02035,4,1,1,0.473817,RETRY
00203528_01,02035,2,1,1,0.000128,PASS
00203528_02,02035,4,1,1,0.261938,PASS
00203528_03,02035,2,1,1,0.341872,PASS
00203528_04,02035,3,1,1,0.545298,RETRY
00203528_05,02035,4,1,1,0.254958,PASS
00203528_07,02035,3,0,1,0.611191,RETRY
00203529_02,02035,4,1,1,0.221025,PASS
00203529_03,02035,3,1,1,0.585154,RETRY
00203529_04,02035,1,1,1,0.487541,RETRY
00203529_05,02035,1,1,1,0.477226,RETRY
00203529_07,02035,2,0,1,0.638771,RETRY
00203529_08,02035,3,1,1,0.036052,PASS
00203529_10,02035,4,1,1,0.480465,RETRY
00203801_01,02038,2,1,1,0.465407,RETRY
00203801_03,02038,4,1,1,0.465636,RETRY
00203801_05,02038,1,1,1,0.488482,RETRY
00203801_06,02038,2,1,1,0.543423,RETRY
00203801_07,02038,4,1,1,0.345162,PASS
00203801_09,02038,1,1,1,0.493713,RETRY
00203801_10,02038,2,1,1,0.498072,RETRY
00203807_02,02038,4,0,1,0.498736,RETRY
00203807_03,02038,2,1,1,0.477411,RETRY
00203807_04,02038,4,1,1,0.514125,RETRY
00203807_05,02038,4,1,1,0.497275,RETRY
00203807_06,02038,1,1,1,0.473261,RETRY
00203807_07,02038,1,1,1,0.509083,RETRY
00203808_00,02038,2,0,1,0.482144,RETRY
00203808_02,02038,4,1,1,0.518147,RETRY
00203808_04,02038,3,1,1,0.540836,RETRY
00203808_05,02038,4,1,1,0.342467,PASS
00203808_07,02038,2,1,1,0.646771,RETRY
00203809_03,02038,1,0,1,0.476500,RETRY
00203809_10,02038,4,1,1,0.402037,PASS
00203809_11,02038,4,1,1,0.522516,RETRY
00203811_01,02038,1,1,1,0.472971,RETRY
00203811_06,02038,2,1,1,0.486971,RETRY
00203811_07,02038,4,1,1,0.557183,RETRY
00203811_08,02038,3,1,1,0.325600,PASS
00203811_10,02038,2,0,1,0.482441,RETRY
00203811_11,02038,4,0,1,0.504457,RETRY
00203813_02,02038,4,1,1,0.582262,RETRY
00203813_03,02038,4,1,1,0.503406,RETRY
00203813_06,02038,1,1,1,0.481490,RETRY
00203813_08,02038,2,1,1,0.409245,PASS
00203813_09,02038,4,0,1,0.440010,RETRY
00203813_10,02038,4,1,1,0.362940,PASS
00203818_01,02038,4,1,1,0.512931,RETRY
00203818_02,02038,1,1,0,0.488957,RETRY
00203818_03,02038,1,1,1,0.477738,RETRY
00203818_04,02038,2,0,1,0.490460,RETRY
00203818_06,02038,1,1,1,0.484464,RETRY
00203818_08,02038,1,1,1,0.470634,RETRY
00203818_10,02038,2,1,1,0.490018,RETRY
00203820_00,02038,4,1,1,0.522365,RETRY
00203820_03,02038,1,1,1,0.480718,RETRY
00203820_05,02038,4,1,1,0.582635,RETRY
00203820_06,02038,2,1,1,0.468863,RETRY
00203820_08,02038,4,1,1,0.415668,PASS
00203824_01,02038,4,1,1,0.369292,PASS
00203824_03,02038,1,1,1,0.479515,RETRY
00203824_04,02038,2,1,1,0.475413,RETRY
00203826_00,02038,4,1,1,0.446606,RETRY
00203826_02,02038,2,1,1,0.525005,RETRY
00203826_03,02038,4,1,1,0.532835,RETRY
00203826_04,02038,4,1,1,0.313937,PASS
00203826_05,02038,1,1,1,0.486771,RETRY
00203826_06,02038,4,1,1,0.390644,PASS
00203826_07,02038,1,1,1,0.508001,RETRY
00203826_08,02038,3,1,1,0.587576,RETRY
00203826_09,02038,3,1,1,0.546806,RETRY
00203826_10,02038,4,1,1,0.505045,RETRY
00203828_00,02038,4,1,1,0.486617,RETRY
00203828_01,02038,2,1,1,0.458049,RETRY
00203828_02,02038,4,0,1,0.555174,RETRY
00203828_03,02038,2,1,1,0.405136,PASS
00203828_04,02038,3,1,1,0.572149,RETRY
00203828_05,02038,4,1,1,0.363807,PASS
00203828_07,02038,3,1,1,0.463986,RETRY
00203829_02,02038,4,0,1,0.679788,RETRY
00203829_03,02038,3,1,1,0.187361,PASS
00203829_04,02038,1,1,1,0.488899,RETRY
00203829_05,02038,1,1,1,0.479864,RETRY
00203829_07,02038,2,1,1,0.444585,RETRY
00203829_08,02038,3,0,1,0.464694,RETRY
00203829_10,02038,4,1,1,0.595915,RETRY
00203901_01,02039,2,1,1,0.426055,RETRY
00203901_03,02039,4,0,1,0.396094,PASS
00203901_05,02039,1,1,1,0.495241,RETRY
00203901_06,02039,2,1,1,0.012829,PASS
00203901_07,02039,4,0,1,0.969264,RETRY
00203901_09,02039,1,0,1,0.378992,RETRY
00203901_10,02039,2,0,1,0.985020,RETRY
00203907_02,02039,4,0,1,0.563637,RETRY
00203907_03,02039,2,1,1,0.465237,RETRY
00203907_04,02039,4,1,1,0.840212,RETRY
00203907_05,02039,4,1,1,0.634350,RETRY
00203907_06,02039,1,1,1,0.460699,RETRY
00203907_07,02039,1,0,1,0.728600,RETRY
00203908_00,02039,2,1,1,0.399074,PASS
00203908_02,02039,4,1,1,0.586791,RETRY
00203908_04,02039,3,1,1,0.341913,PASS
00203908_05,02039,4,1,1,0.046413,PASS
00203908_07,02039,2,1,1,0.172945,PASS
00203909_03,02039,1,0,1,0.356845,RETRY
00203909_10,02039,4,1,1,0.471789,RETRY
00203909_11,02039,4,0,1,0.826439,RETRY
00203911_01,02039,1,1,1,0.455778,RETRY
00203911_06,02039,2,0,1,0.553311,RETRY
00203911_07,02039,4,1,0,0.525831,RETRY
00203911_08,02039,3,0,1,0.397632,PASS
00203911_10,02039,2,0,1,0.554860,RETRY
00203911_11,02039,4,0,1,0.999589,RETRY
00203913_02,02039,4,0,1,0.643505,RETRY
00203913_03,02039,4,0,1,0.426501,RETRY
00203913_06,02039,1,0,1,0.426482,RETRY
00203913_08,02039,2,0,1,0.112676,PASS
00203913_09,02039,4,0,1,0.517494,RETRY
00203913_10,02039,4,1,1,0.925257,RETRY
00203918_01,02039,4,0,1,0.171373,PASS
00203918_02,02039,1,0,1,0.560925,RETRY
00203918_03,02039,1,0,1,0.513937,RETRY
00203918_04,02039,2,1,1,0.266525,PASS
00203918_06,02039,1,1,1,0.444884,RETRY
00203918_08,02039,1,0,1,0.462152,RETRY
00203918_10,02039,2,1,1,0.615091,RETRY
00203920_00,02039,4,1,1,0.387872,PASS
00203920_03,02039,1,1,1,0.453274,RETRY
00203920_05,02039,4,1,1,0.710340,RETRY
00203920_06,02039,2,1,1,0.458423,RETRY
00203920_08,02039,4,1,1,0.216924,PASS
00203924_01,02039,4,0,1,0.007232,PASS
00203924_03,02039,1,0,1,0.265561,RETRY
00203924_04,02039,2,0,1,0.542886,RETRY
00203926_00,02039,4,0,1,0.749994,RETRY
00203926_02,02039,2,1,1,0.195185,PASS
00203926_03,02039,4,0,1,0.446243,RETRY
00203926_04,02039,4,0,1,0.977668,RETRY
00203926_05,02039,1,0,1,0.682212,RETRY
00203926_06,02039,4,0,1,0.850511,RETRY
00203926_07,02039,1,0,1,0.290068,RETRY
00203926_08,02039,3,1,1,0.285085,PASS
00203926_09,02039,3,0,1,0.594321,RETRY
00203926_10,02039,4,0,1,0.528121,RETRY
00203928_00,02039,4,0,1,0.999972,RETRY
00203928_01,02039,2,1,1,0.759244,RETRY
00203928_02,02039,4,0,1,0.957451,RETRY
00203928_03,02039,2,1,1,0.251203,PASS
00203928_04,02039,3,1,1,0.528912,RETRY
00203928_05,02039,4,0,1,0.925641,RETRY
00203928_07,02039,3,0,1,0.580256,RETRY
00203929_02,02039,4,0,1,0.745635,RETRY
00203929_03,02039,3,0,1,0.651100,RETRY
00203929_04,02039,1,0,1,0.449163,RETRY
00203929_05,02039,1,0,1,0.507692,RETRY
00203929_07,02039,2,1,1,0.570729,RETRY
00203929_08,02039,3,0,1,0.132766,PASS
00203929_10,02039,4,1,1,0.125056,PASS
00204101_01,02041,2,1,1,0.577556,RETRY
00204101_03,02041,4,1,1,0.466034,RETRY
00204101_05,02041,1,1,1,0.461231,RETRY
00204101_06,02041,2,1,1,0.435682,RETRY
00204101_07,02041,4,1,1,0.364549,PASS
00204101_09,02041,1,1,1,0.468243,RETRY
00204101_10,02041,2,1,1,0.511448,RETRY
00204107_02,02041,4,1,1,0.502141,RETRY
00204107_03,02041,2,1,1,0.499860,RETRY
00204107_04,02041,4,1,1,0.480050,RETRY
00204107_05,02041,4,1,1,0.530950,RETRY
00204107_06,02041,1,1,0,0.470220,RETRY
00204107_07,02041,1,1,1,0.538422,RETRY
00204108_00,02041,2,1,1,0.479292,RETRY
00204108_02,02041,4,1,1,0.517563,RETRY
00204108_04,02041,3,1,1,0.544307,RETRY
00204108_05,02041,4,1,1,0.496398,RETRY
00204108_07,02041,2,1,1,0.483233,RETRY
00204109_03,02041,1,1,1,0.456607,RETRY
00204109_10,02041,4,1,1,0.506238,RETRY
00204109_11,02041,4,1,0,0.510496,RETRY
00204111_01,02041,1,1,1,0.456981,RETRY
00204111_06,02041,2,1,1,0.598625,RETRY
00204111_07,02041,4,1,1,0.502716,RETRY
00204111_08,02041,3,1,1,0.573266,RETRY
00204111_10,02041,2,1,1,0.513570,RETRY
00204111_11,02041,4,1,1,0.396947,PASS
00204113_02,02041,4,0,1,0.497052,RETRY
00204113_03,02041,4,0,1,0.455704,RETRY
00204113_06,02041,1,1,0,0.470220,RETRY
00204113_08,02041,2,0,1,0.511884,RETRY
00204113_09,02041,4,1,1,0.503732,RETRY
00204113_10,02041,4,0,0,0.510496,RETRY
00204118_01,02041,4,1,1,0.474243,RETRY
00204118_02,02041,1,1,0,0.470220,RETRY
00204118_03,02041,1,1,1,0.458844,RETRY
00204118_04,02041,2,1,1,0.469938,RETRY
00204118_06,02041,1,1,1,0.471436,RETRY
00204118_08,02041,1,1,1,0.459663,RETRY
00204118_10,02041,2,0,0,0.493587,RETRY
00204120_00,02041,4,1,0,0.510496,RETRY
00204120_03,02041,1,1,1,0.485853,RETRY
00204120_05,02041,4,1,1,0.486173,RETRY
00204120_06,02041,2,1,0,0.493587,RETRY
00204120_08,02041,4,1,0,0.510496,RETRY
00204124_01,02041,4,1,1,0.391996,PASS
00204124_03,02041,1,1,1,0.490131,RETRY
00204124_04,02041,2,1,1,0.519297,RETRY
00204126_00,02041,4,1,1,0.418785,PASS
00204126_02,02041,2,1,1,0.434402,RETRY
00204126_03,02041,4,1,1,0.506061,RETRY
00204126_04,02041,4,1,1,0.506635,RETRY
00204126_05,02041,1,1,1,0.478368,RETRY
00204126_06,02041,4,1,1,0.379841,PASS
00204126_07,02041,1,1,1,0.496241,RETRY
00204126_08,02041,3,0,1,0.488757,RETRY
00204126_09,02041,3,1,1,0.547117,RETRY
00204126_10,02041,4,1,0,0.510496,RETRY
00204128_00,02041,4,1,1,0.428635,RETRY
00204128_01,02041,2,1,1,0.496781,RETRY
00204128_02,02041,4,1,1,0.425045,RETRY
00204128_03,02041,2,1,1,0.445231,RETRY
00204128_04,02041,3,1,1,0.554635,RETRY
00204128_05,02041,4,1,1,0.415085,PASS
00204128_07,02041,3,1,1,0.557371,RETRY
00204129_02,02041,4,1,1,0.608742,RETRY
00204129_03,02041,3,1,0,0.524403,RETRY
00204129_04,02041,1,1,0,0.470220,RETRY
00204129_05,02041,1,1,1,0.460069,RETRY
00204129_07,02041,2,1,1,0.432343,RETRY
00204129_08,02041,3,1,1,0.336670,PASS
00204129_10,02041,4,1,1,0.432438,RETRY
00204201_01,02042,2,1,1,0.619656,RETRY
00204201_03,02042,4,1,1,0.508941,RETRY
00204201_05,02042,1,1,1,0.476297,RETRY
00204201_06,02042,2,1,1,0.321668,PASS
00204201_07,02042,4,0,1,0.582654,RETRY
00204201_09,02042,1,1,1,0.516155,RETRY
00204201_10,02042,2,0,1,0.538519,RETRY
00204207_02,02042,4,0,1,0.490073,RETRY
00204207_03,02042,2,1,0,0.478087,RETRY
00204207_04,02042,4,1,1,0.540488,RETRY
00204207_05,02042,4,1,1,0.410017,PASS
00204207_06,02042,1,1,0,0.481675,RETRY
00204207_07,02042,1,1,1,0.474877,RETRY
00204208_00,02042,2,0,1,0.431613,RETRY
00204208_02,02042,4,0,1,0.551113,RETRY
00204208_04,02042,3,1,1,0.381435,PASS
00204208_05,02042,4,1,1,0.460982,RETRY
00204208_07,02042,2,0,1,0.534477,RETRY
00204209_03,02042,1,0,1,0.472555,RETRY
00204209_10,02042,4,1,1,0.562122,RETRY
00204209_11,02042,4,1,1,0.315186,PASS
00204211_01,02042,1,1,1,0.472201,RETRY
00204211_06,02042,2,1,1,0.454673,RETRY
00204211_07,02042,4,1,1,0.469524,RETRY
00204211_08,02042,3,1,1,0.404526,PASS
00204211_10,02042,2,1,0,0.478087,RETRY
00204211_11,02042,4,1,1,0.827958,RETRY
00204213_02,02042,4,1,1,0.515034,RETRY
00204213_03,02042,4,1,1,0.516207,RETRY
00204213_06,02042,1,1,1,0.458245,RETRY
00204213_08,02042,2,0,1,0.349846,PASS
00204213_09,02042,4,0,1,0.530697,RETRY
00204213_10,02042,4,1,1,0.184174,PASS
00204218_01,02042,4,1,1,0.521937,RETRY
00204218_02,02042,1,0,1,0.510722,RETRY
00204218_03,02042,1,1,1,0.457489,RETRY
00204218_04,02042,2,1,1,0.472424,RETRY
00204218_06,02042,1,0,1,0.502631,RETRY
00204218_08,02042,1,1,1,0.485297,RETRY
00204218_10,02042,2,1,1,0.502327,RETRY
00204220_00,02042,4,1,1,0.461641,RETRY
00204220_03,02042,1,1,1,0.469492,RETRY
00204220_05,02042,4,1,1,0.470060,RETRY
00204220_06,02042,2,1,0,0.478087,RETRY
00204220_08,02042,4,1,1,0.469782,RETRY
00204224_01,02042,4,1,1,0.302832,PASS
00204224_03,02042,1,1,1,0.489252,RETRY
00204224_04,02042,2,1,1,0.462491,RETRY
00204226_00,02042,4,1,1,0.274617,PASS
00204226_02,02042,2,1,1,0.719639,RETRY
00204226_03,02042,4,1,1,0.464260,RETRY
00204226_04,02042,4,1,1,0.366955,PASS
00204226_05,02042,1,1,1,0.471208,RETRY
00204226_06,02042,4,1,1,0.267637,PASS
00204226_07,02042,1,1,1,0.261238,RETRY
00204226_08,02042,3,0,1,0.550051,RETRY
00204226_09,02042,3,1,1,0.532812,RETRY
00204226_10,02042,4,1,0,0.499261,RETRY
00204228_00,02042,4,1,1,0.368013,PASS
00204228_01,02042,2,1,1,0.481371,RETRY
00204228_02,02042,4,1,1,0.409698,PASS
00204228_03,02042,2,1,1,0.502378,RETRY
00204228_04,02042,3,1,1,0.548237,RETRY
00204228_05,02042,4,1,1,0.333087,PASS
00204228_07,02042,3,1,1,0.474883,RETRY
00204229_02,02042,4,1,1,0.286956,PASS
00204229_03,02042,3,1,1,0.446926,RETRY
00204229_04,02042,1,1,1,0.474816,RETRY
00204229_05,02042,1,0,1,0.474247,RETRY
00204229_07,02042,2,1,1,0.384380,PASS
00204229_08,02042,3,0,1,0.532920,RETRY
00204229_10,02042,4,1,1,0.333584,PASS
00204301_01,02043,2,1,1,0.475842,RETRY
00204301_03,02043,4,1,1,0.476840,RETRY
00204301_05,02043,1,1,1,0.464318,RETRY
00204301_06,02043,2,1,1,0.270845,PASS
00204301_07,02043,4,1,1,0.535255,RETRY
00204301_09,02043,1,1,1,0.454693,RETRY
00204301_10,02043,2,0,1,0.423785,RETRY
00204307_02,02043,4,1,1,0.452088,RETRY
00204307_03,02043,2,1,1,0.497642,RETRY
00204307_04,02043,4,0,1,0.503829,RETRY
00204307_05,02043,4,1,1,0.428192,RETRY
00204307_06,02043,1,0,1,0.457900,RETRY
00204307_07,02043,1,1,1,0.442635,RETRY
00204308_00,02043,2,1,1,0.480554,RETRY
00204308_02,02043,4,1,1,0.545690,RETRY
00204308_04,02043,3,1,1,0.620654,RETRY
00204308_05,02043,4,1,1,0.430778,RETRY
00204308_07,02043,2,1,1,0.428949,RETRY
00204309_03,02043,1,1,1,0.442071,RETRY
00204309_10,02043,4,1,1,0.599104,RETRY
00204309_11,02043,4,1,1,0.698383,RETRY
00204311_01,02043,1,1,1,0.436626,RETRY
00204311_06,02043,2,0,1,0.406325,PASS
00204311_07,02043,4,0,1,0.527810,RETRY
00204311_08,02043,3,1,1,0.189729,PASS
00204311_10,02043,2,1,1,0.471236,RETRY
00204311_11,02043,4,1,1,0.355293,PASS
00204313_02,02043,4,1,1,0.494076,RETRY
00204313_03,02043,4,1,1,0.479880,RETRY
00204313_06,02043,1,1,1,0.443648,RETRY
00204313_08,02043,2,0,1,0.513078,RETRY
00204313_09,02043,4,0,1,0.528179,RETRY
00204313_10,02043,4,1,1,0.000342,PASS
00204318_01,02043,4,0,1,0.500557,RETRY
00204318_02,02043,1,1,1,0.466422,RETRY
00204318_03,02043,1,1,1,0.456274,RETRY
00204318_04,02043,2,1,1,0.479036,RETRY
00204318_06,02043,1,1,1,0.451437,RETRY
00204318_08,02043,1,1,1,0.448949,RETRY
00204318_10,02043,2,1,1,0.492631,RETRY
00204320_00,02043,4,1,1,0.505482,RETRY
00204320_03,02043,1,1,1,0.441138,RETRY
00204320_05,02043,4,0,1,0.558911,RETRY
00204320_06,02043,2,1,0,0.477091,RETRY
00204320_08,02043,4,1,0,0.515140,RETRY
00204324_01,02043,4,1,1,0.432705,RETRY
00204324_03,02043,1,1,1,0.399923,RETRY
00204324_04,02043,2,1,1,0.483170,RETRY
00204326_00,02043,4,1,1,0.484566,RETRY
00204326_02,02043,2,1,1,0.504043,RETRY
00204326_03,02043,4,0,1,0.488610,RETRY
00204326_04,02043,4,1,1,0.482318,RETRY
00204326_05,02043,1,1,1,0.394143,RETRY
00204326_06,02043,4,1,1,0.578239,RETRY
00204326_07,02043,1,1,1,0.465784,RETRY
00204326_08,02043,3,1,1,0.556995,RETRY
00204326_09,02043,3,0,1,0.607564,RETRY
00204326_10,02043,4,1,1,0.466991,RETRY
00204328_00,02043,4,1,1,0.531861,RETRY
00204328_01,02043,2,0,1,0.442695,RETRY
00204328_02,02043,4,0,1,0.659528,RETRY
00204328_03,02043,2,1,1,0.680085,RETRY
00204328_04,02043,3,1,1,0.595738,RETRY
00204328_05,02043,4,1,1,0.490015,RETRY
00204328_07,02043,3,1,1,0.132097,PASS
00204329_02,02043,4,1,1,0.496360,RETRY
00204329_03,02043,3,1,1,0.191054,PASS
00204329_04,02043,1,1,1,0.451648,RETRY
00204329_05,02043,1,1,1,0.456965,RETRY
00204329_07,02043,2,1,1,0.505727,RETRY
00204329_08,02043,3,0,1,0.609465,RETRY
00204329_10,02043,4,1,1,0.551735,RETRY
00204401_01,02044,2,1,1,0.494401,RETRY
00204401_03,02044,4,1,1,0.509149,RETRY
00204401_05,02044,1,0,1,0.506778,RETRY
00204401_06,02044,2,1,1,0.540390,RETRY
00204401_07,02044,4,1,1,0.288661,PASS
00204401_09,02044,1,1,1,0.495639,RETRY
00204401_10,02044,2,1,1,0.425056,RETRY
00204407_02,02044,4,1,1,0.404534,PASS
00204407_03,02044,2,1,0,0.479207,RETRY
00204407_04,02044,4,1,1,0.482148,RETRY
00204407_05,02044,4,1,1,0.469792,RETRY
00204407_06,02044,1,1,0,0.488957,RETRY
00204407_07,02044,1,1,1,0.479949,RETRY
00204408_00,02044,2,0,1,0.485053,RETRY
00204408_02,02044,4,1,1,0.520528,RETRY
00204408_04,02044,3,1,1,0.390214,PASS
00204408_05,02044,4,1,1,0.531886,RETRY
00204408_07,02044,2,1,1,0.306232,PASS
00204409_03,02044,1,1,1,0.482958,RETRY
00204409_10,02044,4,1,1,0.459507,RETRY
00204409_11,02044,4,1,1,0.245331,PASS
00204411_01,02044,1,0,0,0.488957,RETRY
00204411_06,02044,2,0,1,0.487104,RETRY
00204411_07,02044,4,0,1,0.263269,PASS
00204411_08,02044,3,1,1,0.044963,PASS
00204411_10,02044,2,1,1,0.498423,RETRY
00204411_11,02044,4,1,1,0.255794,PASS
00204413_02,02044,4,1,1,0.530591,RETRY
00204413_03,02044,4,1,1,0.524130,RETRY
00204413_06,02044,1,1,0,0.488957,RETRY
00204413_08,02044,2,1,1,0.453864,RETRY
00204413_09,02044,4,1,1,0.485306,RETRY
00204413_10,02044,4,1,1,0.003316,PASS
00204418_01,02044,4,0,1,0.490394,RETRY
00204418_02,02044,1,1,1,0.475255,RETRY
00204418_03,02044,1,1,1,0.478815,RETRY
00204418_04,02044,2,0,1,0.497373,RETRY
00204418_06,02044,1,1,1,0.493978,RETRY
00204418_08,02044,1,1,1,0.469142,RETRY
00204418_10,02044,2,1,1,0.483406,RETRY
00204420_00,02044,4,1,0,0.517044,RETRY
00204420_03,02044,1,1,0,0.488957,RETRY
00204420_05,02044,4,1,1,0.481275,RETRY
00204420_06,02044,2,1,0,0.479207,RETRY
00204420_08,02044,4,1,1,0.415914,PASS
00204424_01,02044,4,1,1,0.290356,PASS
00204424_03,02044,1,1,1,0.495385,RETRY
00204424_04,02044,2,1,1,0.518621,RETRY
00204426_00,02044,4,1,1,0.539570,RETRY
00204426_02,02044,2,1,1,0.618428,RETRY
00204426_03,02044,4,1,1,0.510802,RETRY
00204426_04,02044,4,0,1,0.551160,RETRY
00204426_05,02044,1,0,1,0.601318,RETRY
00204426_06,02044,4,0,1,0.451269,RETRY
00204426_07,02044,1,1,1,0.486340,RETRY
00204426_08,02044,3,1,1,0.620921,RETRY
00204426_09,02044,3,1,1,0.512414,RETRY
00204426_10,02044,4,1,0,0.517044,RETRY
00204428_00,02044,4,1,1,0.504287,RETRY
00204428_01,02044,2,1,1,0.476305,RETRY
00204428_02,02044,4,1,1,0.356295,PASS
00204428_03,02044,2,1,1,0.437585,RETRY
00204428_04,02044,3,1,1,0.447961,RETRY
00204428_05,02044,4,1,1,0.282252,PASS
00204428_07,02044,3,0,1,0.394440,PASS
00204429_02,02044,4,1,1,0.482450,RETRY
00204429_03,02044,3,1,1,0.464124,RETRY
00204429_04,02044,1,1,1,0.457328,RETRY
00204429_05,02044,1,1,1,0.481478,RETRY
00204429_07,02044,2,1,1,0.481842,RETRY
00204429_08,02044,3,0,1,0.738580,RETRY
00204429_10,02044,4,1,1,0.464272,RETRY
00204501_01,02045,2,1,1,0.570193,RETRY
00204501_03,02045,4,0,1,0.592048,RETRY
00204501_05,02045,1,1,1,0.503700,RETRY
00204501_06,02045,2,1,1,0.882893,RETRY
00204501_07,02045,4,1,1,0.895386,RETRY
00204501_09,02045,1,0,1,0.739719,RETRY
00204501_10,02045,2,0,1,0.048639,PASS
00204507_02,02045,4,1,1,0.501402,RETRY
00204507_03,02045,2,1,1,0.556517,RETRY
00204507_04,02045,4,1,1,0.568568,RETRY
00204507_05,02045,4,1,1,0.572572,RETRY
00204507_06,02045,1,1,1,0.471385,RETRY
00204507_07,02045,1,0,1,0.466271,RETRY
00204508_00,02045,2,1,1,0.512938,RETRY
00204508_02,02045,4,1,1,0.475087,RETRY
00204508_04,02045,3,0,1,0.533616,RETRY
00204508_05,02045,4,0,1,0.552631,RETRY
00204508_07,02045,2,0,1,0.586902,RETRY
00204509_03,02045,1,1,1,0.437302,RETRY
00204509_10,02045,4,0,0,0.525831,RETRY
00204509_11,02045,4,0,1,0.111147,PASS
00204511_01,02045,1,1,1,0.467514,RETRY
00204511_06,02045,2,1,1,0.541076,RETRY
00204511_07,02045,4,1,1,0.576011,RETRY
00204511_08,02045,3,0,1,0.470162,RETRY
00204511_10,02045,2,0,1,0.571302,RETRY
00204511_11,02045,4,0,1,0.167745,PASS
00204513_02,02045,4,1,1,0.561546,RETRY
00204513_03,02045,4,1,1,0.529925,RETRY
00204513_06,02045,1,1,1,0.457267,RETRY
00204513_08,02045,2,1,1,0.581238,RETRY
00204513_09,02045,4,0,1,0.517237,RETRY
00204513_10,02045,4,1,1,0.096251,PASS
00204518_01,02045,4,1,1,0.542787,RETRY
00204518_02,02045,1,0,1,0.476261,RETRY
00204518_03,02045,1,0,1,0.432178,RETRY
00204518_04,02045,2,1,1,0.573800,RETRY
00204518_06,02045,1,1,1,0.488056,RETRY
00204518_08,02045,1,1,1,0.490911,RETRY
00204518_10,02045,2,1,1,0.586785,RETRY
00204520_00,02045,4,1,0,0.525831,RETRY
00204520_03,02045,1,1,1,0.461975,RETRY
00204520_05,02045,4,1,1,0.631354,RETRY
00204520_06,02045,2,1,1,0.554666,RETRY
00204520_08,02045,4,1,1,0.552651,RETRY
00204524_01,02045,4,0,1,0.516943,RETRY
00204524_03,02045,1,1,1,0.482811,RETRY
00204524_04,02045,2,1,1,0.571300,RETRY
00204526_00,02045,4,1,1,0.462621,RETRY
00204526_02,02045,2,1,1,0.566352,RETRY
00204526_03,02045,4,0,1,0.477639,RETRY
00204526_04,02045,4,0,1,0.308071,PASS
00204526_05,02045,1,1,1,0.457044,RETRY
00204526_06,02045,4,0,1,0.452820,RETRY
00204526_07,02045,1,1,1,0.474925,RETRY
00204526_08,02045,3,1,1,0.508917,RETRY
00204526_09,02045,3,1,1,0.539524,RETRY
00204526_10,02045,4,0,0,0.525831,RETRY
00204528_00,02045,4,1,1,0.527969,RETRY
00204528_01,02045,2,0,1,0.684909,RETRY
00204528_02,02045,4,0,1,0.505332,RETRY
00204528_03,02045,2,1,1,0.591473,RETRY
00204528_04,02045,3,1,1,0.549186,RETRY
00204528_05,02045,4,1,1,0.498706,RETRY
00204528_07,02045,3,1,1,0.460216,RETRY
00204529_02,02045,4,1,1,0.504283,RETRY
00204529_03,02045,3,1,1,0.430584,RETRY
00204529_04,02045,1,1,0,0.475238,RETRY
00204529_05,02045,1,1,0,0.475238,RETRY
00204529_07,02045,2,1,1,0.738945,RETRY
00204529_08,02045,3,1,1,0.518906,RETRY
00204529_10,02045,4,1,1,0.460694,RETRY
00204601_01,02046,2,1,1,0.540328,RETRY
00204601_03,02046,4,1,1,0.481195,RETRY
00204601_05,02046,1,1,1,0.481842,RETRY
00204601_06,02046,2,1,1,0.335812,PASS
00204601_07,02046,4,1,1,0.476461,RETRY
00204601_09,02046,1,1,1,0.499467,RETRY
00204601_10,02046,2,1,1,0.500450,RETRY
00204607_02,02046,4,1,1,0.464463,RETRY
00204607_03,02046,2,1,1,0.508502,RETRY
00204607_04,02046,4,1,1,0.394495,PASS
00204607_05,02046,4,1,1,0.499217,RETRY
00204607_06,02046,1,0,1,0.472164,RETRY
00204607_07,02046,1,0,1,0.391761,RETRY
00204608_00,02046,2,0,1,0.483747,RETRY
00204608_02,02046,4,1,1,0.498750,RETRY
00204608_04,02046,3,1,1,0.452861,RETRY
00204608_05,02046,4,1,1,0.443567,RETRY
00204608_07,02046,2,1,1,0.413647,PASS
00204609_03,02046,1,1,1,0.444005,RETRY
00204609_10,02046,4,1,1,0.506345,RETRY
00204609_11,02046,4,1,1,0.498360,RETRY
00204611_01,02046,1,0,1,0.460175,RETRY
00204611_06,02046,2,1,1,0.548026,RETRY
00204611_07,02046,4,1,1,0.466884,RETRY
00204611_08,02046,3,1,1,0.571008,RETRY
00204611_10,02046,2,1,1,0.531920,RETRY
00204611_11,02046,4,1,1,0.811437,RETRY
00204613_02,02046,4,1,1,0.536314,RETRY
00204613_03,02046,4,1,1,0.530732,RETRY
00204613_06,02046,1,1,1,0.466186,RETRY
00204613_08,02046,2,1,1,0.442260,RETRY
00204613_09,02046,4,0,1,0.550931,RETRY
00204613_10,02046,4,1,1,0.070223,PASS
00204618_01,02046,4,1,1,0.448746,RETRY
00204618_02,02046,1,1,1,0.472815,RETRY
00204618_03,02046,1,1,1,0.459214,RETRY
00204618_04,02046,2,1,1,0.496741,RETRY
00204618_06,02046,1,1,1,0.488055,RETRY
00204618_08,02046,1,1,1,0.469856,RETRY
00204618_10,02046,2,1,1,0.530415,RETRY
00204620_00,02046,4,1,1,0.498671,RETRY
00204620_03,02046,1,1,1,0.451576,RETRY
00204620_05,02046,4,0,1,0.475543,RETRY
00204620_06,02046,2,0,1,0.412360,PASS
00204620_08,02046,4,1,1,0.513203,RETRY
00204624_01,02046,4,1,1,0.476553,RETRY
00204624_03,02046,1,0,1,0.503449,RETRY
00204624_04,02046,2,1,1,0.506197,RETRY
00204626_00,02046,4,1,1,0.517690,RETRY
00204626_02,02046,2,1,1,0.430323,RETRY
00204626_03,02046,4,0,1,0.514301,RETRY
00204626_04,02046,4,1,1,0.467923,RETRY
00204626_05,02046,1,0,1,0.463663,RETRY
00204626_06,02046,4,1,1,0.605245,RETRY
00204626_07,02046,1,1,1,0.471618,RETRY
00204626_08,02046,3,1,1,0.585572,RETRY
00204626_09,02046,3,1,1,0.535819,RETRY
00204626_10,02046,4,0,1,0.437331,RETRY
00204628_00,02046,4,1,1,0.499328,RETRY
00204628_01,02046,2,1,1,0.485798,RETRY
00204628_02,02046,4,0,1,0.589928,RETRY
00204628_03,02046,2,0,1,0.560533,RETRY
00204628_04,02046,3,1,1,0.549405,RETRY
00204628_05,02046,4,1,1,0.349279,PASS
00204628_07,02046,3,1,1,0.515718,RETRY
00204629_02,02046,4,1,1,0.422544,PASS
00204629_03,02046,3,0,1,0.498804,RETRY
00204629_04,02046,1,1,1,0.486963,RETRY
00204629_05,02046,1,1,1,0.462336,RETRY
00204629_07,02046,2,1,1,0.579587,RETRY
00204629_08,02046,3,1,1,0.392851,PASS
00204629_10,02046,4,1,1,0.462132,RETRY
