token_id,speaker_id,expected_tone,tone_correctness,oof_R0_summary,oof_R1_trajectory_N1,oof_R2_trajectory_N2,oof_R3_trajectory_plus_summary
00200214_00,02002,3,1,0.035936,0.904927,0.361689,0.000530
00200214_01,02002,1,1,0.283922,0.501616,0.481586,0.199903
00200214_03,02002,2,1,0.310713,0.201085,0.354817,0.453575
00200214_04,02002,4,1,0.442223,0.498297,0.513793,0.533815
00200214_06,02002,4,1,0.618735,0.460728,0.457943,0.665704
00200214_07,02002,1,1,0.423839,0.481172,0.478868,0.418359
00200214_08,02002,1,1,0.355909,0.453297,0.464908,0.291478
00200217_01,02002,4,0,0.451767,0.485688,0.499169,0.491185
00200217_03,02002,2,1,0.357222,0.284583,0.399619,0.235726
00200220_00,02002,3,1,0.326994,0.535642,0.580198,0.390302
00200220_01,02002,1,1,0.280591,0.377383,0.401356,0.241175
00200220_03,02002,1,0,0.590274,0.531897,0.478353,0.861655
00200220_05,02002,3,1,0.638091,0.426234,0.376613,0.390146
00200220_06,02002,1,1,0.360236,0.475641,0.474197,0.338330
00200220_08,02002,3,1,0.414646,0.504189,0.520475,0.229702
00200220_13,02002,1,0,0.457323,0.439477,0.449416,0.440462
00200220_15,02002,2,1,0.114742,0.066338,0.272158,0.372149
00200314_00,02003,3,1,0.625551,0.470128,0.416240,0.307767
00200314_01,02003,1,1,0.198283,0.387902,0.434048,0.140615
00200314_03,02003,2,1,0.279417,0.350907,0.317199,0.105349
00200314_04,02003,4,1,0.402862,0.450350,0.466367,0.385042
00200314_06,02003,4,1,0.420664,0.465306,0.472822,0.405388
00200314_07,02003,1,1,0.309476,0.440857,0.453587,0.290672
00200314_08,02003,1,1,1.000000,0.312349,0.366446,1.000000
00200317_01,02003,4,1,0.419659,0.475505,0.482786,0.440089
00200317_03,02003,2,0,0.309907,0.408173,0.403144,0.331687
00200320_00,02003,3,1,0.568315,0.569554,0.562450,0.425975
00200320_01,02003,1,1,0.159766,0.390241,0.431259,0.107091
00200320_03,02003,1,1,0.404238,0.440185,0.453219,0.384161
00200320_05,02003,3,1,0.637261,0.453946,0.370757,0.219636
00200320_06,02003,1,1,0.241513,0.462745,0.464615,0.232423
00200320_08,02003,3,1,0.827709,0.719982,0.654399,0.666646
00200320_13,02003,1,1,0.340719,0.427414,0.441741,0.332311
00200320_15,02003,2,1,0.152767,0.110281,0.182287,0.050361
00200514_00,02005,3,0,0.688877,0.481169,0.492809,0.803073
00200514_01,02005,1,0,1.000000,0.942688,0.990222,1.000000
00200514_03,02005,2,0,0.506157,0.524522,0.545221,0.488513
00200514_04,02005,4,1,0.493355,0.525640,0.515998,0.364052
00200514_06,02005,4,1,0.398315,0.384012,0.406330,0.287244
00200514_07,02005,1,1,0.457915,0.502576,0.485575,0.481159
00200514_08,02005,1,1,0.442191,0.489597,0.485196,0.411618
00200517_01,02005,4,1,0.454402,0.525262,0.513229,0.578477
00200517_03,02005,2,0,0.462080,0.436722,0.469068,0.416342
00200520_00,02005,3,1,0.936743,0.550650,0.531949,0.889352
00200520_01,02005,1,1,0.416301,0.549167,0.520236,0.484751
00200520_03,02005,1,1,0.447659,0.481696,0.479991,0.444033
00200520_05,02005,3,0,0.599832,0.572714,0.564064,0.636750
00200520_06,02005,1,1,0.476556,0.495408,0.486623,0.470432
00200520_08,02005,3,0,0.555118,0.502148,0.493068,0.763620
00200520_13,02005,1,1,0.571337,0.495290,0.488957,0.645776
00200520_15,02005,2,1,0.418558,0.062692,0.061947,0.000001
00200614_00,02006,3,0,0.602703,0.485004,0.513119,0.132616
00200614_01,02006,1,0,0.530302,0.560722,0.527116,0.611443
00200614_03,02006,2,1,0.938010,0.948921,0.950118,0.000003
00200614_04,02006,4,1,0.359634,0.515791,0.515445,0.368754
00200614_06,02006,4,1,0.295532,0.485281,0.497723,0.200880
00200614_07,02006,1,0,0.591622,0.496764,0.500503,0.566670
00200614_08,02006,1,1,0.485350,0.480502,0.475238,0.490940
00200617_01,02006,4,1,0.319525,0.555584,0.549050,0.342598
00200617_03,02006,2,0,0.416956,0.556065,0.545967,0.443820
00200620_00,02006,3,1,0.366434,0.514846,0.518054,0.255041
00200620_01,02006,1,0,0.037827,0.536686,0.579750,0.004450
00200620_03,02006,1,1,0.550813,0.452081,0.459872,0.605393
00200620_05,02006,3,0,0.198274,0.229818,0.302322,0.871558
00200620_06,02006,1,0,0.432634,0.470886,0.473452,0.432082
00200620_08,02006,3,0,0.680383,0.709686,0.676318,0.882574
00200620_13,02006,1,1,0.555560,0.458836,0.472286,0.538047
00200620_15,02006,2,0,0.336856,0.554111,0.552684,0.290549
00200714_00,02007,3,1,0.546485,0.500127,0.411252,0.169664
00200714_01,02007,1,1,0.338184,0.489796,0.470839,0.337196
00200714_03,02007,2,1,0.859207,0.601109,0.582832,0.999998
00200714_04,02007,4,1,0.429095,0.488628,0.500465,0.479344
00200714_06,02007,4,1,0.479614,0.447200,0.473786,0.486002
00200714_07,02007,1,1,0.366113,0.446115,0.456736,0.336150
00200714_08,02007,1,1,0.480847,0.488272,0.481675,0.531516
00200717_01,02007,4,1,0.419542,0.544567,0.513355,0.498362
00200717_03,02007,2,1,0.379546,0.499785,0.461485,0.587773
00200720_00,02007,3,1,0.368453,0.465166,0.548798,0.291455
00200720_01,02007,1,1,0.779252,0.383528,0.388196,0.573053
00200720_03,02007,1,0,0.449165,0.470759,0.472516,0.455842
00200720_05,02007,3,1,0.879736,0.256163,0.537723,0.025363
00200720_06,02007,1,1,0.410180,0.495872,0.477491,0.466317
00200720_08,02007,3,1,0.000000,0.001450,0.084370,0.000000
00200720_13,02007,1,1,0.512517,0.462379,0.474963,0.445480
00200720_15,02007,2,1,0.988679,0.053399,0.125048,0.998506
00200914_00,02009,3,1,0.530494,0.471037,0.527076,0.431075
00200914_01,02009,1,1,0.312269,0.409064,0.447217,0.248605
00200914_03,02009,2,1,0.435732,0.473328,0.489436,0.588281
00200914_04,02009,4,1,0.462916,0.457183,0.454935,0.337650
00200914_06,02009,4,1,0.347278,0.531721,0.526331,0.364750
00200914_07,02009,1,1,0.601234,0.355689,0.373977,0.307004
00200914_08,02009,1,1,0.413181,0.435509,0.494299,0.392409
00200917_01,02009,4,1,0.300128,0.512149,0.515140,0.250606
00200917_03,02009,2,1,0.517159,0.318108,0.529409,0.627829
00200920_00,02009,3,1,0.299552,0.620083,0.608227,0.616124
00200920_01,02009,1,1,0.609269,0.424437,0.422765,0.591301
00200920_03,02009,1,1,0.387360,0.432943,0.444050,0.401381
00200920_05,02009,3,1,0.335876,0.568987,0.553095,0.387722
00200920_06,02009,1,1,0.636033,0.925754,0.949512,0.998723
00200920_08,02009,3,1,0.734875,0.851714,0.718500,0.954806
00200920_13,02009,1,1,0.491779,0.403580,0.426524,0.383361
00200920_15,02009,2,1,0.819208,0.693937,0.121848,0.049272
00201014_00,02010,3,1,0.009883,0.040331,0.098367,1.000000
00201014_01,02010,1,1,0.301353,0.487950,0.481766,0.271078
00201014_03,02010,2,1,0.382738,0.437821,0.438663,0.325055
00201014_04,02010,4,1,0.438987,0.523935,0.517994,0.482676
00201014_06,02010,4,1,0.454690,0.546931,0.536154,0.498635
00201014_07,02010,1,1,0.351018,0.495225,0.480519,0.258526
00201014_08,02010,1,0,0.375944,0.479891,0.478701,0.339580
00201017_01,02010,4,1,0.438957,0.510974,0.503735,0.493268
00201017_03,02010,2,1,0.479062,0.291215,0.304777,0.176847
00201020_00,02010,3,1,0.233879,0.555160,0.527311,0.115196
00201020_01,02010,1,1,0.407241,0.439255,0.460956,0.306991
00201020_03,02010,1,1,0.501454,0.492366,0.487357,0.490571
00201020_05,02010,3,1,1.000000,0.999491,0.999781,1.000000
00201020_06,02010,1,1,0.436936,0.452071,0.463001,0.357675
00201020_08,02010,3,1,0.750224,0.627460,0.609794,0.907616
00201020_13,02010,1,1,0.473364,0.473828,0.476047,0.409484
00201020_15,02010,2,1,0.251430,0.382154,0.346941,0.252572
00201114_00,02011,3,1,0.001382,0.051600,0.159959,0.000316
00201114_01,02011,1,1,0.210727,0.434530,0.468252,0.146679
00201114_03,02011,2,1,0.614257,0.573128,0.543356,0.699899
00201114_04,02011,4,1,0.492862,0.489845,0.499117,0.487539
00201114_06,02011,4,1,0.404793,0.459421,0.451455,0.415079
00201114_07,02011,1,1,0.431213,0.474516,0.480764,0.418281
00201114_08,02011,1,1,0.379406,0.480502,0.475238,0.371875
00201117_01,02011,4,0,0.332280,0.477039,0.461882,0.362472
00201117_03,02011,2,1,0.349681,0.445733,0.413377,0.316093
00201120_00,02011,3,1,0.695088,0.594447,0.550800,0.603301
00201120_01,02011,1,1,0.199790,0.468727,0.538758,0.283245
00201120_03,02011,1,1,0.675615,0.485302,0.485003,0.668366
00201120_05,02011,3,1,0.606244,0.462063,0.451704,0.890793
00201120_06,02011,1,1,0.486253,0.555272,0.414647,0.004840
00201120_08,02011,3,1,0.875481,0.005874,0.013899,0.886898
00201120_13,02011,1,1,0.554588,0.446245,0.461312,0.593340
00201120_15,02011,2,1,0.248971,0.003673,0.403664,0.000000
00201214_00,02012,3,1,0.452616,0.498193,0.433851,0.209359
00201214_01,02012,1,1,0.488527,0.468111,0.474541,0.445258
00201214_03,02012,2,1,0.433334,0.635210,0.546224,0.687985
00201214_04,02012,4,1,0.594791,0.535419,0.505790,0.736287
00201214_06,02012,4,1,0.426536,0.483360,0.523202,0.487983
00201214_07,02012,1,1,0.500942,0.477131,0.471498,0.517098
00201214_08,02012,1,1,0.423316,0.462246,0.468267,0.388592
00201217_01,02012,4,1,0.511923,0.517953,0.526698,0.619157
00201217_03,02012,2,1,0.279551,0.457386,0.390720,0.306584
00201220_00,02012,3,1,0.204996,0.542496,0.534941,0.129143
00201220_01,02012,1,1,0.303381,0.480157,0.483898,0.210658
00201220_03,02012,1,1,0.487163,0.484068,0.478615,0.544521
00201220_05,02012,3,1,0.844083,0.603281,0.579092,0.943733
00201220_06,02012,1,1,0.366672,0.475477,0.475417,0.351479
00201220_08,02012,3,1,0.137365,0.087441,0.293244,0.441484
00201220_13,02012,1,1,0.437904,0.467185,0.471106,0.425226
00201220_15,02012,2,1,0.098716,0.143603,0.284250,0.090925
00201314_00,02013,3,1,0.421372,0.448285,0.463411,0.277511
00201314_01,02013,1,0,0.355502,0.354114,0.402895,0.271566
00201314_03,02013,2,1,0.413437,0.431997,0.441658,0.365531
00201314_04,02013,4,1,0.503837,0.546011,0.552701,0.602240
00201314_06,02013,4,1,0.428184,0.491439,0.493706,0.517850
00201314_07,02013,1,1,0.403532,0.403088,0.455214,0.331817
00201314_08,02013,1,0,0.414637,0.428736,0.449257,0.335557
00201317_01,02013,4,1,0.429718,0.493881,0.495551,0.475547
00201317_03,02013,2,1,0.270166,0.636866,0.354690,0.473530
00201320_00,02013,3,1,0.371752,0.612175,0.590415,0.295796
00201320_01,02013,1,0,0.493560,0.239371,0.451950,0.332556
00201320_03,02013,1,0,0.490603,0.451814,0.463123,0.500876
00201320_05,02013,3,0,0.327818,0.296681,0.356452,0.574729
00201320_06,02013,1,0,0.357504,0.383503,0.401562,0.221195
00201320_08,02013,3,1,0.016786,0.047981,0.084633,0.000010
00201320_13,02013,1,0,0.412978,0.433089,0.449429,0.435442
00201320_15,02013,2,1,0.167291,0.611623,0.304299,0.359035
00201614_00,02016,3,1,0.243994,0.500066,0.403617,0.133161
00201614_01,02016,1,1,0.403229,0.478064,0.477282,0.305836
00201614_03,02016,2,1,0.365300,0.422306,0.383842,0.288617
00201614_04,02016,4,1,0.592356,0.541842,0.531142,0.654315
00201614_06,02016,4,1,0.490008,0.510515,0.499273,0.624274
00201614_07,02016,1,1,0.428193,0.484888,0.484419,0.394760
00201614_08,02016,1,0,0.993679,0.510379,0.518141,0.970461
00201617_01,02016,4,1,0.472378,0.540531,0.534657,0.372938
00201617_03,02016,2,1,0.419587,0.335259,0.400902,0.396125
00201620_00,02016,3,1,0.274643,0.560749,0.548069,0.184068
00201620_01,02016,1,1,0.749029,0.457622,0.496569,0.824372
00201620_03,02016,1,1,0.443723,0.479248,0.478426,0.412829
00201620_05,02016,3,1,0.001693,0.095697,0.042624,0.000049
00201620_06,02016,1,0,0.550815,0.522223,0.519177,0.700435
00201620_08,02016,3,1,0.618990,0.762345,0.645141,0.506477
00201620_13,02016,1,1,0.433948,0.474845,0.475935,0.391659
00201620_15,02016,2,1,0.122814,0.001508,0.025798,0.001003
00201814_00,02018,3,0,0.592016,0.362408,0.507557,0.394688
00201814_01,02018,1,0,0.998149,0.894068,0.964066,0.936694
00201814_03,02018,2,1,0.500271,0.269603,0.362867,0.109182
00201814_04,02018,4,1,0.446617,0.476831,0.479436,0.432573
00201814_06,02018,4,1,0.408062,0.411264,0.436577,0.346108
00201814_07,02018,1,1,0.435007,0.456944,0.466529,0.440025
00201814_08,02018,1,1,0.542329,0.521378,0.505330,0.612043
00201817_01,02018,4,0,0.319095,0.473096,0.475539,0.338337
00201817_03,02018,2,1,0.278484,0.204099,0.281818,0.070255
00201820_00,02018,3,1,0.225905,0.495498,0.494190,0.110890
00201820_01,02018,1,1,0.309803,0.480306,0.468159,0.434738
00201820_03,02018,1,0,0.599726,0.471017,0.488841,0.582503
00201820_05,02018,3,0,0.840787,0.314280,0.517169,0.789562
00201820_06,02018,1,0,0.563490,0.515995,0.505436,0.603152
00201820_08,02018,3,1,0.562006,0.247323,0.339962,0.395887
00201820_13,02018,1,1,0.536530,0.455229,0.467387,0.527666
00201820_15,02018,2,1,0.322518,0.621367,0.527741,0.552540
00201914_00,02019,3,0,0.735606,0.500137,0.565607,0.718737
00201914_01,02019,1,0,0.426217,0.510078,0.491899,0.461468
00201914_03,02019,2,1,0.690232,0.731913,0.638519,0.851447
00201914_04,02019,4,1,0.445794,0.458583,0.486762,0.509676
00201914_06,02019,4,1,0.502576,0.490343,0.486200,0.586606
00201914_07,02019,1,1,0.465818,0.479306,0.480778,0.454284
00201914_08,02019,1,1,0.756568,0.421995,0.466509,0.691877
00201917_01,02019,4,1,0.537511,0.470259,0.473474,0.591206
00201917_03,02019,2,0,0.477045,0.545313,0.477310,0.610972
00201920_00,02019,3,0,0.183409,0.639456,0.597220,0.148194
00201920_01,02019,1,1,0.572237,0.582332,0.541178,0.796237
00201920_03,02019,1,1,0.507954,0.454670,0.458370,0.527793
00201920_05,02019,3,1,0.810747,0.646833,0.617179,0.903995
00201920_06,02019,1,0,0.612239,0.438641,0.489837,0.592975
00201920_08,02019,3,1,0.860203,0.697928,0.642919,0.990172
00201920_13,02019,1,1,0.534401,0.446559,0.456319,0.495220
00201920_15,02019,2,0,0.262548,0.453231,0.426995,0.338401
00202014_00,02020,3,1,0.423393,0.485574,0.510091,0.306785
00202014_01,02020,1,1,0.351836,0.390654,0.431722,0.286468
00202014_03,02020,2,1,0.434383,0.436481,0.455358,0.403831
00202014_04,02020,4,1,0.526026,0.490504,0.490924,0.641647
00202014_06,02020,4,1,0.154963,0.385553,0.395784,0.011716
00202014_07,02020,1,1,0.329769,0.472983,0.447923,0.341891
00202014_08,02020,1,1,0.640512,0.469656,0.495387,0.572869
00202017_01,02020,4,1,0.402568,0.479783,0.474639,0.406792
00202017_03,02020,2,1,0.335010,0.668183,0.294457,0.537777
00202020_00,02020,3,1,0.352277,0.575887,0.561163,0.259872
00202020_01,02020,1,1,0.315333,0.362560,0.399485,0.240443
00202020_03,02020,1,0,0.398875,0.431695,0.447447,0.414297
00202020_05,02020,3,1,0.404992,0.425999,0.468444,0.165479
00202020_06,02020,1,1,0.478313,0.397246,0.417358,0.461225
00202020_08,02020,3,1,0.560457,0.350783,0.384448,0.139975
00202020_13,02020,1,1,0.353333,0.425219,0.442048,0.343253
00202020_15,02020,2,1,0.323859,0.521516,0.437579,0.402251
00202114_00,02021,3,1,0.232033,0.410630,0.359412,0.174115
00202114_01,02021,1,1,0.384380,0.479191,0.476323,0.315872
00202114_03,02021,2,0,0.682435,0.692033,0.727078,0.854634
00202114_04,02021,4,1,0.562752,0.566623,0.548231,0.672786
00202114_06,02021,4,1,0.475342,0.539044,0.524761,0.593410
00202114_07,02021,1,0,0.505345,0.500700,0.482512,0.576101
00202114_08,02021,1,0,0.641383,0.471514,0.476640,0.577923
00202117_01,02021,4,1,0.470635,0.527215,0.518142,0.550931
00202117_03,02021,2,0,0.452751,0.555593,0.551386,0.859093
00202120_00,02021,3,1,0.303104,0.564480,0.537862,0.220001
00202120_01,02021,1,1,0.260844,0.429381,0.410018,0.352883
00202120_03,02021,1,1,0.432219,0.479828,0.478405,0.403262
00202120_05,02021,3,1,0.474193,0.451733,0.420371,0.434709
00202120_06,02021,1,0,0.999994,0.888917,0.906468,0.999904
00202120_08,02021,3,0,0.765431,0.516255,0.500476,0.701053
00202120_13,02021,1,0,0.450511,0.474328,0.477371,0.396183
00202120_15,02021,2,1,0.245089,0.203361,0.264838,0.108977
00202214_00,02022,3,1,0.996043,0.452589,0.505310,0.954357
00202214_01,02022,1,1,0.998591,0.041936,0.503471,0.987591
00202214_03,02022,2,1,0.542869,0.496867,0.509693,0.341124
00202214_04,02022,4,1,0.300806,0.553775,0.549909,0.222008
00202214_06,02022,4,1,0.020673,0.002317,0.010985,0.878348
00202214_07,02022,1,1,0.189558,0.943104,0.258970,0.859076
00202214_08,02022,1,1,0.426064,0.443418,0.463349,0.422328
00202217_01,02022,4,1,0.300328,0.518555,0.517298,0.326335
00202217_03,02022,2,1,0.432746,0.476563,0.501551,0.368779
00202220_00,02022,3,1,0.462918,0.558864,0.540608,0.415524
00202220_01,02022,1,1,0.181632,0.406559,0.450765,0.110806
00202220_03,02022,1,1,0.519790,0.433229,0.452521,0.514586
00202220_05,02022,3,1,0.924128,0.561155,0.549938,0.848218
00202220_06,02022,1,1,0.367732,0.487383,0.479588,0.336119
00202220_08,02022,3,1,0.779930,0.451255,0.453043,0.306453
00202220_13,02022,1,1,0.615991,0.495117,0.508040,0.580765
00202220_15,02022,2,1,0.025615,0.055781,0.016201,0.999869
00202401_01,02024,2,1,0.557346,0.535830,0.538166,0.503040
00202401_03,02024,4,1,0.497917,0.429814,0.458714,0.388880
00202401_05,02024,1,1,0.381996,0.446382,0.455407,0.337979
00202401_06,02024,2,1,0.365972,0.301410,0.410706,0.218631
00202401_07,02024,4,1,0.479230,0.386112,0.396664,0.213456
00202401_09,02024,1,1,0.410803,0.426451,0.434209,0.384205
00202401_10,02024,2,1,0.508565,0.475640,0.504149,0.453861
00202407_02,02024,4,1,0.507639,0.409649,0.457465,0.472391
00202407_03,02024,2,1,0.529550,0.502101,0.493587,0.515464
00202407_04,02024,4,1,0.422244,0.500932,0.510496,0.426927
00202407_05,02024,4,1,0.438997,0.323719,0.382524,0.266740
00202407_06,02024,1,1,0.330687,0.457638,0.463375,0.263279
00202407_07,02024,1,1,0.399759,0.511754,0.515233,0.346186
00202408_00,02024,2,1,0.480900,0.476951,0.482391,0.421590
00202408_02,02024,4,1,0.460089,0.390081,0.421301,0.328858
00202408_04,02024,3,1,0.000434,0.264198,0.002786,0.000000
00202408_05,02024,4,1,0.470463,0.345893,0.383005,0.227432
00202408_07,02024,2,1,0.479570,0.474707,0.507442,0.392156
00202409_03,02024,1,1,0.441342,0.457430,0.453708,0.469407
00202409_10,02024,4,1,0.487261,0.372882,0.387320,0.179237
00202409_11,02024,4,1,0.534122,0.556081,0.524936,0.681261
00202411_01,02024,1,1,0.464474,0.457114,0.461566,0.481669
00202411_06,02024,2,1,0.525868,0.484976,0.486830,0.501620
00202411_07,02024,4,1,0.399171,0.406701,0.407311,0.272584
00202411_08,02024,3,1,0.133250,0.400653,0.346553,0.205125
00202411_10,02024,2,1,0.592063,0.484509,0.502429,0.758605
00202411_11,02024,4,1,0.363926,0.212811,0.266035,0.021146
00202413_02,02024,4,1,0.511411,0.486468,0.501202,0.457532
00202413_03,02024,4,1,0.504944,0.471959,0.494824,0.431991
00202413_06,02024,1,1,0.482816,0.459342,0.463417,0.526762
00202413_08,02024,2,1,0.311158,0.418449,0.362353,0.236696
00202413_09,02024,4,1,0.523143,0.421937,0.450596,0.457964
00202413_10,02024,4,1,0.438528,0.317028,0.326944,0.077091
00202418_01,02024,4,1,0.573828,0.508178,0.509004,0.600134
00202418_02,02024,1,1,0.341787,0.430688,0.435704,0.263363
00202418_03,02024,1,1,0.411497,0.457786,0.460679,0.386294
00202418_04,02024,2,1,0.353477,0.425310,0.385494,0.276577
00202418_06,02024,1,1,0.249360,0.480746,0.472475,0.204216
00202418_08,02024,1,1,0.408795,0.479031,0.469733,0.430635
00202418_10,02024,2,1,0.585224,0.514919,0.510804,0.628320
00202420_00,02024,4,1,0.408575,0.421496,0.476076,0.223348
00202420_03,02024,1,1,0.504735,0.465849,0.466488,0.509667
00202420_05,02024,4,1,0.464919,0.479457,0.490431,0.457604
00202420_06,02024,2,1,0.535511,0.502101,0.493587,0.520616
00202420_08,02024,4,1,0.452457,0.413832,0.425095,0.418047
00202424_01,02024,4,1,0.358080,0.274390,0.272175,0.011054
00202424_03,02024,1,1,0.408164,0.442816,0.450114,0.387249
00202424_04,02024,2,1,0.561378,0.581096,0.551285,0.693281
00202426_00,02024,4,1,0.454156,0.340186,0.411216,0.225477
00202426_02,02024,2,1,0.465971,0.502300,0.526882,0.427944
00202426_03,02024,4,1,0.507642,0.464086,0.483489,0.453294
00202426_04,02024,4,1,0.433263,0.359432,0.351067,0.102871
00202426_05,02024,1,1,0.257694,0.440736,0.451730,0.166386
00202426_06,02024,4,1,0.245349,0.135164,0.185668,0.003987
00202426_07,02024,1,1,0.487212,0.452393,0.459555,0.474351
00202426_08,02024,3,1,0.156493,0.712972,0.964455,0.000026
00202426_09,02024,3,1,0.100530,0.279114,0.337501,0.150436
00202426_10,02024,4,1,0.306878,0.500932,0.510496,0.246896
00202428_00,02024,4,1,0.480385,0.401525,0.419223,0.260184
00202428_01,02024,2,1,0.353667,0.414419,0.403128,0.314432
00202428_02,02024,4,1,0.449560,0.360430,0.359513,0.147257
00202428_03,02024,2,1,0.435653,0.494483,0.491185,0.502248
00202428_04,02024,3,1,0.372540,0.464047,0.478954,0.547102
00202428_05,02024,4,1,0.426781,0.258483,0.326607,0.067231
00202428_07,02024,3,1,0.008283,0.520646,0.651044,0.297012
00202429_02,02024,4,1,0.386005,0.229207,0.295547,0.073704
00202429_03,02024,3,1,0.272030,0.360410,0.352616,0.130401
00202429_04,02024,1,1,0.447693,0.465892,0.476023,0.419554
00202429_05,02024,1,1,0.492132,0.472331,0.472411,0.510991
00202429_07,02024,2,1,0.455170,0.524297,0.484988,0.525932
00202429_08,02024,3,1,0.000029,0.063458,0.303727,0.009746
00202429_10,02024,4,1,0.454191,0.402607,0.423015,0.275859
00202801_01,02028,2,1,0.547646,0.445087,0.472132,0.494580
00202801_03,02028,4,0,0.480339,0.491563,0.498391,0.562533
00202801_05,02028,1,1,0.407575,0.494492,0.475716,0.439715
00202801_06,02028,2,1,0.313546,0.227305,0.324028,0.102886
00202801_07,02028,4,1,0.421432,0.314549,0.354718,0.133117
00202801_09,02028,1,0,0.748443,0.516812,0.525149,0.893610
00202801_10,02028,2,1,0.490618,0.508473,0.486891,0.456413
00202807_02,02028,4,0,0.496896,0.445708,0.435189,0.422368
00202807_03,02028,2,0,0.482212,0.512361,0.492915,0.458455
00202807_04,02028,4,0,0.468194,0.514408,0.523904,0.560641
00202807_05,02028,4,0,0.479940,0.525011,0.514471,0.599322
00202807_06,02028,1,1,0.431288,0.473307,0.476287,0.443231
00202807_07,02028,1,0,0.999998,0.967863,0.708593,1.000000
00202808_00,02028,2,1,0.558367,0.689954,0.535871,0.701704
00202808_02,02028,4,1,0.524676,0.446239,0.449618,0.611529
00202808_04,02028,3,0,0.591024,0.597297,0.601714,0.697876
00202808_05,02028,4,1,0.601269,0.463117,0.424092,0.509008
00202808_07,02028,2,1,0.429327,0.297090,0.409869,0.227165
00202809_03,02028,1,1,0.546557,0.450999,0.458666,0.539656
00202809_10,02028,4,1,0.697792,0.625093,0.595374,0.848228
00202809_11,02028,4,1,0.432270,0.412028,0.422850,0.445089
00202811_01,02028,1,1,0.624827,0.496005,0.481806,0.754054
00202811_06,02028,2,0,0.534670,0.404582,0.468319,0.612075
00202811_07,02028,4,1,0.377687,0.492476,0.499876,0.342855
00202811_08,02028,3,1,0.356899,0.419793,0.370040,0.249211
00202811_10,02028,2,0,0.504071,0.449525,0.478130,0.469622
00202811_11,02028,4,0,0.691001,0.659719,0.613407,0.759856
00202813_02,02028,4,0,0.430585,0.517338,0.522903,0.501837
00202813_03,02028,4,0,0.432852,0.482521,0.495997,0.454649
00202813_06,02028,1,1,0.602433,0.488272,0.481675,0.674801
00202813_08,02028,2,0,0.591687,0.835589,0.648732,0.878728
00202813_09,02028,4,0,0.442871,0.497180,0.504814,0.525919
00202813_10,02028,4,1,0.423037,0.348089,0.386660,0.246218
00202818_01,02028,4,1,0.511205,0.540876,0.515262,0.619911
00202818_02,02028,1,1,0.513715,0.465043,0.484152,0.405601
00202818_03,02028,1,1,0.487541,0.465279,0.470231,0.459793
00202818_04,02028,2,1,0.600443,0.692486,0.559894,0.719360
00202818_06,02028,1,1,0.343677,0.446784,0.459093,0.268088
00202818_08,02028,1,1,0.501303,0.461369,0.471846,0.462640
00202818_10,02028,2,1,0.491564,0.396430,0.465240,0.495092
00202820_00,02028,4,1,0.352211,0.500169,0.507324,0.342052
00202820_03,02028,1,1,0.460508,0.467918,0.471611,0.449336
00202820_05,02028,4,1,0.390188,0.492627,0.499261,0.304711
00202820_06,02028,2,0,0.502967,0.483570,0.478087,0.412740
00202820_08,02028,4,1,0.391758,0.467110,0.480087,0.294433
00202824_01,02028,4,0,0.982854,0.381588,0.582848,0.000001
00202824_03,02028,1,1,0.390088,0.494987,0.480289,0.438400
00202824_04,02028,2,1,0.515441,0.543444,0.507868,0.547065
00202826_00,02028,4,1,0.459610,0.430896,0.462893,0.412621
00202826_02,02028,2,1,0.682624,0.839425,0.704380,0.950102
00202826_03,02028,4,0,0.401065,0.507505,0.519234,0.426501
00202826_04,02028,4,1,0.520546,0.404829,0.322270,0.024794
00202826_05,02028,1,1,0.526179,0.454412,0.495523,0.392475
00202826_06,02028,4,1,0.474503,0.365706,0.484785,0.489337
00202826_07,02028,1,1,0.470565,0.468970,0.500022,0.419809
00202826_08,02028,3,1,0.610061,0.570691,0.541658,0.563222
00202826_09,02028,3,1,0.373452,0.579521,0.556941,0.305642
00202826_10,02028,4,1,0.765602,0.384594,0.406709,0.775969
00202828_00,02028,4,1,0.422010,0.469611,0.487102,0.415364
00202828_01,02028,2,1,0.595192,0.691476,0.593555,0.789105
00202828_02,02028,4,0,0.441861,0.414663,0.484024,0.454988
00202828_03,02028,2,1,0.452149,0.535050,0.479216,0.563470
00202828_04,02028,3,1,0.290364,0.526821,0.493783,0.196478
00202828_05,02028,4,1,0.352002,0.291645,0.302884,0.103927
00202828_07,02028,3,1,0.527246,0.495031,0.540609,0.398977
00202829_02,02028,4,1,0.510920,0.516758,0.521487,0.624449
00202829_03,02028,3,1,0.506026,0.490054,0.525103,0.487195
00202829_04,02028,1,1,0.444138,0.397361,0.413409,0.105074
00202829_05,02028,1,1,0.491871,0.480291,0.482791,0.508082
00202829_07,02028,2,0,0.272737,0.246295,0.409890,0.103612
00202829_08,02028,3,1,0.297659,0.365745,0.413022,0.196474
00202829_10,02028,4,1,0.526030,0.461214,0.477942,0.596715
00202901_01,02029,2,1,0.491344,0.426560,0.464784,0.443866
00202901_03,02029,4,1,0.480395,0.471492,0.481917,0.426870
00202901_05,02029,1,1,0.414541,0.449913,0.496023,0.323412
00202901_06,02029,2,1,0.329634,0.395496,0.365056,0.250801
00202901_07,02029,4,1,0.496331,0.455380,0.461287,0.367084
00202901_09,02029,1,0,0.396392,0.394019,0.433574,0.342764
00202901_10,02029,2,1,0.488323,0.385374,0.474931,0.410049
00202907_02,02029,4,1,0.467780,0.437778,0.449461,0.384163
00202907_03,02029,2,1,0.515795,0.481022,0.485567,0.552924
00202907_04,02029,4,1,0.492110,0.480085,0.462428,0.442153
00202907_05,02029,4,1,0.477763,0.446995,0.456425,0.420921
00202907_06,02029,1,1,0.356986,0.464658,0.474587,0.315991
00202907_07,02029,1,1,0.323087,0.457735,0.440593,0.283992
00202908_00,02029,2,1,0.442938,0.535758,0.493852,0.488781
00202908_02,02029,4,1,0.412615,0.532357,0.522320,0.424167
00202908_04,02029,3,1,0.555496,0.473547,0.495595,0.388817
00202908_05,02029,4,1,0.354137,0.277399,0.318061,0.073761
00202908_07,02029,2,1,0.333929,0.412509,0.394129,0.223167
00202909_03,02029,1,0,0.446485,0.455302,0.471032,0.474282
00202909_10,02029,4,1,0.586195,0.504914,0.457045,0.422440
00202909_11,02029,4,1,0.348678,0.321080,0.316213,0.046519
00202911_01,02029,1,1,0.365541,0.422856,0.440098,0.347031
00202911_06,02029,2,1,0.513601,0.472054,0.477091,0.489530
00202911_07,02029,4,1,0.430078,0.490153,0.481349,0.493562
00202911_08,02029,3,1,0.708439,0.566493,0.520037,0.510459
00202911_10,02029,2,1,0.493706,0.475439,0.480218,0.489990
00202911_11,02029,4,1,0.417836,0.345599,0.370045,0.144142
00202913_02,02029,4,1,0.614364,0.596983,0.561749,0.715588
00202913_03,02029,4,1,0.491587,0.514350,0.509459,0.499674
00202913_06,02029,1,1,0.383084,0.434284,0.453050,0.370263
00202913_08,02029,2,1,0.130868,0.000431,0.239883,0.003863
00202913_09,02029,4,1,0.486043,0.492547,0.493252,0.427053
00202913_10,02029,4,1,0.194124,0.017275,0.068993,0.000004
00202918_01,02029,4,1,0.522463,0.523558,0.522003,0.568135
00202918_02,02029,1,1,0.267564,0.445445,0.449577,0.248823
00202918_03,02029,1,1,0.509606,0.409849,0.438315,0.485474
00202918_04,02029,2,1,0.460124,0.492671,0.536001,0.451829
00202918_06,02029,1,1,0.236086,0.515218,0.433978,0.273723
00202918_08,02029,1,1,0.254469,0.426279,0.445104,0.219596
00202918_10,02029,2,1,0.678997,0.533112,0.516258,0.652057
00202920_00,02029,4,1,0.341053,0.534728,0.527525,0.305207
00202920_03,02029,1,1,0.948267,0.393754,0.450399,0.936537
00202920_05,02029,4,1,0.419973,0.470454,0.472920,0.400655
00202920_06,02029,2,1,0.512236,0.483903,0.482355,0.448741
00202920_08,02029,4,1,0.444692,0.485607,0.469130,0.542738
00202924_01,02029,4,1,0.113087,0.114406,0.169070,0.003318
00202924_03,02029,1,1,0.195858,0.397817,0.429800,0.143136
00202924_04,02029,2,1,0.484780,0.506563,0.492194,0.471260
00202926_00,02029,4,1,0.412254,0.502936,0.518790,0.365766
00202926_02,02029,2,1,0.368764,0.512514,0.525996,0.759061
00202926_03,02029,4,1,0.462798,0.396022,0.420829,0.277740
00202926_04,02029,4,1,0.001541,0.009393,0.002701,0.000000
00202926_05,02029,1,1,0.218298,0.410528,0.433004,0.204343
00202926_06,02029,4,1,0.352155,0.256740,0.328981,0.132060
00202926_07,02029,1,1,0.215159,0.336488,0.396317,0.118512
00202926_08,02029,3,1,0.856475,0.574052,0.580826,0.924719
00202926_09,02029,3,1,0.291778,0.484841,0.481979,0.192942
00202926_10,02029,4,1,0.336583,0.521515,0.517219,0.308022
00202928_00,02029,4,1,0.450515,0.512360,0.517519,0.374194
00202928_01,02029,2,1,0.326666,0.373541,0.392957,0.294970
00202928_02,02029,4,1,0.169386,0.111505,0.179878,0.011464
00202928_03,02029,2,1,0.394459,0.364288,0.383404,0.220148
00202928_04,02029,3,1,0.500358,0.613844,0.591954,0.469423
00202928_05,02029,4,1,0.428142,0.338426,0.318031,0.119219
00202928_07,02029,3,1,0.608797,0.571928,0.567203,0.473687
00202929_02,02029,4,1,0.383719,0.343334,0.400842,0.189821
00202929_03,02029,3,1,0.403278,0.518988,0.446911,0.255836
00202929_04,02029,1,1,0.521837,0.472874,0.503309,0.558133
00202929_05,02029,1,1,0.360861,0.431632,0.451832,0.341614
00202929_07,02029,2,1,0.163865,0.204319,0.260157,0.118885
00202929_08,02029,3,1,0.510905,0.233260,0.229820,0.008039
00202929_10,02029,4,1,0.414803,0.493712,0.489346,0.390573
00203001_01,02030,2,1,0.478923,0.519942,0.520825,0.418698
00203001_03,02030,4,1,0.527126,0.504087,0.503181,0.618511
00203001_05,02030,1,1,0.530583,0.537845,0.529922,0.516633
00203001_06,02030,2,1,0.420516,0.425394,0.503916,0.779617
00203001_07,02030,4,1,0.270073,0.332090,0.362628,0.066631
00203001_09,02030,1,1,0.520431,0.513243,0.520683,0.574183
00203001_10,02030,2,1,0.455971,0.453740,0.476798,0.414335
00203007_02,02030,4,1,0.565700,0.499148,0.517027,0.458700
00203007_03,02030,2,1,0.413066,0.537947,0.509524,0.354199
00203007_04,02030,4,1,0.487531,0.441868,0.449725,0.466677
00203007_05,02030,4,0,0.540018,0.518813,0.533374,0.689847
00203007_06,02030,1,1,0.390493,0.482378,0.472093,0.301627
00203007_07,02030,1,1,0.866762,0.653836,0.599474,0.991767
00203008_00,02030,2,1,0.524585,0.411097,0.450626,0.351886
00203008_02,02030,4,0,0.171769,0.348047,0.377400,0.204610
00203008_04,02030,3,0,0.705922,0.626190,0.625519,0.717123
00203008_05,02030,4,0,0.501817,0.517573,0.513234,0.482700
00203008_07,02030,2,1,0.482089,0.255504,0.421816,0.223172
00203009_03,02030,1,0,0.429996,0.479186,0.477936,0.410961
00203009_10,02030,4,0,0.615063,0.617601,0.568527,0.751430
00203009_11,02030,4,0,0.298966,0.171501,0.233917,0.015123
00203011_01,02030,1,1,0.443703,0.479711,0.478323,0.417190
00203011_06,02030,2,0,0.450992,0.460027,0.479064,0.444786
00203011_07,02030,4,1,0.399861,0.509951,0.517044,0.303959
00203011_08,02030,3,1,0.622635,0.546910,0.610059,0.357603
00203011_10,02030,2,0,0.454940,0.506013,0.496961,0.423220
00203011_11,02030,4,0,0.697745,0.630804,0.590814,0.270772
00203013_02,02030,4,1,0.519762,0.503360,0.505349,0.539824
00203013_03,02030,4,1,0.521021,0.482710,0.482393,0.704876
00203013_06,02030,1,1,0.571284,0.495290,0.488957,0.645702
00203013_08,02030,2,1,0.444216,0.443981,0.474029,0.320095
00203013_09,02030,4,0,0.619791,0.619976,0.586327,0.796774
00203013_10,02030,4,1,0.074131,0.077884,0.111982,0.001505
00203018_01,02030,4,1,0.259912,0.186610,0.241249,0.048467
00203018_02,02030,1,1,0.405025,0.478280,0.477145,0.358584
00203018_03,02030,1,1,0.461157,0.470913,0.472879,0.440512
00203018_04,02030,2,1,0.000239,0.006503,0.000690,0.000000
00203018_06,02030,1,1,0.418170,0.453437,0.478010,0.336376
00203018_08,02030,1,1,0.695884,0.477174,0.481546,0.824661
00203018_10,02030,2,0,0.506165,0.467285,0.481115,0.454617
00203020_00,02030,4,1,0.518402,0.575541,0.553525,0.775710
00203020_03,02030,1,1,0.571180,0.495290,0.488957,0.645554
00203020_05,02030,4,0,0.494690,0.553778,0.539870,0.657601
00203020_06,02030,2,0,0.432280,0.498337,0.492264,0.292336
00203020_08,02030,4,1,0.527646,0.438691,0.443574,0.515706
00203024_01,02030,4,1,0.599367,0.557289,0.574797,0.818119
00203024_03,02030,1,1,0.456200,0.549349,0.509925,0.528652
00203024_04,02030,2,1,0.591493,0.603103,0.628230,0.925424
00203026_00,02030,4,1,0.636946,0.561905,0.550626,0.720975
00203026_02,02030,2,1,0.502699,0.355370,0.426406,0.277842
00203026_03,02030,4,0,0.456288,0.439551,0.447510,0.458287
00203026_04,02030,4,1,0.516775,0.353028,0.349743,0.080813
00203026_05,02030,1,1,0.365720,0.487154,0.492528,0.305799
00203026_06,02030,4,1,0.250999,0.481545,0.515011,0.790925
00203026_07,02030,1,1,0.511575,0.605840,0.560656,0.555421
00203026_08,02030,3,1,0.378338,0.436586,0.473230,0.618969
00203026_09,02030,3,1,0.508190,0.593142,0.598171,0.409007
00203026_10,02030,4,1,0.421154,0.457685,0.465328,0.554434
00203028_00,02030,4,1,0.484615,0.328878,0.340288,0.059096
00203028_01,02030,2,1,0.405673,0.125056,0.270468,0.000505
00203028_02,02030,4,1,0.344892,0.191394,0.227381,0.015389
00203028_03,02030,2,1,0.476412,0.416163,0.439101,0.423527
00203028_04,02030,3,1,0.061675,0.419208,0.408448,0.042761
00203028_05,02030,4,1,0.728633,0.621897,0.612677,0.742135
00203028_07,02030,3,0,0.290108,0.414092,0.452545,0.440479
00203029_02,02030,4,1,0.525377,0.548422,0.510110,0.746419
00203029_03,02030,3,1,0.998654,0.865982,0.895755,1.000000
00203029_04,02030,1,1,0.515546,0.475331,0.476301,0.441900
00203029_05,02030,1,1,0.477803,0.495290,0.488957,0.527743
00203029_07,02030,2,1,0.497750,0.357256,0.503952,0.593449
00203029_08,02030,3,1,0.317121,0.396802,0.478219,0.228836
00203029_10,02030,4,1,0.516238,0.586127,0.561439,0.343574
00203101_01,02031,2,1,0.527377,0.556065,0.545967,0.507716
00203101_03,02031,4,1,0.618328,0.559151,0.551755,0.642132
00203101_05,02031,1,1,0.431668,0.488948,0.479192,0.435362
00203101_06,02031,2,1,0.554052,0.424784,0.448724,0.366780
00203101_07,02031,4,1,0.593095,0.415796,0.518612,0.481606
00203101_09,02031,1,1,0.298538,0.471672,0.476244,0.338954
00203101_10,02031,2,1,0.547893,0.587932,0.550283,0.673203
00203107_02,02031,4,1,0.193446,0.510153,0.525831,0.185741
00203107_03,02031,2,1,0.565162,0.576542,0.567774,0.723543
00203107_04,02031,4,1,0.553783,0.613660,0.597615,0.559315
00203107_05,02031,4,1,0.351438,0.380440,0.381404,0.399670
00203107_06,02031,1,1,0.485801,0.480502,0.475238,0.491448
00203107_07,02031,1,1,0.160279,0.370987,0.405536,0.064572
00203108_00,02031,2,1,0.675427,0.553989,0.554543,0.594426
00203108_02,02031,4,1,0.465639,0.570318,0.543118,0.541831
00203108_04,02031,3,1,0.381215,0.546360,0.488680,0.272591
00203108_05,02031,4,1,0.501506,0.478010,0.460276,0.507948
00203108_07,02031,2,1,0.653544,0.602171,0.588805,0.644467
00203109_03,02031,1,1,0.526890,0.452048,0.460994,0.456602
00203109_10,02031,4,1,0.495476,0.486359,0.506486,0.560433
00203109_11,02031,4,1,0.635874,0.577901,0.553722,0.590662
00203111_01,02031,1,1,0.675434,0.480502,0.475238,0.699678
00203111_06,02031,2,1,0.509400,0.556065,0.545967,0.497335
00203111_07,02031,4,1,0.340724,0.522627,0.525447,0.467794
00203111_08,02031,3,1,0.737255,0.539424,0.479395,0.707576
00203111_10,02031,2,1,0.543040,0.556065,0.545967,0.524847
00203111_11,02031,4,1,0.227162,0.282921,0.328558,0.190486
00203113_02,02031,4,1,0.618280,0.577974,0.557232,0.693261
00203113_03,02031,4,1,0.552646,0.453166,0.438769,0.550754
00203113_06,02031,1,1,0.675335,0.480502,0.475238,0.699572
00203113_08,02031,2,1,0.665166,0.565532,0.556412,0.582514
00203113_09,02031,4,0,0.628674,0.558305,0.548436,0.662693
00203113_10,02031,4,1,0.409715,0.613397,0.484491,0.478228
00203118_01,02031,4,1,0.619853,0.530174,0.520868,0.667051
00203118_02,02031,1,1,0.485575,0.480502,0.475238,0.491194
00203118_03,02031,1,1,0.546659,0.440657,0.457296,0.552786
00203118_04,02031,2,1,0.659115,0.453825,0.455910,0.444621
00203118_06,02031,1,1,0.333310,0.478437,0.488206,0.329872
00203118_08,02031,1,1,0.335170,0.490988,0.471197,0.321678
00203118_10,02031,2,1,0.528015,0.559490,0.557987,0.486961
00203120_00,02031,4,1,0.021850,0.039126,0.059509,0.000088
00203120_03,02031,1,1,0.675137,0.480502,0.475238,0.699358
00203120_05,02031,4,0,0.609874,0.440730,0.459891,0.523120
00203120_06,02031,2,1,0.584044,0.575133,0.578242,0.591920
00203120_08,02031,4,1,0.421866,0.386028,0.424905,0.379634
00203124_01,02031,4,1,0.482354,0.454017,0.472656,0.402004
00203124_03,02031,1,1,0.316283,0.425740,0.462425,0.351311
00203124_04,02031,2,1,0.581200,0.645261,0.572269,0.652274
00203126_00,02031,4,1,0.450775,0.468416,0.485390,0.422523
00203126_02,02031,2,1,0.674862,0.604137,0.598345,0.620663
00203126_03,02031,4,1,0.624748,0.555845,0.548455,0.641353
00203126_04,02031,4,1,0.336974,0.406337,0.400110,0.300881
00203126_05,02031,1,1,0.329752,0.438757,0.448503,0.370580
00203126_06,02031,4,1,0.253738,0.303738,0.331725,0.182081
00203126_07,02031,1,0,0.385467,0.470338,0.483502,0.358207
00203126_08,02031,3,0,0.580169,0.190712,0.569573,0.311651
00203126_09,02031,3,1,0.501665,0.508452,0.517623,0.301270
00203126_10,02031,4,1,0.352430,0.475266,0.493841,0.245383
00203128_00,02031,4,1,0.363730,0.563896,0.547904,0.420499
00203128_01,02031,2,1,0.621649,0.604413,0.593726,0.691752
00203128_02,02031,4,0,0.718669,0.541899,0.615557,0.746435
00203128_03,02031,2,1,0.647139,0.573172,0.565179,0.615967
00203128_04,02031,3,1,0.237112,0.534828,0.532266,0.114268
00203128_05,02031,4,1,0.518213,0.514460,0.503053,0.607551
00203128_07,02031,3,0,0.627758,0.546178,0.544649,0.572731
00203129_02,02031,4,1,0.596163,0.515232,0.532909,0.698350
00203129_03,02031,3,1,0.156963,0.486982,0.477008,0.097828
00203129_04,02031,1,1,0.409541,0.461204,0.475286,0.390594
00203129_05,02031,1,1,0.490654,0.447712,0.464262,0.481685
00203129_07,02031,2,1,0.425531,0.439950,0.498870,0.451837
00203129_08,02031,3,1,0.426633,0.436993,0.420150,0.258152
00203129_10,02031,4,1,0.793230,0.727240,0.669940,0.897007
00203301_01,02033,2,1,0.582655,0.486893,0.515243,0.501896
00203301_03,02033,4,1,0.505903,0.457139,0.482709,0.426646
00203301_05,02033,1,1,0.368893,0.471857,0.468834,0.353174
00203301_06,02033,2,1,0.392596,0.432568,0.421804,0.319463
00203301_07,02033,4,1,0.462025,0.389701,0.387610,0.165346
00203301_09,02033,1,1,0.377385,0.479866,0.484347,0.239152
00203301_10,02033,2,1,0.547924,0.514242,0.510984,0.503560
00203307_02,02033,4,1,0.519278,0.450473,0.480515,0.454109
00203307_03,02033,2,1,0.585652,0.520812,0.509344,0.657931
00203307_04,02033,4,1,0.414723,0.318910,0.347595,0.134409
00203307_05,02033,4,1,0.502674,0.440447,0.470828,0.403351
00203307_06,02033,1,1,0.336936,0.468213,0.467615,0.298836
00203307_07,02033,1,1,0.270566,0.457267,0.456397,0.248463
00203308_00,02033,2,1,0.399159,0.415633,0.418938,0.303085
00203308_02,02033,4,1,0.547058,0.472830,0.484778,0.496511
00203308_04,02033,3,1,0.434958,0.521714,0.486877,0.334489
00203308_05,02033,4,1,0.506374,0.354297,0.382761,0.221765
00203308_07,02033,2,1,0.439489,0.416723,0.442039,0.312974
00203309_03,02033,1,1,0.407337,0.478507,0.470044,0.432155
00203309_10,02033,4,1,0.597933,0.568078,0.556958,0.697925
00203309_11,02033,4,1,0.324012,0.210807,0.256904,0.013017
00203311_01,02033,1,1,0.458926,0.469583,0.470701,0.543244
00203311_06,02033,2,1,0.536175,0.501969,0.499478,0.503103
00203311_07,02033,4,1,0.339870,0.505512,0.501755,0.424130
00203311_08,02033,3,1,0.257634,0.260997,0.251815,0.022136
00203311_10,02033,2,1,0.525354,0.491314,0.493803,0.540311
00203311_11,02033,4,1,0.401485,0.287678,0.322742,0.072106
00203313_02,02033,4,1,0.493901,0.503398,0.513026,0.492314
00203313_03,02033,4,1,0.506018,0.464436,0.490484,0.424512
00203313_06,02033,1,1,0.521693,0.468570,0.476636,0.464544
00203313_08,02033,2,1,0.711886,0.642954,0.645258,0.480295
00203313_09,02033,4,1,0.506369,0.344247,0.409328,0.338620
00203313_10,02033,4,1,0.296453,0.277159,0.337874,0.127406
00203318_01,02033,4,1,0.516540,0.461215,0.483505,0.520684
00203318_02,02033,1,1,0.353116,0.456811,0.460882,0.325144
00203318_03,02033,1,1,0.426681,0.455831,0.459077,0.411428
00203318_04,02033,2,1,0.410663,0.413766,0.424530,0.274895
00203318_06,02033,1,1,0.237463,0.461406,0.466192,0.162253
00203318_08,02033,1,1,0.362209,0.463772,0.464574,0.320465
00203318_10,02033,2,1,0.527579,0.490087,0.491491,0.513932
00203320_00,02033,4,1,0.582357,0.435091,0.459697,0.798817
00203320_03,02033,1,1,0.457968,0.457301,0.460370,0.475016
00203320_05,02033,4,1,0.468467,0.460793,0.477877,0.452091
00203320_06,02033,2,1,0.583603,0.517138,0.511563,0.657407
00203320_08,02033,4,1,0.451781,0.360320,0.402972,0.296452
00203324_01,02033,4,1,0.404157,0.310863,0.318847,0.091786
00203324_03,02033,1,1,0.267958,0.461219,0.458207,0.253776
00203324_04,02033,2,1,0.534505,0.501026,0.505649,0.543135
00203326_00,02033,4,1,0.477941,0.391694,0.426266,0.368354
00203326_02,02033,2,1,0.436870,0.476693,0.454482,0.418331
00203326_03,02033,4,1,0.510049,0.451056,0.484996,0.447356
00203326_04,02033,4,1,0.399328,0.279216,0.317125,0.088691
00203326_05,02033,1,1,0.352275,0.461610,0.464197,0.330571
00203326_06,02033,4,1,0.402617,0.275366,0.310311,0.069135
00203326_07,02033,1,1,0.390347,0.522027,0.516179,0.417799
00203326_08,02033,3,1,0.653897,0.614281,0.624394,0.777776
00203326_09,02033,3,1,0.117316,0.432038,0.475675,0.044459
00203326_10,02033,4,1,0.385638,0.484123,0.493449,0.592463
00203328_00,02033,4,1,0.364038,0.514186,0.519257,0.344240
00203328_01,02033,2,1,0.497888,0.487384,0.506663,0.481135
00203328_02,02033,4,1,0.438884,0.355576,0.363359,0.189646
00203328_03,02033,2,1,0.435420,0.473285,0.473546,0.448889
00203328_04,02033,3,1,0.319050,0.550508,0.536965,0.321578
00203328_05,02033,4,1,0.387906,0.316381,0.266796,0.053453
00203328_07,02033,3,1,0.051555,0.060302,0.016950,0.203011
00203329_02,02033,4,1,0.445507,0.291598,0.381591,0.268935
00203329_03,02033,3,1,0.886014,0.704251,0.720442,0.935587
00203329_04,02033,1,1,0.390308,0.453484,0.457293,0.352609
00203329_05,02033,1,1,0.438443,0.458679,0.464498,0.421126
00203329_07,02033,2,1,0.425781,0.394419,0.445617,0.373506
00203329_08,02033,3,1,0.003546,0.012693,0.001000,0.004280
00203329_10,02033,4,1,0.341855,0.498179,0.507261,0.262725
00203401_01,02034,2,1,0.537738,0.468549,0.492747,0.546488
00203401_03,02034,4,1,0.450196,0.483344,0.496317,0.499553
00203401_05,02034,1,1,0.362858,0.516153,0.484678,0.455197
00203401_06,02034,2,1,0.339713,0.223968,0.383883,0.241764
00203401_07,02034,4,1,0.468066,0.482371,0.470417,0.400386
00203401_09,02034,1,1,0.353696,0.513242,0.497997,0.317109
00203401_10,02034,2,1,0.380302,0.449925,0.477839,0.486148
00203407_02,02034,4,1,0.450582,0.409371,0.447713,0.396523
00203407_03,02034,2,1,0.502967,0.483570,0.478087,0.412740
00203407_04,02034,4,1,0.470254,0.500037,0.501853,0.583354
00203407_05,02034,4,1,0.469224,0.473710,0.488051,0.540129
00203407_06,02034,1,1,0.402941,0.466871,0.471280,0.340477
00203407_07,02034,1,1,0.302592,0.466211,0.475818,0.200703
00203408_00,02034,2,1,0.471296,0.453869,0.469732,0.433434
00203408_02,02034,4,1,0.461802,0.481721,0.485335,0.512797
00203408_04,02034,3,1,0.420355,0.504568,0.525164,0.271393
00203408_05,02034,4,1,0.456971,0.438356,0.456401,0.404173
00203408_07,02034,2,1,0.413545,0.385035,0.430805,0.311741
00203409_03,02034,1,1,0.470679,0.466854,0.471125,0.452517
00203409_10,02034,4,1,0.338685,0.329177,0.367219,0.149454
00203409_11,02034,4,1,0.029209,0.169927,0.163008,0.122211
00203411_01,02034,1,1,0.468168,0.467514,0.471014,0.456084
00203411_06,02034,2,1,0.672334,0.524611,0.511051,0.818775
00203411_07,02034,4,1,0.559553,0.512344,0.507340,0.654354
00203411_08,02034,3,1,0.366931,0.460144,0.465561,0.277023
00203411_10,02034,2,1,0.508272,0.480621,0.486910,0.486016
00203411_11,02034,4,1,0.363005,0.280178,0.328570,0.075518
00203413_02,02034,4,1,0.429853,0.495688,0.518641,0.411773
00203413_03,02034,4,1,0.421887,0.464844,0.486457,0.399887
00203413_06,02034,1,1,0.469463,0.469344,0.472871,0.472744
00203413_08,02034,2,1,0.427699,0.428192,0.444826,0.407589
00203413_09,02034,4,1,0.444033,0.463138,0.485796,0.474534
00203413_10,02034,4,1,0.027212,0.068356,0.100557,0.079995
00203418_01,02034,4,1,0.486798,0.454749,0.468440,0.550374
00203418_02,02034,1,1,0.426282,0.470593,0.480933,0.361714
00203418_03,02034,1,1,0.456706,0.468091,0.472197,0.445221
00203418_04,02034,2,1,0.437776,0.292304,0.401212,0.190268
00203418_06,02034,1,1,0.411519,0.475552,0.487988,0.373341
00203418_08,02034,1,1,0.454197,0.508272,0.482900,0.662121
00203418_10,02034,2,1,0.559320,0.446601,0.481389,0.596950
00203420_00,02034,4,1,0.411722,0.492627,0.499261,0.348033
00203420_03,02034,1,1,0.472211,0.466316,0.471263,0.448861
00203420_05,02034,4,1,0.497433,0.493826,0.469122,0.534250
00203420_06,02034,2,1,0.468990,0.559431,0.504599,0.396391
00203420_08,02034,4,1,0.518979,0.439919,0.434150,0.413393
00203424_01,02034,4,1,0.483546,0.478008,0.425202,0.310206
00203424_03,02034,1,1,0.309437,0.470528,0.469263,0.297159
00203424_04,02034,2,1,0.445760,0.560742,0.506966,0.628705
00203426_00,02034,4,1,0.627398,0.473673,0.458037,0.456520
00203426_02,02034,2,1,0.365738,0.320208,0.327686,0.056235
00203426_03,02034,4,1,0.396335,0.499737,0.518091,0.388367
00203426_04,02034,4,1,0.529503,0.582615,0.464442,0.301956
00203426_05,02034,1,1,0.406507,0.440963,0.455974,0.333377
00203426_06,02034,4,1,0.422974,0.394938,0.380730,0.180553
00203426_07,02034,1,1,0.329042,0.477867,0.482356,0.267079
00203426_08,02034,3,1,0.375068,0.524354,0.473925,0.170521
00203426_09,02034,3,1,0.345084,0.513442,0.524348,0.275275
00203426_10,02034,4,1,0.557443,0.388835,0.422082,0.460019
00203428_00,02034,4,1,0.462106,0.464922,0.478641,0.422686
00203428_01,02034,2,1,0.314999,0.262117,0.370371,0.212196
00203428_02,02034,4,1,0.439095,0.399106,0.426031,0.307643
00203428_03,02034,2,1,0.349186,0.270629,0.404954,0.186116
00203428_04,02034,3,1,0.271657,0.566111,0.551961,0.237081
00203428_05,02034,4,1,0.431002,0.319654,0.416491,0.216705
00203428_07,02034,3,1,0.622374,0.627021,0.611772,0.803185
00203429_02,02034,4,0,0.479876,0.531333,0.535905,0.671455
00203429_03,02034,3,1,0.847223,0.568851,0.790370,0.999992
00203429_04,02034,1,1,0.412491,0.474669,0.474080,0.461181
00203429_05,02034,1,1,0.398925,0.469071,0.472996,0.394172
00203429_07,02034,2,1,0.290835,0.206089,0.317895,0.202393
00203429_08,02034,3,1,0.989833,0.477899,0.780180,1.000000
00203429_10,02034,4,1,0.437249,0.375805,0.412047,0.263298
00203501_01,02035,2,1,0.536130,0.503375,0.493578,0.521570
00203501_03,02035,4,1,0.457783,0.424866,0.430845,0.357253
00203501_05,02035,1,1,0.224555,0.398222,0.444724,0.152738
00203501_06,02035,2,1,0.246183,0.068935,0.216085,0.046762
00203501_07,02035,4,1,0.484006,0.379349,0.414060,0.218915
00203501_09,02035,1,1,0.258509,0.579416,0.413709,0.317857
00203501_10,02035,2,0,0.614306,0.463784,0.503401,0.724302
00203507_02,02035,4,1,0.406659,0.324154,0.384881,0.226038
00203507_03,02035,2,0,0.483973,0.486342,0.484203,0.472696
00203507_04,02035,4,1,0.493077,0.503053,0.500710,0.528759
00203507_05,02035,4,1,0.480169,0.408428,0.443483,0.386326
00203507_06,02035,1,1,0.314142,0.457639,0.455430,0.285465
00203507_07,02035,1,1,0.203720,0.366493,0.464070,0.138545
00203508_00,02035,2,1,0.629075,0.342930,0.148252,0.000002
00203508_02,02035,4,1,0.471968,0.487584,0.481470,0.422991
00203508_04,02035,3,0,0.722100,0.715051,0.686985,0.877104
00203508_05,02035,4,1,0.997915,0.995252,0.985756,1.000000
00203508_07,02035,2,1,0.276765,0.348412,0.331143,0.287314
00203509_03,02035,1,1,0.407938,0.404515,0.422742,0.386951
00203509_10,02035,4,1,0.378583,0.297414,0.328183,0.095118
00203509_11,02035,4,1,0.223975,0.155268,0.232059,0.012650
00203511_01,02035,1,0,0.531161,0.394388,0.423994,0.496582
00203511_06,02035,2,1,0.459613,0.492670,0.482847,0.452709
00203511_07,02035,4,1,0.447610,0.564049,0.567898,0.580120
00203511_08,02035,3,1,0.597717,0.646547,0.603506,0.522616
00203511_10,02035,2,0,0.569631,0.550631,0.514651,0.594630
00203511_11,02035,4,1,0.332756,0.252735,0.271026,0.016684
00203513_02,02035,4,1,0.526642,0.554203,0.546257,0.528260
00203513_03,02035,4,1,0.518223,0.428475,0.458244,0.444546
00203513_06,02035,1,1,0.383913,0.492978,0.453200,0.446548
00203513_08,02035,2,1,0.307008,0.468301,0.412024,0.310258
00203513_09,02035,4,0,0.535840,0.543529,0.545730,0.440065
00203513_10,02035,4,1,0.358540,0.252888,0.324741,0.085295
00203518_01,02035,4,0,0.481512,0.468133,0.470773,0.452534
00203518_02,02035,1,1,0.331993,0.404646,0.445041,0.222919
00203518_03,02035,1,1,0.491634,0.395646,0.435426,0.439329
00203518_04,02035,2,1,0.030297,0.198178,0.072290,0.003952
00203518_06,02035,1,0,0.340370,0.709970,0.563813,0.555039
00203518_08,02035,1,1,0.216777,0.365850,0.429951,0.135056
00203518_10,02035,2,1,0.648202,0.632920,0.569550,0.581856
00203520_00,02035,4,1,0.400281,0.469791,0.478344,0.389643
00203520_03,02035,1,1,0.345925,0.422437,0.441799,0.325596
00203520_05,02035,4,1,0.456792,0.398893,0.436571,0.343935
00203520_06,02035,2,1,0.404786,0.544082,0.498618,0.310873
00203520_08,02035,4,1,0.344354,0.193335,0.273864,0.062103
00203524_01,02035,4,1,0.038179,0.942618,0.913560,0.361616
00203524_03,02035,1,1,0.101280,0.386349,0.394320,0.083157
00203524_04,02035,2,1,0.521391,0.458314,0.484947,0.582028
00203526_00,02035,4,1,0.359714,0.289677,0.345080,0.114313
00203526_02,02035,2,0,0.543716,0.638383,0.644163,0.844761
00203526_03,02035,4,0,0.503446,0.494622,0.497119,0.499786
00203526_04,02035,4,1,0.998126,0.080031,0.966609,0.999931
00203526_05,02035,1,1,0.149466,0.464204,0.442174,0.132730
00203526_06,02035,4,1,0.278331,0.220540,0.258698,0.013324
00203526_07,02035,1,1,0.999513,0.982406,0.947862,0.997619
00203526_08,02035,3,1,0.964819,0.137745,0.922980,0.995848
00203526_09,02035,3,1,0.345553,0.475975,0.481434,0.118013
00203526_10,02035,4,1,0.411672,0.476896,0.477965,0.376231
00203528_00,02035,4,1,0.446419,0.452183,0.473817,0.371910
00203528_01,02035,2,1,0.000005,0.157878,0.000128,0.003976
00203528_02,02035,4,1,0.307176,0.216459,0.261938,0.015652
00203528_03,02035,2,1,0.295281,0.385059,0.341872,0.151984
00203528_04,02035,3,1,0.194959,0.561634,0.545298,0.195733
00203528_05,02035,4,1,0.267954,0.221044,0.254958,0.022326
00203528_07,02035,3,0,0.874708,0.612086,0.611191,0.990793
00203529_02,02035,4,1,0.183114,0.137657,0.221025,0.007357
00203529_03,02035,3,1,0.759405,0.562189,0.585154,0.765172
00203529_04,02035,1,1,0.497555,0.472032,0.487541,0.468297
00203529_05,02035,1,1,0.440364,0.479785,0.477226,0.466333
00203529_07,02035,2,0,0.337315,0.615585,0.638771,0.841810
00203529_08,02035,3,1,0.741282,0.037908,0.036052,0.000001
00203529_10,02035,4,1,0.459562,0.452491,0.480465,0.362541
00203801_01,02038,2,1,0.465335,0.391444,0.465407,0.441755
00203801_03,02038,4,1,0.490657,0.454054,0.465636,0.428882
00203801_05,02038,1,1,0.366167,0.502161,0.488482,0.337153
00203801_06,02038,2,1,0.508153,0.472365,0.543423,0.743775
00203801_07,02038,4,1,0.358429,0.310581,0.345162,0.049876
00203801_09,02038,1,1,0.305686,0.504548,0.493713,0.293644
00203801_10,02038,2,1,0.488634,0.443512,0.498072,0.766429
00203807_02,02038,4,0,0.508643,0.510998,0.498736,0.709071
00203807_03,02038,2,1,0.482109,0.459262,0.477411,0.529135
00203807_04,02038,4,1,0.529935,0.519514,0.514125,0.665779
00203807_05,02038,4,1,0.512116,0.490977,0.497275,0.487940
00203807_06,02038,1,1,0.324752,0.476558,0.473261,0.208252
00203807_07,02038,1,1,0.318198,0.526500,0.509083,0.288602
00203808_00,02038,2,0,0.429370,0.488889,0.482144,0.419462
00203808_02,02038,4,1,0.491598,0.490660,0.518147,0.538608
00203808_04,02038,3,1,0.525672,0.508889,0.540836,0.553119
00203808_05,02038,4,1,0.386768,0.300854,0.342467,0.162223
00203808_07,02038,2,1,0.792861,0.785775,0.646771,0.998027
00203809_03,02038,1,0,0.444944,0.476456,0.476500,0.430317
00203809_10,02038,4,1,0.393722,0.364992,0.402037,0.098530
00203809_11,02038,4,1,0.473652,0.522365,0.522516,0.510834
00203811_01,02038,1,1,0.484809,0.465772,0.472971,0.417435
00203811_06,02038,2,1,0.496642,0.472594,0.486971,0.486546
00203811_07,02038,4,1,0.480724,0.576879,0.557183,0.644894
00203811_08,02038,3,1,0.382060,0.418525,0.325600,0.464337
00203811_10,02038,2,0,0.478757,0.471105,0.482441,0.422803
00203811_11,02038,4,0,0.419463,0.515717,0.504457,0.314014
00203813_02,02038,4,1,0.629947,0.597833,0.582262,0.728817
00203813_03,02038,4,1,0.524655,0.504102,0.503406,0.573766
00203813_06,02038,1,1,0.453671,0.488051,0.481490,0.462391
00203813_08,02038,2,1,0.345282,0.402820,0.409245,0.266403
00203813_09,02038,4,0,0.459758,0.440496,0.440010,0.634928
00203813_10,02038,4,1,0.409510,0.333443,0.362940,0.228195
00203818_01,02038,4,1,0.526278,0.514352,0.512931,0.578227
00203818_02,02038,1,1,0.443527,0.495290,0.488957,0.475419
00203818_03,02038,1,1,0.410228,0.478546,0.477738,0.372976
00203818_04,02038,2,0,0.437626,0.496545,0.490460,0.427166
00203818_06,02038,1,1,0.328038,0.495830,0.484464,0.241605
00203818_08,02038,1,1,0.462830,0.478248,0.470634,0.393870
00203818_10,02038,2,1,0.448729,0.487176,0.490018,0.380930
00203820_00,02038,4,1,0.463285,0.533394,0.522365,0.522289
00203820_03,02038,1,1,0.420985,0.482957,0.480718,0.401203
00203820_05,02038,4,1,0.605907,0.613701,0.582635,0.893491
00203820_06,02038,2,1,0.488766,0.432827,0.468863,0.476913
00203820_08,02038,4,1,0.431702,0.380633,0.415668,0.230115
00203824_01,02038,4,1,0.355441,0.350226,0.369292,0.066322
00203824_03,02038,1,1,0.366951,0.489798,0.479515,0.330236
00203824_04,02038,2,1,0.486428,0.452979,0.475413,0.482157
00203826_00,02038,4,1,0.475537,0.428941,0.446606,0.339762
00203826_02,02038,2,1,0.429295,0.518672,0.525005,0.740027
00203826_03,02038,4,1,0.545418,0.536481,0.532835,0.542755
00203826_04,02038,4,1,0.340218,0.266278,0.313937,0.023529
00203826_05,02038,1,1,0.287074,0.495776,0.486771,0.203528
00203826_06,02038,4,1,0.396991,0.356186,0.390644,0.078264
00203826_07,02038,1,1,0.403039,0.517557,0.508001,0.298676
00203826_08,02038,3,1,0.524364,0.616285,0.587576,0.495718
00203826_09,02038,3,1,0.240090,0.514511,0.546806,0.207575
00203826_10,02038,4,1,0.443170,0.508188,0.505045,0.459973
00203828_00,02038,4,1,0.460363,0.488132,0.486617,0.494493
00203828_01,02038,2,1,0.341973,0.445143,0.458049,0.568973
00203828_02,02038,4,0,0.582073,0.563173,0.555174,0.662993
00203828_03,02038,2,1,0.350907,0.339019,0.405136,0.331840
00203828_04,02038,3,1,0.363948,0.580374,0.572149,0.251416
00203828_05,02038,4,1,0.361889,0.345367,0.363807,0.113336
00203828_07,02038,3,1,0.456526,0.487768,0.463986,0.480936
00203829_02,02038,4,0,0.690260,0.721344,0.679788,0.862642
00203829_03,02038,3,1,0.020016,0.216019,0.187361,0.091867
00203829_04,02038,1,1,0.357160,0.482538,0.488899,0.311868
00203829_05,02038,1,1,0.472147,0.478906,0.479864,0.410114
00203829_07,02038,2,1,0.377571,0.361934,0.444585,0.306579
00203829_08,02038,3,0,0.472945,0.500527,0.464694,0.574761
00203829_10,02038,4,1,0.540151,0.623010,0.595915,0.788363
00203901_01,02039,2,1,0.536403,0.424868,0.426055,0.616014
00203901_03,02039,4,0,0.439551,0.376786,0.396094,0.397381
00203901_05,02039,1,1,0.195148,0.591827,0.495241,0.033201
00203901_06,02039,2,1,0.014127,0.026607,0.012829,0.000407
00203901_07,02039,4,0,0.997837,0.987271,0.969264,0.999875
00203901_09,02039,1,0,0.021990,0.343473,0.378992,0.000346
00203901_10,02039,2,0,0.998027,0.969450,0.985020,0.998384
00203907_02,02039,4,0,0.333140,0.490455,0.563637,0.610515
00203907_03,02039,2,1,0.339324,0.519318,0.465237,0.399037
00203907_04,02039,4,1,0.764107,0.882417,0.840212,0.648730
00203907_05,02039,4,1,0.630104,0.602624,0.634350,0.655519
00203907_06,02039,1,1,0.223945,0.441112,0.460699,0.181096
00203907_07,02039,1,0,0.114710,0.837260,0.728600,0.184617
00203908_00,02039,2,1,0.522001,0.373738,0.399074,0.383113
00203908_02,02039,4,1,0.332469,0.548974,0.586791,0.319507
00203908_04,02039,3,1,0.000839,0.125238,0.341913,0.011601
00203908_05,02039,4,1,0.004694,0.022595,0.046413,0.001180
00203908_07,02039,2,1,0.067299,0.227215,0.172945,0.275827
00203909_03,02039,1,0,0.447157,0.307543,0.356845,0.153883
00203909_10,02039,4,1,0.328426,0.520852,0.471789,0.319313
00203909_11,02039,4,0,0.001217,0.999893,0.826439,1.000000
00203911_01,02039,1,1,0.550799,0.438476,0.455778,0.539187
00203911_06,02039,2,0,0.541353,0.555438,0.553311,0.440545
00203911_07,02039,4,1,0.199239,0.510153,0.525831,0.192642
00203911_08,02039,3,0,0.242653,0.178378,0.397632,0.000039
00203911_10,02039,2,0,0.523720,0.559486,0.554860,0.393410
00203911_11,02039,4,0,0.999111,1.000000,0.999589,1.000000
00203913_02,02039,4,0,0.497368,0.671722,0.643505,0.528548
00203913_03,02039,4,0,0.513821,0.446515,0.426501,0.567025
00203913_06,02039,1,0,0.464290,0.403999,0.426482,0.444530
00203913_08,02039,2,0,0.094968,0.140285,0.112676,0.004143
00203913_09,02039,4,0,0.309223,0.523999,0.517494,0.399216
00203913_10,02039,4,1,0.873506,0.912946,0.925257,0.958779
00203918_01,02039,4,0,0.081723,0.125615,0.171373,0.053294
00203918_02,02039,1,0,0.718764,0.630702,0.560925,0.674470
00203918_03,02039,1,0,0.733544,0.581308,0.513937,0.757840
00203918_04,02039,2,1,0.473173,0.183102,0.266525,0.077123
00203918_06,02039,1,1,0.156651,0.471303,0.444884,0.034248
00203918_08,02039,1,0,0.235109,0.507799,0.462152,0.062602
00203918_10,02039,2,1,0.561432,0.611052,0.615091,0.792364
00203920_00,02039,4,1,0.312577,0.347631,0.387872,0.129066
00203920_03,02039,1,1,0.516893,0.435719,0.453274,0.526888
00203920_05,02039,4,1,0.533683,0.697899,0.710340,0.512025
00203920_06,02039,2,1,0.391818,0.390699,0.458423,0.068641
00203920_08,02039,4,1,0.237462,0.176543,0.216924,0.074096
00203924_01,02039,4,0,0.000000,0.001017,0.007232,0.000035
00203924_03,02039,1,0,0.344175,0.226300,0.265561,0.017572
00203924_04,02039,2,0,0.425617,0.547134,0.542886,0.443817
00203926_00,02039,4,0,0.915087,0.837802,0.749994,0.952092
00203926_02,02039,2,1,0.124843,0.160016,0.195185,0.022939
00203926_03,02039,4,0,0.545183,0.447456,0.446243,0.599170
00203926_04,02039,4,0,0.365621,0.997018,0.977668,0.051042
00203926_05,02039,1,0,0.549661,0.799257,0.682212,0.996766
00203926_06,02039,4,0,0.969810,0.914781,0.850511,0.971101
00203926_07,02039,1,0,0.244854,0.241368,0.290068,0.066239
00203926_08,02039,3,1,0.068712,0.265372,0.285085,0.266971
00203926_09,02039,3,0,0.586919,0.601426,0.594321,0.640775
00203926_10,02039,4,0,0.306192,0.536442,0.528121,0.392705
00203928_00,02039,4,0,0.165692,0.999972,0.999972,0.000000
00203928_01,02039,2,1,0.659375,0.572898,0.759244,0.246889
00203928_02,02039,4,0,0.994436,0.982965,0.957451,0.997157
00203928_03,02039,2,1,0.179340,0.221148,0.251203,0.200847
00203928_04,02039,3,1,0.284773,0.534620,0.528912,0.279655
00203928_05,02039,4,0,0.997372,0.979186,0.925641,0.999745
00203928_07,02039,3,0,0.365237,0.664670,0.580256,0.035594
00203929_02,02039,4,0,0.564267,0.996324,0.745635,1.000000
00203929_03,02039,3,0,0.861148,0.652498,0.651100,0.957644
00203929_04,02039,1,0,0.299707,0.424120,0.449163,0.270171
00203929_05,02039,1,0,0.442378,0.495280,0.507692,0.320607
00203929_07,02039,2,1,0.464690,0.584556,0.570729,0.507908
00203929_08,02039,3,0,0.000975,0.030178,0.132766,0.000000
00203929_10,02039,4,1,0.012845,0.102337,0.125056,0.003767
00204101_01,02041,2,1,0.581455,0.616672,0.577556,0.623591
00204101_03,02041,4,1,0.504518,0.444959,0.466034,0.409985
00204101_05,02041,1,1,0.389194,0.461594,0.461231,0.329063
00204101_06,02041,2,1,0.425495,0.438449,0.435682,0.410023
00204101_07,02041,4,1,0.391401,0.285775,0.364549,0.193693
00204101_09,02041,1,1,0.351310,0.455048,0.468243,0.330107
00204101_10,02041,2,1,0.531669,0.501192,0.511448,0.528042
00204107_02,02041,4,1,0.519326,0.508549,0.502141,0.595172
00204107_03,02041,2,1,0.573355,0.504099,0.499860,0.570332
00204107_04,02041,4,1,0.520983,0.477371,0.480050,0.617762
00204107_05,02041,4,1,0.497851,0.534789,0.530950,0.625300
00204107_06,02041,1,1,0.459868,0.472927,0.470220,0.486078
00204107_07,02041,1,1,0.597942,0.466930,0.538422,0.316627
00204108_00,02041,2,1,0.495542,0.471129,0.479292,0.400531
00204108_02,02041,4,1,0.449596,0.425478,0.517563,0.387769
00204108_04,02041,3,1,0.505936,0.527779,0.544307,0.478057
00204108_05,02041,4,1,0.527705,0.750352,0.496398,0.732498
00204108_07,02041,2,1,0.521186,0.473040,0.483233,0.549358
00204109_03,02041,1,1,0.433425,0.455764,0.456607,0.427735
00204109_10,02041,4,1,0.494489,0.503645,0.506238,0.513552
00204109_11,02041,4,1,0.242624,0.500932,0.510496,0.179958
00204111_01,02041,1,1,0.457022,0.452606,0.456981,0.427422
00204111_06,02041,2,1,0.644391,0.550675,0.598625,0.892557
00204111_07,02041,4,1,0.372509,0.494276,0.502716,0.336168
00204111_08,02041,3,1,0.727768,0.548077,0.573266,0.761394
00204111_10,02041,2,1,0.608573,0.512066,0.513570,0.563197
00204111_11,02041,4,1,0.513627,0.502253,0.396947,0.204128
00204113_02,02041,4,0,0.524417,0.475494,0.497052,0.420604
00204113_03,02041,4,0,0.520603,0.438466,0.455704,0.367274
00204113_06,02041,1,1,0.562579,0.472927,0.470220,0.626108
00204113_08,02041,2,0,0.498892,0.511518,0.511884,0.509028
00204113_09,02041,4,1,0.500894,0.493590,0.503732,0.521456
00204113_10,02041,4,0,0.203675,0.500932,0.510496,0.144278
00204118_01,02041,4,1,0.507714,0.492598,0.474243,0.722013
00204118_02,02041,1,1,0.398836,0.472927,0.470220,0.395133
00204118_03,02041,1,1,0.442493,0.455356,0.458844,0.436474
00204118_04,02041,2,1,0.487764,0.457823,0.469938,0.378012
00204118_06,02041,1,1,0.368221,0.408257,0.471436,0.186608
00204118_08,02041,1,1,0.323838,0.483201,0.459663,0.358504
00204118_10,02041,2,0,0.521933,0.502101,0.493587,0.457284
00204120_00,02041,4,1,0.229170,0.500932,0.510496,0.167419
00204120_03,02041,1,1,0.578118,0.478678,0.485853,0.517629
00204120_05,02041,4,1,0.466960,0.478500,0.486173,0.484042
00204120_06,02041,2,1,0.530335,0.502101,0.493587,0.527224
00204120_08,02041,4,1,0.203637,0.500932,0.510496,0.144244
00204124_01,02041,4,1,0.434384,0.361763,0.391996,0.161434
00204124_03,02041,1,1,0.389701,0.488234,0.490131,0.336965
00204124_04,02041,2,1,0.563311,0.490019,0.519297,0.680457
00204126_00,02041,4,1,0.425032,0.383974,0.418785,0.233208
00204126_02,02041,2,1,0.406130,0.450821,0.434402,0.264312
00204126_03,02041,4,1,0.506480,0.496696,0.506061,0.562100
00204126_04,02041,4,1,0.568537,0.536731,0.506635,0.647385
00204126_05,02041,1,1,0.334442,0.488474,0.478368,0.264580
00204126_06,02041,4,1,0.469151,0.361516,0.379841,0.123040
00204126_07,02041,1,1,0.301835,0.500586,0.496241,0.310410
00204126_08,02041,3,0,0.557487,0.477242,0.488757,0.670437
00204126_09,02041,3,1,0.417075,0.561049,0.547117,0.478067
00204126_10,02041,4,1,0.318004,0.500932,0.510496,0.254043
00204128_00,02041,4,1,0.455017,0.399446,0.428635,0.278942
00204128_01,02041,2,1,0.496768,0.494319,0.496781,0.436168
00204128_02,02041,4,1,0.520931,0.366046,0.425045,0.195667
00204128_03,02041,2,1,0.408100,0.431296,0.445231,0.358991
00204128_04,02041,3,1,0.248112,0.554553,0.554635,0.233184
00204128_05,02041,4,1,0.485921,0.380028,0.415085,0.154589
00204128_07,02041,3,1,0.551814,0.588722,0.557371,0.594408
00204129_02,02041,4,1,0.715120,0.643699,0.608742,0.845508
00204129_03,02041,3,1,0.415520,0.539293,0.524403,0.633801
00204129_04,02041,1,1,0.460437,0.472927,0.470220,0.486922
00204129_05,02041,1,1,0.318840,0.456034,0.460069,0.273914
00204129_07,02041,2,1,0.388196,0.167642,0.432343,0.329992
00204129_08,02041,3,1,0.444521,0.432136,0.336670,0.443333
00204129_10,02041,4,1,0.439350,0.378324,0.432438,0.291122
00204201_01,02042,2,1,0.629642,0.905761,0.619656,0.840210
00204201_03,02042,4,1,0.454757,0.463570,0.508941,0.453547
00204201_05,02042,1,1,0.513805,0.519010,0.476297,0.727072
00204201_06,02042,2,1,0.382708,0.076948,0.321668,0.017400
00204201_07,02042,4,0,0.786008,0.438212,0.582654,0.558539
00204201_09,02042,1,1,0.574555,0.783358,0.516155,0.977231
00204201_10,02042,2,0,0.519913,0.572955,0.538519,0.132101
00204207_02,02042,4,0,0.571757,0.489823,0.490073,0.507322
00204207_03,02042,2,1,0.503089,0.483570,0.478087,0.412775
00204207_04,02042,4,1,0.489452,0.546714,0.540488,0.543665
00204207_05,02042,4,1,0.410140,0.357015,0.410017,0.299897
00204207_06,02042,1,1,0.460790,0.488272,0.481675,0.495664
00204207_07,02042,1,1,0.293167,0.450617,0.474877,0.164482
00204208_00,02042,2,0,0.455792,0.193778,0.431613,0.422295
00204208_02,02042,4,0,0.576622,0.549102,0.551113,0.609160
00204208_04,02042,3,1,0.347770,0.507266,0.381435,0.142698
00204208_05,02042,4,1,0.448970,0.439810,0.460982,0.421537
00204208_07,02042,2,0,0.478664,0.503430,0.534477,0.697315
00204209_03,02042,1,0,0.443120,0.465087,0.472555,0.406957
00204209_10,02042,4,1,0.732045,0.604750,0.562122,0.560317
00204209_11,02042,4,1,0.572127,0.292019,0.315186,0.005973
00204211_01,02042,1,1,0.459353,0.468552,0.472201,0.453193
00204211_06,02042,2,1,0.405511,0.404264,0.454673,0.301283
00204211_07,02042,4,1,0.467804,0.442290,0.469524,0.565609
00204211_08,02042,3,1,0.318687,0.419064,0.404526,0.041929
00204211_10,02042,2,1,0.483553,0.483570,0.478087,0.407181
00204211_11,02042,4,1,0.932615,0.692127,0.827958,0.640667
00204213_02,02042,4,1,0.407335,0.506933,0.515034,0.472739
00204213_03,02042,4,1,0.438037,0.459230,0.516207,0.375278
00204213_06,02042,1,1,0.504005,0.456181,0.458245,0.521872
00204213_08,02042,2,0,0.368312,0.056459,0.349846,0.030169
00204213_09,02042,4,0,0.391204,0.519472,0.530697,0.396915
00204213_10,02042,4,1,0.280609,0.161445,0.184174,0.001674
00204218_01,02042,4,1,0.437646,0.481228,0.521937,0.348840
00204218_02,02042,1,0,0.667123,0.465903,0.510722,0.537434
00204218_03,02042,1,1,0.519109,0.452496,0.457489,0.494396
00204218_04,02042,2,1,0.479008,0.429322,0.472424,0.418833
00204218_06,02042,1,0,0.294400,0.528331,0.502631,0.272305
00204218_08,02042,1,1,0.423757,0.478522,0.485297,0.376946
00204218_10,02042,2,1,0.513410,0.498826,0.502327,0.636426
00204220_00,02042,4,1,0.527946,0.479971,0.461641,0.437326
00204220_03,02042,1,1,0.485596,0.466887,0.469492,0.474615
00204220_05,02042,4,1,0.594569,0.456351,0.470060,0.655173
00204220_06,02042,2,1,0.483430,0.483570,0.478087,0.407146
00204220_08,02042,4,1,0.445010,0.453283,0.469782,0.429033
00204224_01,02042,4,1,0.399777,0.300471,0.302832,0.015495
00204224_03,02042,1,1,0.264560,0.560086,0.489252,0.263376
00204224_04,02042,2,1,0.577315,0.513672,0.462491,0.169787
00204226_00,02042,4,1,0.419817,0.337064,0.274617,0.031829
00204226_02,02042,2,1,0.841018,0.638158,0.719639,0.699279
00204226_03,02042,4,1,0.719520,0.458311,0.464260,0.829395
00204226_04,02042,4,1,0.438909,0.422806,0.366955,0.127869
00204226_05,02042,1,1,0.470152,0.478363,0.471208,0.574214
00204226_06,02042,4,1,0.393120,0.237104,0.267637,0.009444
00204226_07,02042,1,1,0.749425,0.371545,0.261238,0.184271
00204226_08,02042,3,0,0.610137,0.478032,0.550051,0.418872
00204226_09,02042,3,1,0.315357,0.550376,0.532812,0.235907
00204226_10,02042,4,1,0.432155,0.492627,0.499261,0.356518
00204228_00,02042,4,1,0.494286,0.490087,0.368013,0.072421
00204228_01,02042,2,1,0.434663,0.431936,0.481371,0.362199
00204228_02,02042,4,1,0.410276,0.360267,0.409698,0.254937
00204228_03,02042,2,1,0.355527,0.626986,0.502378,0.743407
00204228_04,02042,3,1,0.341105,0.552785,0.548237,0.279588
00204228_05,02042,4,1,0.345799,0.269559,0.333087,0.168841
00204228_07,02042,3,1,0.590990,0.527576,0.474883,0.552153
00204229_02,02042,4,1,0.267801,0.165699,0.286956,0.074464
00204229_03,02042,3,1,0.451310,0.524850,0.446926,0.249705
00204229_04,02042,1,1,0.332383,0.477304,0.474816,0.330473
00204229_05,02042,1,0,0.383014,0.468649,0.474247,0.364729
00204229_07,02042,2,1,0.306350,0.320464,0.384380,0.402351
00204229_08,02042,3,0,0.586413,0.577929,0.532920,0.619555
00204229_10,02042,4,1,0.537227,0.318200,0.333584,0.115113
00204301_01,02043,2,1,0.476941,0.456379,0.475842,0.486001
00204301_03,02043,4,1,0.484174,0.471765,0.476840,0.511991
00204301_05,02043,1,1,0.241088,0.440599,0.464318,0.222046
00204301_06,02043,2,1,0.252664,0.297952,0.270845,0.131613
00204301_07,02043,4,1,0.666525,0.570775,0.535255,0.720520
00204301_09,02043,1,1,0.284547,0.403375,0.454693,0.253918
00204301_10,02043,2,0,0.197532,0.595682,0.423785,0.631536
00204307_02,02043,4,1,0.471607,0.439446,0.452088,0.449507
00204307_03,02043,2,1,0.489025,0.514672,0.497642,0.466607
00204307_04,02043,4,0,0.510246,0.512982,0.503829,0.531879
00204307_05,02043,4,1,0.475734,0.404556,0.428192,0.334451
00204307_06,02043,1,0,0.235103,0.466383,0.457900,0.232622
00204307_07,02043,1,1,0.165121,0.438100,0.442635,0.139044
00204308_00,02043,2,1,0.456939,0.488744,0.480554,0.446358
00204308_02,02043,4,1,0.536839,0.532506,0.545690,0.450433
00204308_04,02043,3,1,0.668293,0.690971,0.620654,0.772503
00204308_05,02043,4,1,0.477978,0.437830,0.430778,0.352174
00204308_07,02043,2,1,0.370393,0.566614,0.428949,0.475185
00204309_03,02043,1,1,0.324827,0.425361,0.442071,0.310234
00204309_10,02043,4,1,0.740442,0.626875,0.599104,0.760119
00204309_11,02043,4,1,0.846159,0.806056,0.698383,0.957790
00204311_01,02043,1,1,0.401299,0.417062,0.436626,0.362949
00204311_06,02043,2,0,0.411641,0.374764,0.406325,0.306598
00204311_07,02043,4,0,0.317589,0.537736,0.527810,0.310752
00204311_08,02043,3,1,0.006396,0.135621,0.189729,0.005277
00204311_10,02043,2,1,0.499776,0.451464,0.471236,0.440537
00204311_11,02043,4,1,0.393229,0.309258,0.355293,0.173162
00204313_02,02043,4,1,0.509788,0.485800,0.494076,0.433149
00204313_03,02043,4,1,0.503052,0.469744,0.479880,0.519575
00204313_06,02043,1,1,0.347709,0.430877,0.443648,0.341585
00204313_08,02043,2,0,0.466334,0.509088,0.513078,0.476285
00204313_09,02043,4,0,0.498313,0.520968,0.528179,0.551204
00204313_10,02043,4,1,0.000045,0.000017,0.000342,0.000000
00204318_01,02043,4,0,0.535588,0.534651,0.500557,0.565850
00204318_02,02043,1,1,0.265145,0.459479,0.466422,0.228800
00204318_03,02043,1,1,0.373440,0.443885,0.456274,0.331658
00204318_04,02043,2,1,0.466745,0.483190,0.479036,0.456043
00204318_06,02043,1,1,0.220923,0.472491,0.451437,0.216738
00204318_08,02043,1,1,0.260230,0.421586,0.448949,0.245138
00204318_10,02043,2,1,0.651703,0.503267,0.492631,0.548852
00204320_00,02043,4,1,0.320086,0.514850,0.505482,0.203761
00204320_03,02043,1,1,0.354394,0.424720,0.441138,0.341910
00204320_05,02043,4,0,0.461932,0.593608,0.558911,0.651588
00204320_06,02043,2,1,0.529373,0.472054,0.477091,0.495442
00204320_08,02043,4,1,0.334589,0.512149,0.515140,0.282487
00204324_01,02043,4,1,0.503463,0.445724,0.432705,0.246457
00204324_03,02043,1,1,0.186260,0.389513,0.399923,0.141510
00204324_04,02043,2,1,0.497446,0.473319,0.483170,0.401152
00204326_00,02043,4,1,0.500174,0.500681,0.484566,0.444626
00204326_02,02043,2,1,0.498184,0.511789,0.504043,0.484212
00204326_03,02043,4,0,0.517780,0.485492,0.488610,0.575073
00204326_04,02043,4,1,0.645840,0.504397,0.482318,0.514525
00204326_05,02043,1,1,0.353972,0.358467,0.394143,0.287906
00204326_06,02043,4,1,0.003327,0.438946,0.578239,0.002383
00204326_07,02043,1,1,0.278969,0.463982,0.465784,0.282109
00204326_08,02043,3,1,0.648290,0.574531,0.556995,0.574234
00204326_09,02043,3,0,0.498723,0.637689,0.607564,0.356123
00204326_10,02043,4,1,0.448655,0.467506,0.466991,0.457190
00204328_00,02043,4,1,0.474721,0.532166,0.531861,0.531091
00204328_01,02043,2,0,0.437319,0.471287,0.442695,0.399148
00204328_02,02043,4,0,0.709966,0.685474,0.659528,0.867060
00204328_03,02043,2,1,0.828846,0.859302,0.680085,0.000000
00204328_04,02043,3,1,0.378330,0.627814,0.595738,0.295244
00204328_05,02043,4,1,0.602438,0.458325,0.490015,0.431277
00204328_07,02043,3,1,0.000889,0.712549,0.132097,0.000115
00204329_02,02043,4,1,0.692105,0.562160,0.496360,0.516789
00204329_03,02043,3,1,0.000077,0.122774,0.191054,0.000012
00204329_04,02043,1,1,0.247915,0.433867,0.451648,0.222923
00204329_05,02043,1,1,0.427694,0.466093,0.456965,0.444002
00204329_07,02043,2,1,0.329929,0.477138,0.505727,0.509315
00204329_08,02043,3,0,0.797306,0.493186,0.609465,0.851734
00204329_10,02043,4,1,0.569439,0.570465,0.551735,0.667832
00204401_01,02044,2,1,0.434112,0.498191,0.494401,0.377355
00204401_03,02044,4,1,0.528891,0.513870,0.509149,0.640048
00204401_05,02044,1,0,0.464937,0.558054,0.506778,0.636630
00204401_06,02044,2,1,0.468710,0.537012,0.540390,0.570547
00204401_07,02044,4,1,0.292010,0.253875,0.288661,0.055951
00204401_09,02044,1,1,0.435736,0.513205,0.495639,0.481955
00204401_10,02044,2,1,0.508908,0.188352,0.425056,0.275895
00204407_02,02044,4,1,0.424014,0.396883,0.404534,0.451648
00204407_03,02044,2,1,0.521106,0.468480,0.479207,0.506434
00204407_04,02044,4,1,0.518418,0.480502,0.482148,0.676917
00204407_05,02044,4,1,0.511459,0.464429,0.469792,0.665683
00204407_06,02044,1,1,0.494720,0.495290,0.488957,0.553268
00204407_07,02044,1,1,0.561744,0.466928,0.479949,0.559495
00204408_00,02044,2,0,0.423772,0.477813,0.485053,0.367154
00204408_02,02044,4,1,0.582034,0.514312,0.520528,0.772587
00204408_04,02044,3,1,0.093440,0.388713,0.390214,0.061224
00204408_05,02044,4,1,0.539727,0.541055,0.531886,0.686140
00204408_07,02044,2,1,0.320428,0.322244,0.306232,0.242980
00204409_03,02044,1,1,0.651443,0.484297,0.482958,0.623392
00204409_10,02044,4,1,0.482513,0.440486,0.459507,0.349997
00204409_11,02044,4,1,0.282053,0.194712,0.245331,0.023371
00204411_01,02044,1,0,0.571284,0.495290,0.488957,0.645702
00204411_06,02044,2,0,0.444855,0.477273,0.487104,0.468799
00204411_07,02044,4,0,0.432875,0.243349,0.263269,0.998417
00204411_08,02044,3,1,0.959099,0.005342,0.044963,1.000000
00204411_10,02044,2,1,0.511305,0.487909,0.498423,0.467521
00204411_11,02044,4,1,0.295463,0.227159,0.255794,0.007563
00204413_02,02044,4,1,0.552332,0.534798,0.530591,0.595057
00204413_03,02044,4,1,0.535346,0.528913,0.524130,0.573387
00204413_06,02044,1,1,0.571180,0.495290,0.488957,0.645554
00204413_08,02044,2,1,0.421872,0.458440,0.453864,0.285200
00204413_09,02044,4,1,0.521778,0.480078,0.485306,0.538119
00204413_10,02044,4,1,0.002928,0.000212,0.003316,0.000000
00204418_01,02044,4,0,0.526704,0.484437,0.490394,0.504292
00204418_02,02044,1,1,0.409335,0.471268,0.475255,0.281571
00204418_03,02044,1,1,0.433397,0.480264,0.478815,0.409431
00204418_04,02044,2,0,0.400954,0.529391,0.497373,0.184268
00204418_06,02044,1,1,0.330945,0.517430,0.493978,0.334735
00204418_08,02044,1,1,0.590777,0.453625,0.469142,0.616457
00204418_10,02044,2,1,0.512434,0.471213,0.483406,0.540272
00204420_00,02044,4,1,0.395920,0.509951,0.517044,0.313945
00204420_03,02044,1,1,0.571180,0.495290,0.488957,0.645554
00204420_05,02044,4,1,0.440152,0.482696,0.481275,0.529888
00204420_06,02044,2,1,0.528912,0.468480,0.479207,0.502626
00204420_08,02044,4,1,0.429671,0.403225,0.415914,0.631021
00204424_01,02044,4,1,0.290767,0.232620,0.290356,0.075347
00204424_03,02044,1,1,0.499634,0.515986,0.495385,0.591578
00204424_04,02044,2,1,0.474896,0.508413,0.518621,0.554951
00204426_00,02044,4,1,0.574260,0.565805,0.539570,0.715544
00204426_02,02044,2,1,0.264391,0.441966,0.618428,0.936818
00204426_03,02044,4,1,0.529041,0.512843,0.510802,0.621207
00204426_04,02044,4,0,0.602595,0.593551,0.551160,0.636011
00204426_05,02044,1,0,0.710846,0.650507,0.601318,0.933053
00204426_06,02044,4,0,0.400007,0.437372,0.451269,0.298913
00204426_07,02044,1,1,0.347403,0.503392,0.486340,0.330932
00204426_08,02044,3,1,0.602129,0.600442,0.620921,0.487438
00204426_09,02044,3,1,0.134294,0.514092,0.512414,0.098612
00204426_10,02044,4,1,0.398541,0.509951,0.517044,0.307281
00204428_00,02044,4,1,0.514533,0.505467,0.504287,0.590770
00204428_01,02044,2,1,0.442166,0.473976,0.476305,0.316544
00204428_02,02044,4,1,0.450607,0.352712,0.356295,0.166919
00204428_03,02044,2,1,0.385204,0.457604,0.437585,0.277254
00204428_04,02044,3,1,0.087758,0.425785,0.447961,0.072464
00204428_05,02044,4,1,0.300093,0.275630,0.282252,0.013400
00204428_07,02044,3,0,0.152159,0.336970,0.394440,0.125532
00204429_02,02044,4,1,0.443230,0.460162,0.482450,0.393730
00204429_03,02044,3,1,0.053021,0.467012,0.464124,0.042919
00204429_04,02044,1,1,0.556494,0.422357,0.457328,0.359175
00204429_05,02044,1,1,0.498245,0.485310,0.481478,0.528874
00204429_07,02044,2,1,0.487347,0.468307,0.481842,0.461935
00204429_08,02044,3,0,0.897906,0.913486,0.738580,1.000000
00204429_10,02044,4,1,0.514781,0.418000,0.464272,0.330115
00204501_01,02045,2,1,0.726851,0.578191,0.570193,0.665451
00204501_03,02045,4,0,0.634074,0.612240,0.592048,0.658011
00204501_05,02045,1,1,0.370630,0.491623,0.503700,0.318267
00204501_06,02045,2,1,0.684219,0.911149,0.882893,0.259484
00204501_07,02045,4,1,0.072187,0.914912,0.895386,0.999998
00204501_09,02045,1,0,0.310315,0.724079,0.739719,0.821742
00204501_10,02045,2,0,0.009572,0.017656,0.048639,0.002152
00204507_02,02045,4,1,0.610941,0.496909,0.501402,0.593269
00204507_03,02045,2,1,0.531108,0.559751,0.556517,0.775969
00204507_04,02045,4,1,0.645106,0.581559,0.568568,0.682327
00204507_05,02045,4,1,0.615201,0.575766,0.572572,0.608109
00204507_06,02045,1,1,0.422699,0.463306,0.471385,0.449745
00204507_07,02045,1,0,0.294394,0.456103,0.466271,0.292676
00204508_00,02045,2,1,0.670993,0.516128,0.512938,0.629332
00204508_02,02045,4,1,0.323896,0.475024,0.475087,0.390405
00204508_04,02045,3,0,0.555268,0.536093,0.533616,0.407466
00204508_05,02045,4,0,0.654409,0.571152,0.552631,0.689165
00204508_07,02045,2,0,0.652378,0.609640,0.586902,0.654045
00204509_03,02045,1,1,0.469032,0.409821,0.437302,0.393395
00204509_10,02045,4,0,0.217709,0.510153,0.525831,0.214893
00204509_11,02045,4,0,0.227283,0.089025,0.111147,0.000037
00204511_01,02045,1,1,0.573330,0.457002,0.467514,0.671344
00204511_06,02045,2,1,0.525469,0.535450,0.541076,0.291924
00204511_07,02045,4,1,0.458306,0.605430,0.576011,0.563088
00204511_08,02045,3,0,0.589591,0.459538,0.470162,0.459485
00204511_10,02045,2,0,0.586780,0.584374,0.571302,0.571860
00204511_11,02045,4,0,0.192774,0.177996,0.167745,0.986234
00204513_02,02045,4,1,0.584688,0.566673,0.561546,0.562125
00204513_03,02045,4,1,0.554241,0.519970,0.529925,0.466061
00204513_06,02045,1,1,0.549416,0.439261,0.457267,0.541247
00204513_08,02045,2,1,0.665264,0.605055,0.581238,0.684907
00204513_09,02045,4,0,0.620141,0.517216,0.517237,0.623469
00204513_10,02045,4,1,0.007297,0.040154,0.096251,0.000984
00204518_01,02045,4,1,0.605292,0.541697,0.542787,0.579533
00204518_02,02045,1,0,0.331129,0.480491,0.476261,0.295685
00204518_03,02045,1,0,0.490027,0.389327,0.432178,0.357218
00204518_04,02045,2,1,0.697049,0.577841,0.573800,0.649519
00204518_06,02045,1,1,0.450366,0.501212,0.488056,0.444068
00204518_08,02045,1,1,0.244324,0.451617,0.490911,0.227716
00204518_10,02045,2,1,0.528695,0.603923,0.586785,0.084892
00204520_00,02045,4,1,0.182161,0.510153,0.525831,0.172412
00204520_03,02045,1,1,0.557986,0.448312,0.461975,0.609936
00204520_05,02045,4,1,0.459673,0.654938,0.631354,0.485295
00204520_06,02045,2,1,0.582850,0.557294,0.554666,0.648156
00204520_08,02045,4,1,0.504716,0.567779,0.552651,0.571680
00204524_01,02045,4,0,0.521382,0.497419,0.516943,0.488333
00204524_03,02045,1,1,0.384238,0.457132,0.482811,0.354337
00204524_04,02045,2,1,0.564775,0.583264,0.571300,0.807158
00204526_00,02045,4,1,0.364204,0.443821,0.462621,0.361974
00204526_02,02045,2,1,0.658069,0.573070,0.566352,0.613570
00204526_03,02045,4,0,0.602169,0.470232,0.477639,0.571779
00204526_04,02045,4,0,0.196683,0.263895,0.308071,0.398025
00204526_05,02045,1,1,0.315420,0.486017,0.457044,0.245536
00204526_06,02045,4,0,0.339363,0.467776,0.452820,0.646528
00204526_07,02045,1,1,0.279917,0.491601,0.474925,0.286009
00204526_08,02045,3,1,0.778142,0.516930,0.508917,0.658928
00204526_09,02045,3,1,0.415442,0.545975,0.539524,0.313476
00204526_10,02045,4,0,0.199313,0.510153,0.525831,0.192731
00204528_00,02045,4,1,0.361236,0.529841,0.527969,0.379012
00204528_01,02045,2,0,0.746157,0.676253,0.684909,0.794853
00204528_02,02045,4,0,0.632090,0.475984,0.505332,0.602297
00204528_03,02045,2,1,0.673543,0.598806,0.591473,0.642307
00204528_04,02045,3,1,0.431631,0.557554,0.549186,0.372360
00204528_05,02045,4,1,0.483787,0.477518,0.498706,0.450428
00204528_07,02045,3,1,0.260796,0.439584,0.460216,0.147197
00204529_02,02045,4,1,0.584571,0.535040,0.504283,0.679402
00204529_03,02045,3,1,0.141114,0.413581,0.430584,0.029939
00204529_04,02045,1,1,0.533301,0.480502,0.475238,0.544387
00204529_05,02045,1,1,0.522280,0.480502,0.475238,0.532487
00204529_07,02045,2,1,0.558840,0.820642,0.738945,0.513074
00204529_08,02045,3,1,0.571947,0.519455,0.518906,0.485349
00204529_10,02045,4,1,0.389217,0.446600,0.460694,0.380222
00204601_01,02046,2,1,0.552921,0.514554,0.540328,0.562887
00204601_03,02046,4,1,0.503151,0.458126,0.481195,0.457854
00204601_05,02046,1,1,0.390960,0.478139,0.481842,0.404517
00204601_06,02046,2,1,0.235421,0.309455,0.335812,0.149451
00204601_07,02046,4,1,0.540516,0.481780,0.476461,0.305358
00204601_09,02046,1,1,0.358161,0.532114,0.499467,0.399143
00204601_10,02046,2,1,0.554855,0.379437,0.500450,0.414041
00204607_02,02046,4,1,0.510774,0.427648,0.464463,0.440771
00204607_03,02046,2,1,0.565000,0.526970,0.508502,0.528939
00204607_04,02046,4,1,0.470786,0.373412,0.394495,0.258822
00204607_05,02046,4,1,0.500664,0.484720,0.499217,0.455590
00204607_06,02046,1,0,0.530743,0.463870,0.472164,0.519422
00204607_07,02046,1,0,0.804820,0.399728,0.391761,0.025582
00204608_00,02046,2,0,0.455273,0.508148,0.483747,0.434143
00204608_02,02046,4,1,0.429290,0.536260,0.498750,0.431058
00204608_04,02046,3,1,0.529964,0.612310,0.452861,0.329988
00204608_05,02046,4,1,0.541831,0.457108,0.443567,0.437167
00204608_07,02046,2,1,0.402575,0.398002,0.413647,0.253609
00204609_03,02046,1,1,0.477301,0.447130,0.444005,0.499120
00204609_10,02046,4,1,0.521097,0.578134,0.506345,0.543050
00204609_11,02046,4,1,0.531131,0.476802,0.498360,0.510765
00204611_01,02046,1,0,0.456066,0.457078,0.460175,0.470412
00204611_06,02046,2,1,0.888386,0.576671,0.548026,0.789850
00204611_07,02046,4,1,0.468767,0.472260,0.466884,0.427981
00204611_08,02046,3,1,0.569357,0.569213,0.571008,0.574792
00204611_10,02046,2,1,0.602818,0.540441,0.531920,0.601937
00204611_11,02046,4,1,0.570450,0.771290,0.811437,0.075205
00204613_02,02046,4,1,0.445620,0.546051,0.536314,0.490824
00204613_03,02046,4,1,0.538853,0.502576,0.530732,0.543309
00204613_06,02046,1,1,0.506416,0.456754,0.466186,0.470450
00204613_08,02046,2,1,0.412258,0.417901,0.442260,0.373409
00204613_09,02046,4,0,0.581145,0.574331,0.550931,0.697618
00204613_10,02046,4,1,0.086950,0.049695,0.070223,0.009077
00204618_01,02046,4,1,0.496690,0.425176,0.448746,0.392266
00204618_02,02046,1,1,0.522871,0.461780,0.472815,0.481167
00204618_03,02046,1,1,0.426648,0.455944,0.459214,0.411316
00204618_04,02046,2,1,0.496520,0.513165,0.496741,0.501508
00204618_06,02046,1,1,0.388203,0.492853,0.488055,0.368114
00204618_08,02046,1,1,0.382083,0.475777,0.469856,0.388245
00204618_10,02046,2,1,0.603466,0.537370,0.530415,0.552461
00204620_00,02046,4,1,0.462691,0.506154,0.498671,0.492251
00204620_03,02046,1,1,0.440337,0.450894,0.451576,0.458965
00204620_05,02046,4,0,0.442436,0.457203,0.475543,0.388728
00204620_06,02046,2,0,0.016497,0.700260,0.412360,0.780050
00204620_08,02046,4,1,0.479813,0.509034,0.513203,0.534009
00204624_01,02046,4,1,0.563574,0.504403,0.476553,0.390528
00204624_03,02046,1,0,0.408924,0.539804,0.503449,0.419435
00204624_04,02046,2,1,0.546219,0.460618,0.506197,0.545902
00204626_00,02046,4,1,0.470277,0.608808,0.517690,0.599005
00204626_02,02046,2,1,0.414167,0.429640,0.430323,0.340882
00204626_03,02046,4,0,0.516430,0.509698,0.514301,0.568383
00204626_04,02046,4,1,0.567392,0.632518,0.467923,0.397867
00204626_05,02046,1,0,0.413791,0.429884,0.463663,0.411384
00204626_06,02046,4,1,0.740014,0.759656,0.605245,0.799786
00204626_07,02046,1,1,0.283219,0.477873,0.471618,0.238271
00204626_08,02046,3,1,0.675548,0.568393,0.585572,0.683226
00204626_09,02046,3,1,0.458434,0.486449,0.535819,0.377108
00204626_10,02046,4,0,0.422164,0.421132,0.437331,0.545436
00204628_00,02046,4,1,0.371749,0.509688,0.499328,0.553974
00204628_01,02046,2,1,0.468780,0.437732,0.485798,0.467770
00204628_02,02046,4,0,0.664278,0.626601,0.589928,0.784833
00204628_03,02046,2,0,0.552378,0.575619,0.560533,0.563596
00204628_04,02046,3,1,0.408443,0.576394,0.549405,0.375145
00204628_05,02046,4,1,0.509022,0.458282,0.349279,0.127361
00204628_07,02046,3,1,0.560093,0.445593,0.515718,0.431051
00204629_02,02046,4,1,0.526773,0.487109,0.422544,0.293937
00204629_03,02046,3,0,0.587728,0.397148,0.498804,0.482041
00204629_04,02046,1,1,0.593800,0.471382,0.486963,0.505501
00204629_05,02046,1,1,0.432775,0.454147,0.462336,0.424817
00204629_07,02046,2,1,0.466096,0.603556,0.579587,0.662353
00204629_08,02046,3,1,0.461814,0.354892,0.392851,0.285136
00204629_10,02046,4,1,0.467935,0.464516,0.462132,0.387137
