t_pass,enabled_tones,n,n_pass,n_retry,coverage,pass_precision,true_pass,false_pass,false_pass_rate,incorrect_tokens_passed,speakers_any_pass,speakers_5plus_pass,speakers_zero_pass,T1_pass,T1_precision,T1_false_pass,T2_pass,T2_precision,T2_false_pass,T3_pass,T3_precision,T3_false_pass,T4_pass,T4_precision,T4_false_pass
0.03756,1234,1424,15,1409,0.010533707865168539,0.9333333333333333,14,1,0.06666666666666667,1,11,0,21,0,nan,0,5,1.0,0,5,1.0,0,5,0.8,1
0.0901,1234,1424,26,1398,0.018258426966292134,0.9230769230769231,24,2,0.07692307692307693,2,17,0,15,0,nan,0,8,0.875,1,9,1.0,0,9,0.8888888888888888,1
0.14378,1234,1424,37,1387,0.02598314606741573,0.8648648648648649,32,5,0.13513513513513514,5,20,1,12,0,nan,0,11,0.8181818181818182,2,12,0.9166666666666666,1,14,0.8571428571428571,2
0.18728,1234,1424,48,1376,0.033707865168539325,0.8541666666666666,41,7,0.14583333333333334,7,22,1,10,0,nan,0,14,0.8571428571428571,2,13,0.9230769230769231,1,21,0.8095238095238095,4
0.24015,1234,1424,60,1364,0.042134831460674156,0.8666666666666667,52,8,0.13333333333333333,8,23,3,9,0,nan,0,17,0.8823529411764706,2,17,0.9411764705882353,1,26,0.8076923076923077,5
0.26154,1234,1424,71,1353,0.04985955056179775,0.8873239436619719,63,8,0.11267605633802817,8,23,4,9,2,1.0,0,19,0.8947368421052632,2,18,0.9444444444444444,1,32,0.84375,5
0.27179,1234,1424,82,1342,0.05758426966292135,0.8780487804878049,72,10,0.12195121951219512,10,24,7,8,3,0.6666666666666666,1,23,0.9130434782608695,2,18,0.9444444444444444,1,38,0.8421052631578947,6
0.29033,1234,1424,93,1331,0.06530898876404495,0.8817204301075269,82,11,0.11827956989247312,11,27,8,5,4,0.5,2,26,0.9230769230769231,2,19,0.9473684210526315,1,44,0.8636363636363636,6
0.30842,1234,1424,105,1319,0.07373595505617977,0.8761904761904762,92,13,0.12380952380952381,13,30,10,2,4,0.5,2,30,0.9333333333333333,2,22,0.9090909090909091,2,49,0.8571428571428571,7
0.32191,1234,1424,116,1308,0.08146067415730338,0.8879310344827587,103,13,0.11206896551724138,13,30,10,2,4,0.5,2,33,0.9393939393939394,2,22,0.9090909090909091,2,57,0.8771929824561403,7
0.32883,1234,1424,127,1297,0.08918539325842696,0.8976377952755905,114,13,0.10236220472440945,13,30,11,2,4,0.5,2,35,0.9428571428571428,2,23,0.9130434782608695,2,65,0.8923076923076924,7
0.34167,1234,1424,138,1286,0.09691011235955056,0.9057971014492754,125,13,0.09420289855072464,13,31,11,1,4,0.5,2,37,0.9459459459459459,2,26,0.9230769230769231,2,71,0.9014084507042254,7
0.35125,1234,1424,150,1274,0.10533707865168539,0.9066666666666666,136,14,0.09333333333333334,14,31,12,1,4,0.5,2,40,0.925,3,28,0.9285714285714286,2,78,0.9102564102564102,7
0.36193,1234,1424,161,1263,0.11306179775280899,0.9006211180124224,145,16,0.09937888198757763,16,31,12,1,5,0.4,3,42,0.9285714285714286,3,32,0.90625,3,82,0.9146341463414634,7
0.36769,1234,1424,172,1252,0.12078651685393259,0.9069767441860465,156,16,0.09302325581395349,16,31,12,1,6,0.5,3,45,0.9333333333333333,3,32,0.90625,3,89,0.9213483146067416,7
0.38059,1234,1424,183,1241,0.12851123595505617,0.9016393442622951,165,18,0.09836065573770492,18,31,13,1,8,0.5,4,46,0.9347826086956522,3,35,0.9142857142857143,3,94,0.9148936170212766,8
0.38448,1234,1424,195,1229,0.136938202247191,0.9076923076923077,177,18,0.09230769230769231,18,31,13,1,8,0.5,4,50,0.94,3,37,0.918918918918919,3,100,0.92,8
0.39184,1234,1424,206,1218,0.1446629213483146,0.9077669902912622,187,19,0.09223300970873786,19,31,13,1,10,0.5,5,52,0.9423076923076923,3,38,0.9210526315789473,3,106,0.9245283018867925,8
0.39651,1234,1424,217,1207,0.1523876404494382,0.9032258064516129,196,21,0.0967741935483871,21,31,14,1,13,0.6153846153846154,5,54,0.9444444444444444,3,40,0.9,4,110,0.9181818181818182,9
0.40133,1234,1424,228,1196,0.1601123595505618,0.9035087719298246,206,22,0.09649122807017543,22,31,17,1,15,0.6666666666666666,5,58,0.9482758620689655,3,41,0.8780487804878049,5,114,0.9210526315789473,9
0.40496,1234,1424,240,1184,0.16853932584269662,0.8958333333333334,215,25,0.10416666666666667,25,31,20,1,18,0.6111111111111112,7,62,0.9354838709677419,4,43,0.8837209302325582,5,117,0.9230769230769231,9
0.40988,1234,1424,251,1173,0.17626404494382023,0.896414342629482,225,26,0.10358565737051793,26,31,20,1,19,0.631578947368421,7,66,0.9242424242424242,5,44,0.8863636363636364,5,122,0.9262295081967213,9
0.41339,1234,1424,262,1162,0.18398876404494383,0.8931297709923665,234,28,0.10687022900763359,28,31,20,1,20,0.65,7,71,0.9014084507042254,7,46,0.8913043478260869,5,125,0.928,9
0.41844,1234,1424,273,1151,0.19171348314606743,0.8974358974358975,245,28,0.10256410256410256,28,31,22,1,24,0.7083333333333334,7,72,0.9027777777777778,7,47,0.8936170212765957,5,130,0.9307692307692308,9
0.42274,1234,1424,284,1140,0.199438202247191,0.9014084507042254,256,28,0.09859154929577464,28,31,22,1,24,0.7083333333333334,7,75,0.9066666666666666,7,49,0.8979591836734694,5,136,0.9338235294117647,9
0.42512,1234,1424,296,1128,0.20786516853932585,0.8986486486486487,266,30,0.10135135135135136,30,31,22,1,27,0.7037037037037037,8,78,0.8974358974358975,8,49,0.8979591836734694,5,142,0.9366197183098591,9
0.42879,1234,1424,307,1117,0.21558988764044945,0.8925081433224755,274,33,0.10749185667752444,33,32,22,0,29,0.6896551724137931,9,81,0.8888888888888888,9,49,0.8979591836734694,5,148,0.9324324324324325,10
0.43205,1234,1424,318,1106,0.22331460674157302,0.8930817610062893,284,34,0.1069182389937107,34,32,22,0,33,0.7272727272727273,9,85,0.8823529411764706,10,50,0.9,5,150,0.9333333333333333,10
0.43439,1234,1424,329,1095,0.23103932584269662,0.8905775075987842,293,36,0.1094224924012158,36,32,22,0,39,0.717948717948718,11,86,0.8837209302325582,10,51,0.9019607843137255,5,153,0.934640522875817,10
0.43773,1234,1424,341,1083,0.23946629213483145,0.8885630498533724,303,38,0.11143695014662756,38,32,22,0,43,0.7441860465116279,11,90,0.8888888888888888,10,51,0.9019607843137255,5,157,0.9235668789808917,12
0.44191,1234,1424,352,1072,0.24719101123595505,0.8892045454545454,313,39,0.11079545454545454,39,32,22,0,49,0.7755102040816326,11,93,0.8924731182795699,10,51,0.9019607843137255,5,159,0.9182389937106918,13
0.44389,1234,1424,363,1061,0.25491573033707865,0.8898071625344353,323,40,0.11019283746556474,40,32,22,0,54,0.7962962962962963,11,96,0.8854166666666666,11,51,0.9019607843137255,5,162,0.9197530864197531,13
0.44658,1234,1424,374,1050,0.26264044943820225,0.8903743315508021,333,41,0.10962566844919786,41,32,23,0,60,0.8166666666666667,11,100,0.89,11,51,0.9019607843137255,5,163,0.9141104294478528,14
0.44878,1234,1424,386,1038,0.2710674157303371,0.8886010362694301,343,43,0.11139896373056994,43,32,23,0,64,0.8125,12,101,0.8910891089108911,11,54,0.9074074074074074,5,167,0.9101796407185628,15
0.45048,1234,1424,397,1027,0.27879213483146065,0.8816120906801007,350,47,0.11838790931989925,47,32,23,0,72,0.7777777777777778,16,101,0.8910891089108911,11,54,0.9074074074074074,5,170,0.9117647058823529,15
0.45191,1234,1424,408,1016,0.28651685393258425,0.8823529411764706,360,48,0.11764705882352941,48,32,23,0,78,0.7948717948717948,16,102,0.8921568627450981,11,55,0.9090909090909091,5,173,0.9075144508670521,16
0.45355,1234,1424,419,1005,0.29424157303370785,0.8782816229116945,368,51,0.12171837708830549,51,32,24,0,84,0.7976190476190477,17,102,0.8921568627450981,11,58,0.896551724137931,6,175,0.9028571428571428,17
0.45571,1234,1424,431,993,0.3026685393258427,0.8793503480278422,379,52,0.12064965197215777,52,32,24,0,90,0.8111111111111111,17,106,0.8962264150943396,11,58,0.896551724137931,6,177,0.8983050847457628,18
0.45697,1234,1424,442,982,0.3103932584269663,0.8823529411764706,390,52,0.11764705882352941,52,32,25,0,98,0.826530612244898,17,107,0.897196261682243,11,58,0.896551724137931,6,179,0.8994413407821229,18
0.458,1234,1424,453,971,0.3181179775280899,0.8830022075055187,400,53,0.11699779249448124,53,32,25,0,106,0.8301886792452831,18,107,0.897196261682243,11,58,0.896551724137931,6,182,0.9010989010989011,18
0.45909,1234,1424,464,960,0.3258426966292135,0.8857758620689655,411,53,0.11422413793103449,53,32,25,0,112,0.8392857142857143,18,109,0.8990825688073395,11,58,0.896551724137931,6,185,0.9027027027027027,18
0.46028,1234,1424,476,948,0.3342696629213483,0.884453781512605,421,55,0.11554621848739496,55,32,25,0,119,0.8403361344537815,19,109,0.8990825688073395,11,59,0.8983050847457628,6,189,0.8994708994708994,19
0.46137,1234,1424,487,937,0.3419943820224719,0.8870636550308009,432,55,0.11293634496919917,55,32,26,0,127,0.8503937007874016,19,109,0.8990825688073395,11,59,0.8983050847457628,6,192,0.9010416666666666,19
0.46256,1234,1424,498,926,0.3497191011235955,0.8855421686746988,441,57,0.1144578313253012,57,32,26,0,132,0.8484848484848485,20,111,0.9009009009009009,11,59,0.8983050847457628,6,196,0.8979591836734694,20
0.46411,1234,1424,509,915,0.3574438202247191,0.8840864440078585,450,59,0.11591355599214145,59,32,26,0,139,0.841726618705036,22,111,0.9009009009009009,11,61,0.9016393442622951,6,198,0.898989898989899,20
0.4647,1234,1424,521,903,0.36587078651685395,0.8848368522072937,461,60,0.11516314779270634,60,32,26,0,145,0.8482758620689655,22,111,0.9009009009009009,11,63,0.8888888888888888,7,202,0.900990099009901,20
0.46619,1234,1424,532,892,0.37359550561797755,0.8872180451127819,472,60,0.11278195488721804,60,32,26,0,148,0.8513513513513513,22,115,0.9043478260869565,11,64,0.890625,7,205,0.9024390243902439,20
0.46757,1234,1424,543,881,0.3813202247191011,0.8876611418047882,482,61,0.11233885819521179,61,32,27,0,156,0.8525641025641025,23,115,0.9043478260869565,11,64,0.890625,7,208,0.9038461538461539,20
0.46902,1234,1424,554,870,0.3890449438202247,0.8880866425992779,492,62,0.11191335740072202,62,32,28,0,162,0.8580246913580247,23,117,0.8974358974358975,12,65,0.8923076923076924,7,210,0.9047619047619048,20
0.46986,1234,1424,566,858,0.39747191011235955,0.8886925795053003,503,63,0.11130742049469965,63,32,28,0,167,0.8622754491017964,23,119,0.8907563025210085,13,65,0.8923076923076924,7,215,0.9069767441860465,20
0.47065,1234,1424,573,851,0.4023876404494382,0.8883071553228621,509,64,0.11169284467713787,64,32,28,0,170,0.8647058823529412,23,120,0.8916666666666667,13,66,0.8787878787878788,8,217,0.9078341013824884,20
0.47125,1234,1424,584,840,0.4101123595505618,0.886986301369863,518,66,0.11301369863013698,66,32,28,0,178,0.8651685393258427,24,121,0.8925619834710744,13,66,0.8787878787878788,8,219,0.9041095890410958,21
0.47216,1234,1424,595,829,0.4178370786516854,0.8890756302521008,529,66,0.11092436974789915,66,32,28,0,187,0.8716577540106952,24,122,0.8934426229508197,13,66,0.8787878787878788,8,220,0.9045454545454545,21
0.47282,1234,1424,606,818,0.425561797752809,0.8861386138613861,537,69,0.11386138613861387,69,32,28,0,196,0.8622448979591837,27,123,0.8943089430894309,13,66,0.8787878787878788,8,221,0.9049773755656109,21
0.47379,1234,1424,618,806,0.4339887640449438,0.8867313915857605,548,70,0.11326860841423948,70,32,29,0,202,0.8613861386138614,28,124,0.8951612903225806,13,67,0.8805970149253731,8,225,0.9066666666666666,21
0.47484,1234,1424,629,795,0.4417134831460674,0.8871224165341812,558,71,0.11287758346581876,71,32,29,0,208,0.8605769230769231,29,125,0.896,13,68,0.8823529411764706,8,228,0.9078947368421053,21
0.47524,1234,1424,635,789,0.44592696629213485,0.8881889763779528,564,71,0.11181102362204724,71,32,29,0,211,0.8625592417061612,29,126,0.8968253968253969,13,69,0.8840579710144928,8,229,0.9082969432314411,21
0.47571,1234,1424,642,782,0.4508426966292135,0.8862928348909658,569,73,0.11370716510903427,73,32,29,0,214,0.8644859813084113,29,127,0.8976377952755905,13,70,0.8857142857142857,8,231,0.9004329004329005,23
0.4763,1234,1424,653,771,0.4585674157303371,0.886676875957121,579,74,0.11332312404287902,74,32,29,0,223,0.8654708520179372,30,128,0.8984375,13,70,0.8857142857142857,8,232,0.9008620689655172,23
0.47709,1234,1424,664,760,0.46629213483146065,0.8855421686746988,588,76,0.1144578313253012,76,32,30,0,228,0.8596491228070176,32,130,0.9,13,71,0.8873239436619719,8,235,0.902127659574468,23
0.47786,1234,1424,674,750,0.47331460674157305,0.8827893175074184,595,79,0.1172106824925816,79,32,30,0,234,0.8589743589743589,33,133,0.8947368421052632,14,71,0.8873239436619719,8,236,0.8983050847457628,24
0.47821,1234,1424,680,744,0.47752808988764045,0.8808823529411764,599,81,0.11911764705882352,81,32,30,0,236,0.8559322033898306,34,134,0.8880597014925373,15,71,0.8873239436619719,8,239,0.899581589958159,24
0.47888,1234,1424,692,732,0.4859550561797753,0.880057803468208,609,83,0.1199421965317919,83,32,30,0,245,0.8530612244897959,36,134,0.8880597014925373,15,72,0.8888888888888888,8,241,0.9004149377593361,24
0.47954,1234,1424,701,723,0.4922752808988764,0.8801711840228246,617,84,0.11982881597717546,84,32,30,0,247,0.854251012145749,36,138,0.8840579710144928,16,74,0.8918918918918919,8,242,0.9008264462809917,24
0.48052,1234,1424,713,711,0.5007022471910112,0.8821879382889201,629,84,0.11781206171107994,84,32,30,0,253,0.857707509881423,36,139,0.8848920863309353,16,74,0.8918918918918919,8,247,0.902834008097166,24
0.48139,1234,1424,724,700,0.5084269662921348,0.8825966850828729,639,85,0.11740331491712708,85,32,30,0,257,0.8599221789883269,36,143,0.8811188811188811,17,74,0.8918918918918919,8,250,0.904,24
0.48181,1234,1424,732,692,0.5140449438202247,0.8838797814207651,647,85,0.11612021857923498,85,32,30,0,263,0.8631178707224335,36,143,0.8811188811188811,17,75,0.8933333333333333,8,251,0.9043824701195219,24
0.48241,1234,1424,743,681,0.5217696629213483,0.8842530282637954,657,86,0.11574697173620457,86,32,30,0,265,0.8641509433962264,36,147,0.8775510204081632,18,76,0.8947368421052632,8,255,0.9058823529411765,24
0.48321,1234,1424,754,670,0.5294943820224719,0.883289124668435,666,88,0.11671087533156499,88,32,30,0,270,0.8629629629629629,37,150,0.8733333333333333,19,76,0.8947368421052632,8,258,0.9069767441860465,24
0.48441,1234,1424,765,659,0.5372191011235955,0.8797385620915033,673,92,0.12026143790849673,92,32,30,0,274,0.8613138686131386,38,154,0.8636363636363636,21,76,0.8947368421052632,8,261,0.9042145593869731,25
0.48506,1234,1424,777,647,0.5456460674157303,0.8803088803088803,684,93,0.11969111969111969,93,32,30,0,278,0.8633093525179856,38,157,0.8598726114649682,22,76,0.8947368421052632,8,266,0.9060150375939849,25
0.48618,1234,1424,788,636,0.5533707865168539,0.881979695431472,695,93,0.11802030456852793,93,32,31,0,282,0.8652482269503546,38,159,0.8616352201257862,22,76,0.8947368421052632,8,271,0.9077490774907749,25
0.48694,1234,1424,799,625,0.5610955056179775,0.8836045056320401,706,93,0.11639549436795996,93,32,31,0,285,0.8666666666666667,38,162,0.8641975308641975,22,77,0.8961038961038961,8,275,0.9090909090909091,25
0.48842,1234,1424,810,614,0.5688202247191011,0.8839506172839506,716,94,0.11604938271604938,94,32,31,0,292,0.8698630136986302,38,164,0.8597560975609756,23,77,0.8961038961038961,8,277,0.9097472924187726,25
0.48896,1234,1424,816,608,0.5730337078651685,0.8811274509803921,719,97,0.11887254901960784,97,32,31,0,295,0.8677966101694915,39,164,0.8597560975609756,23,79,0.8860759493670886,9,278,0.9064748201438849,26
0.4902,1234,1424,824,600,0.5786516853932584,0.8798543689320388,725,99,0.12014563106796117,99,32,31,0,298,0.8657718120805369,40,166,0.8614457831325302,23,79,0.8860759493670886,9,281,0.9039145907473309,27
0.4924,1234,1424,835,589,0.586376404494382,0.8766467065868263,732,103,0.12335329341317365,103,32,31,0,300,0.8633333333333333,41,171,0.8538011695906432,25,79,0.8860759493670886,9,285,0.9017543859649123,28
0.49359,1234,1424,844,580,0.5926966292134831,0.8744075829383886,738,106,0.12559241706161137,106,32,31,0,301,0.8637873754152824,41,175,0.8514285714285714,26,81,0.8641975308641975,11,287,0.9024390243902439,28
0.4943,1234,1424,854,570,0.5997191011235955,0.8758782201405152,748,106,0.12412177985948478,106,32,31,0,304,0.8651315789473685,41,177,0.8531073446327684,26,83,0.8674698795180723,11,290,0.903448275862069,28
0.49607,1234,1424,865,559,0.6074438202247191,0.8763005780346821,758,107,0.12369942196531791,107,32,31,0,310,0.867741935483871,41,178,0.8539325842696629,26,84,0.8690476190476191,11,293,0.9010238907849829,29
0.49732,1234,1424,876,548,0.6151685393258427,0.8744292237442922,766,110,0.12557077625570776,110,32,31,0,312,0.8685897435897436,41,181,0.850828729281768,27,84,0.8690476190476191,11,299,0.8963210702341137,31
0.49873,1234,1424,887,537,0.6228932584269663,0.8737316798196166,775,112,0.1262683201803833,112,32,32,0,313,0.8690095846645367,41,186,0.8494623655913979,28,84,0.8690476190476191,11,304,0.8947368421052632,32
0.49933,1234,1424,896,528,0.6292134831460674,0.8716517857142857,781,115,0.12834821428571427,115,32,32,0,313,0.8690095846645367,41,187,0.8502673796791443,28,85,0.8588235294117647,12,311,0.8906752411575563,34
0.5008,1234,1424,907,517,0.636938202247191,0.8699007717750827,789,118,0.13009922822491732,118,32,32,0,316,0.8670886075949367,42,190,0.8526315789473684,28,86,0.8488372093023255,13,315,0.8888888888888888,35
0.50286,1234,1424,918,506,0.6446629213483146,0.8703703703703703,799,119,0.12962962962962962,119,32,32,0,317,0.8643533123028391,43,194,0.8556701030927835,28,86,0.8488372093023255,13,321,0.8909657320872274,35
0.50389,1234,1424,929,495,0.6523876404494382,0.868675995694295,807,122,0.13132400430570507,122,32,32,0,321,0.8629283489096573,44,195,0.8512820512820513,29,86,0.8488372093023255,13,327,0.8899082568807339,36
0.50533,1234,1424,941,483,0.660814606741573,0.8682252922422954,817,124,0.13177470775770456,124,32,32,0,322,0.8633540372670807,44,200,0.855,29,87,0.8505747126436781,13,332,0.8855421686746988,38
0.50637,1234,1424,952,472,0.6685393258426966,0.8676470588235294,826,126,0.1323529411764706,126,32,32,0,323,0.8606811145510835,45,203,0.8571428571428571,29,87,0.8505747126436781,13,339,0.8849557522123894,39
0.50776,1234,1424,963,461,0.6762640449438202,0.8660436137071651,834,129,0.13395638629283488,129,32,32,0,325,0.8553846153846154,47,206,0.8592233009708737,29,88,0.8409090909090909,14,344,0.8866279069767442,39
0.5095,1234,1424,974,450,0.6839887640449438,0.8675564681724846,845,129,0.1324435318275154,129,32,32,0,328,0.8567073170731707,47,209,0.861244019138756,29,89,0.8426966292134831,14,348,0.8879310344827587,39
0.5105,1234,1424,979,445,0.6875,0.8682328907048008,850,129,0.1317671092951992,129,32,32,0,329,0.8571428571428571,47,211,0.8625592417061612,29,90,0.8444444444444444,14,349,0.8882521489971347,39
0.51295,1234,1424,990,434,0.6952247191011236,0.8676767676767677,859,131,0.13232323232323231,131,32,32,0,330,0.8545454545454545,48,218,0.8623853211009175,30,91,0.8461538461538461,14,351,0.8888888888888888,39
0.51419,1234,1424,1001,423,0.7029494382022472,0.8651348651348651,866,135,0.13486513486513488,135,32,32,0,331,0.851963746223565,49,220,0.8590909090909091,31,92,0.8369565217391305,15,358,0.888268156424581,40
0.51561,1234,1424,1010,414,0.7092696629213483,0.8633663366336634,872,138,0.13663366336633664,138,32,32,0,332,0.8524096385542169,49,222,0.8558558558558559,32,92,0.8369565217391305,15,364,0.8846153846153846,42
0.51715,1234,1424,1018,406,0.7148876404494382,0.8634577603143418,879,139,0.13654223968565815,139,32,32,0,334,0.8532934131736527,49,223,0.8565022421524664,32,93,0.8387096774193549,15,368,0.8831521739130435,43
0.51809,1234,1424,1029,395,0.7226123595505618,0.8620019436345967,887,142,0.1379980563654033,142,32,32,0,334,0.8532934131736527,49,223,0.8565022421524664,32,96,0.8333333333333334,16,376,0.8803191489361702,45
0.51927,1234,1424,1041,383,0.7310393258426966,0.8607108549471661,896,145,0.13928914505283382,145,32,32,0,336,0.8482142857142857,51,224,0.8571428571428571,32,97,0.8350515463917526,16,384,0.8802083333333334,46
0.52218,1234,1424,1052,372,0.7387640449438202,0.8621673003802282,907,145,0.13783269961977188,145,32,32,0,338,0.849112426035503,51,226,0.8584070796460177,32,99,0.8383838383838383,16,389,0.8817480719794345,46
0.52499,1234,1424,1062,362,0.7457865168539326,0.8615819209039548,915,147,0.1384180790960452,147,32,32,0,338,0.849112426035503,51,226,0.8584070796460177,32,100,0.84,16,398,0.8793969849246231,48
0.52635,1234,1424,1069,355,0.7507022471910112,0.8615528531337698,921,148,0.1384471468662301,148,32,32,0,339,0.8466076696165191,52,228,0.8596491228070176,32,102,0.8431372549019608,16,400,0.88,48
0.52838,1234,1424,1080,344,0.7584269662921348,0.8592592592592593,928,152,0.14074074074074075,152,32,32,0,340,0.8441176470588235,53,230,0.8608695652173913,32,104,0.8461538461538461,16,406,0.874384236453202,51
0.53187,1234,1424,1091,333,0.7661516853932584,0.8597616865261228,938,153,0.14023831347387716,153,32,32,0,341,0.844574780058651,53,232,0.8620689655172413,32,105,0.8476190476190476,16,413,0.87409200968523,52
0.53461,1234,1424,1102,322,0.773876404494382,0.8575317604355717,945,157,0.1424682395644283,157,32,32,0,341,0.844574780058651,53,234,0.8589743589743589,33,110,0.8363636363636363,18,417,0.8729016786570744,53
0.53786,1234,1424,1113,311,0.7816011235955056,0.8580413297394429,955,158,0.14195867026055706,158,32,32,0,341,0.844574780058651,53,236,0.8601694915254238,33,114,0.8421052631578947,18,422,0.8720379146919431,54
0.54061,1234,1424,1126,298,0.7907303370786517,0.8579040852575488,966,160,0.14209591474245115,160,32,32,0,343,0.8454810495626822,53,240,0.8583333333333333,34,118,0.847457627118644,18,425,0.8705882352941177,55
0.54447,1234,1424,1136,288,0.797752808988764,0.858274647887324,975,161,0.14172535211267606,161,32,32,0,344,0.8459302325581395,53,244,0.8565573770491803,35,121,0.8512396694214877,18,427,0.8711943793911007,55
0.54665,1234,1424,1143,281,0.8026685393258427,0.8565179352580927,979,164,0.14348206474190725,164,32,32,0,344,0.8459302325581395,53,246,0.8536585365853658,36,123,0.8455284552845529,19,430,0.8697674418604651,56
0.54918,1234,1424,1154,270,0.8103932584269663,0.8570190641247833,989,165,0.14298093587521662,165,32,32,0,344,0.8459302325581395,53,247,0.854251012145749,36,128,0.8515625,19,435,0.8689655172413793,57
0.55131,1234,1424,1166,258,0.8188202247191011,0.8550600343053173,997,169,0.14493996569468268,169,32,32,0,344,0.8459302325581395,53,249,0.8554216867469879,36,133,0.849624060150376,20,440,0.8636363636363636,60
0.55361,1234,1424,1177,247,0.8265449438202247,0.8530161427357689,1004,173,0.1469838572642311,173,32,32,0,344,0.8459302325581395,53,252,0.8452380952380952,39,135,0.8518518518518519,20,446,0.8632286995515696,61
0.55712,1234,1424,1188,236,0.8342696629213483,0.8526936026936027,1013,175,0.1473063973063973,175,32,32,0,344,0.8459302325581395,53,257,0.8443579766536965,40,138,0.855072463768116,20,449,0.8619153674832962,62
0.56154,1234,1424,1199,225,0.8419943820224719,0.8515429524603837,1021,178,0.14845704753961636,178,32,32,0,346,0.8439306358381503,54,260,0.8423076923076923,41,140,0.8571428571428571,20,453,0.8609271523178808,63
0.56779,1234,1424,1211,213,0.8504213483146067,0.8497109826589595,1029,182,0.15028901734104047,182,32,32,0,347,0.8414985590778098,55,263,0.844106463878327,41,144,0.8472222222222222,22,457,0.8599562363238512,64
0.5722,1234,1424,1222,202,0.8581460674157303,0.8486088379705401,1037,185,0.1513911620294599,185,32,32,0,347,0.8414985590778098,55,268,0.8432835820895522,42,147,0.8435374149659864,23,460,0.8586956521739131,65
0.57969,1234,1424,1233,191,0.8658707865168539,0.8499594484995945,1048,185,0.15004055150040552,185,32,32,0,347,0.8414985590778098,55,273,0.8461538461538461,42,149,0.8456375838926175,23,464,0.8599137931034483,65
0.58553,1234,1424,1244,180,0.8735955056179775,0.8480707395498392,1055,189,0.15192926045016078,189,32,32,0,348,0.8390804597701149,56,275,0.8472727272727273,42,153,0.8431372549019608,24,468,0.8568376068376068,67
0.59197,1234,1424,1256,168,0.8820224719101124,0.8463375796178344,1063,193,0.1536624203821656,193,32,32,0,348,0.8390804597701149,56,279,0.8458781362007168,43,157,0.8471337579617835,24,472,0.8516949152542372,70
0.59845,1234,1424,1267,157,0.889747191011236,0.8453038674033149,1071,196,0.15469613259668508,196,32,32,0,348,0.8390804597701149,56,282,0.8475177304964538,43,161,0.8385093167701864,26,476,0.8508403361344538,71
0.60967,1234,1424,1278,146,0.8974719101123596,0.8435054773082942,1078,200,0.1564945226917058,200,32,32,0,350,0.8371428571428572,57,283,0.8480565371024735,43,166,0.8253012048192772,29,479,0.8517745302713987,71
0.6205,1234,1424,1289,135,0.9051966292134831,0.8425135764158262,1086,203,0.15748642358417378,203,32,32,0,350,0.8371428571428572,57,286,0.8496503496503497,43,171,0.8245614035087719,30,482,0.8485477178423236,73
