utterance_id,speaker_id,token_index,word,expected_pinyin,expected_tone,majority_tone_correct,agreement_count,start_seconds,end_seconds,duration_seconds,alignment_score,voiced_proportion,alignment_status,alignment_note,segment_path
00200120,02001,0,裡,lǐ,3,1,3,0.7405,0.8406,0.1001,0.9862,1.000,good,,alignment_pilot_segments/00200120_00.wav
00200120,02001,1,邊,biān,1,1,3,0.9206,1.2408,0.3202,0.9759,0.927,good,,alignment_pilot_segments/00200120_01.wav
00200120,02001,3,一,yī,1,1,3,2.7818,2.8219,0.0400,0.3377,0.000,failed,no_voiced_nucleus,alignment_pilot_segments/00200120_03.wav
00200120,02001,5,小,xiǎo,3,1,3,3.5023,3.7224,0.2201,0.9544,0.686,good,,alignment_pilot_segments/00200120_05.wav
00200120,02001,6,桌,zhuō,1,1,3,3.8025,3.9226,0.1201,0.8069,0.800,good,,alignment_pilot_segments/00200120_06.wav
00200120,02001,8,兩,liǎng,3,0,0,5.0433,5.2635,0.2201,0.1288,1.000,questionable,low_alignment_score,alignment_pilot_segments/00200120_08.wav
00200120,02001,13,一,yī,1,1,3,7.5650,7.6050,0.0400,0.4884,0.000,failed,no_voiced_nucleus,alignment_pilot_segments/00200120_13.wav
00200120,02001,15,床,chuáng,2,1,3,7.9652,8.3455,0.3802,0.9513,0.716,good,,alignment_pilot_segments/00200120_15.wav
00200220,02002,0,裡,lǐ,3,1,3,0.4605,0.5806,0.1201,0.9917,1.000,good,,alignment_pilot_segments/00200220_00.wav
00200220,02002,1,邊,biān,1,1,3,0.7007,1.0210,0.3203,0.9947,0.927,good,,alignment_pilot_segments/00200220_01.wav
00200220,02002,3,一,yī,1,0,1,1.5816,1.6817,0.1001,0.8072,1.000,good,,alignment_pilot_segments/00200220_03.wav
00200220,02002,5,小,xiǎo,3,1,3,2.6026,2.9229,0.3203,0.8464,0.418,good,,alignment_pilot_segments/00200220_05.wav
00200220,02002,6,桌,zhuō,1,1,2,3.0430,3.2032,0.1602,0.6798,0.478,good,,alignment_pilot_segments/00200220_06.wav
00200220,02002,8,兩,liǎng,3,1,3,4.0440,4.2843,0.2402,0.6872,1.000,good,,alignment_pilot_segments/00200220_08.wav
00200220,02002,13,一,yī,1,0,1,7.2272,7.3073,0.0801,0.8768,1.000,good,,alignment_pilot_segments/00200220_13.wav
00200220,02002,15,床,chuáng,2,1,3,8.0080,8.4884,0.4805,0.8746,0.713,good,,alignment_pilot_segments/00200220_15.wav
00200317,02003,1,四,sì,4,1,3,1.2892,1.4302,0.1410,0.8976,0.474,good,,alignment_pilot_segments/00200317_01.wav
00200317,02003,3,房,fáng,2,0,1,1.9741,2.2158,0.2417,0.8282,0.846,good,,alignment_pilot_segments/00200317_03.wav
00200414,02004,0,小,xiǎo,3,1,3,0.4222,0.6634,0.2412,0.9948,0.718,good,,alignment_pilot_segments/00200414_00.wav
00200414,02004,1,貓,māo,1,1,3,0.7840,1.0253,0.2412,0.9188,1.000,good,,alignment_pilot_segments/00200414_01.wav
00200414,02004,3,名,míng,2,0,1,1.3067,1.5278,0.2211,0.9088,1.000,good,,alignment_pilot_segments/00200414_03.wav
00200414,02004,4,字,zì,4,1,3,1.6082,1.7490,0.1407,0.9876,0.526,good,,alignment_pilot_segments/00200414_04.wav
00200414,02004,6,是,shì,4,1,3,2.6737,2.8144,0.1407,0.9474,0.474,good,,alignment_pilot_segments/00200414_06.wav
00200414,02004,7,花,huā,1,1,3,3.0356,3.1562,0.1206,0.9963,0.867,good,,alignment_pilot_segments/00200414_07.wav
00200414,02004,8,花,huā,1,1,3,3.3371,3.4979,0.1608,0.9946,1.000,good,,alignment_pilot_segments/00200414_08.wav
00200514,02005,0,小,xiǎo,3,0,0,0.4618,0.7028,0.2410,0.7938,0.718,good,,alignment_pilot_segments/00200514_00.wav
00200514,02005,1,貓,māo,1,0,0,0.8434,1.1647,0.3213,0.8282,0.618,good,,alignment_pilot_segments/00200514_01.wav
00200514,02005,3,名,míng,2,0,1,2.7309,2.9317,0.2008,0.8246,1.000,good,,alignment_pilot_segments/00200514_03.wav
00200514,02005,4,字,zì,4,1,3,3.0321,3.1325,0.1004,0.9801,0.818,good,,alignment_pilot_segments/00200514_04.wav
00200514,02005,6,是,shì,4,1,3,3.8956,4.0161,0.1205,0.9804,0.600,good,,alignment_pilot_segments/00200514_06.wav
00200514,02005,7,花,huā,1,1,3,4.1968,4.3373,0.1406,0.9939,0.684,good,,alignment_pilot_segments/00200514_07.wav
00200514,02005,8,花,huā,1,1,3,4.4980,4.6386,0.1406,0.9211,0.632,good,,alignment_pilot_segments/00200514_08.wav
00200614,02006,0,小,xiǎo,3,0,0,0.6033,0.8647,0.2614,0.9935,0.698,good,,alignment_pilot_segments/00200614_00.wav
00200614,02006,1,貓,māo,1,0,0,0.9652,1.1864,0.2212,0.9955,0.543,good,,alignment_pilot_segments/00200614_01.wav
00200614,02006,3,名,míng,2,1,3,1.4277,1.6489,0.2212,0.9328,0.971,good,,alignment_pilot_segments/00200614_03.wav
00200614,02006,4,字,zì,4,1,3,1.7495,1.9103,0.1609,0.9251,0.348,questionable,weak_voicing,alignment_pilot_segments/00200614_04.wav
00200614,02006,6,是,shì,4,1,3,2.6745,2.7750,0.1005,0.9873,0.273,questionable,weak_voicing,alignment_pilot_segments/00200614_06.wav
00200614,02006,7,花,huā,1,0,0,2.9158,3.0565,0.1408,0.9985,0.737,good,,alignment_pilot_segments/00200614_07.wav
00200614,02006,8,花,huā,1,1,2,3.2174,3.3380,0.1207,0.9987,0.000,failed,no_voiced_nucleus,alignment_pilot_segments/00200614_08.wav
00200720,02007,0,裡,lǐ,3,1,3,0.5211,0.6614,0.1403,0.9831,1.000,good,,alignment_pilot_segments/00200720_00.wav
00200720,02007,1,邊,biān,1,1,3,0.8217,1.1224,0.3006,0.9948,0.961,good,,alignment_pilot_segments/00200720_01.wav
00200720,02007,3,一,yī,1,0,1,1.9241,2.0043,0.0802,0.4918,1.000,good,,alignment_pilot_segments/00200720_03.wav
00200720,02007,5,小,xiǎo,3,1,3,2.8661,3.1266,0.2606,0.9850,0.395,good,,alignment_pilot_segments/00200720_05.wav
00200720,02007,6,桌,zhuō,1,1,3,3.2870,3.4273,0.1403,0.9564,0.789,good,,alignment_pilot_segments/00200720_06.wav
00200720,02007,8,兩,liǎng,3,1,2,5.2912,5.5919,0.3006,0.7557,0.843,good,,alignment_pilot_segments/00200720_08.wav
00200720,02007,13,一,yī,1,1,3,8.5782,8.6584,0.0802,0.5044,1.000,good,,alignment_pilot_segments/00200720_13.wav
00200720,02007,15,床,chuáng,2,1,3,9.2196,9.7006,0.4810,0.9573,0.437,good,,alignment_pilot_segments/00200720_15.wav
00200814,02008,0,小,xiǎo,3,0,1,0.4621,0.7232,0.2612,0.9972,0.721,good,,alignment_pilot_segments/00200814_00.wav
00200814,02008,1,貓,māo,1,1,3,0.8839,1.3259,0.4420,0.8860,0.975,good,,alignment_pilot_segments/00200814_01.wav
00200814,02008,3,名,míng,2,1,3,2.0290,2.2902,0.2612,0.9481,1.000,good,,alignment_pilot_segments/00200814_03.wav
00200814,02008,4,字,zì,4,1,3,2.3705,2.5312,0.1607,0.9903,0.304,questionable,weak_voicing,alignment_pilot_segments/00200814_04.wav
00200814,02008,6,是,shì,4,1,3,3.2746,3.4152,0.1406,0.9636,0.526,good,,alignment_pilot_segments/00200814_06.wav
00200814,02008,7,花,huā,1,0,0,3.6763,3.8371,0.1607,0.9982,0.826,good,,alignment_pilot_segments/00200814_07.wav
00200814,02008,8,花,huā,1,1,2,4.0179,4.1585,0.1406,0.9988,0.842,good,,alignment_pilot_segments/00200814_08.wav
00200914,02009,0,小,xiǎo,3,1,3,0.4625,0.6636,0.2011,0.9634,0.516,good,,alignment_pilot_segments/00200914_00.wav
00200914,02009,1,貓,māo,1,1,3,0.6837,0.8647,0.1810,0.9803,1.000,good,,alignment_pilot_segments/00200914_01.wav
00200914,02009,3,名,míng,2,1,3,1.0658,1.2467,0.1810,0.5346,0.407,good,,alignment_pilot_segments/00200914_03.wav
00200914,02009,4,字,zì,4,1,3,1.2870,1.3875,0.1005,0.9870,1.000,good,,alignment_pilot_segments/00200914_04.wav
00200914,02009,6,是,shì,4,1,3,2.4935,2.6141,0.1207,0.9882,0.333,questionable,weak_voicing,alignment_pilot_segments/00200914_06.wav
00200914,02009,7,花,huā,1,1,3,2.7147,2.8353,0.1207,0.9961,0.267,questionable,weak_voicing,alignment_pilot_segments/00200914_07.wav
00200914,02009,8,花,huā,1,1,3,2.9560,3.1168,0.1609,0.9247,1.000,good,,alignment_pilot_segments/00200914_08.wav
00201014,02010,0,小,xiǎo,3,1,3,0.4620,0.7030,0.2410,0.9969,0.744,good,,alignment_pilot_segments/00201014_00.wav
00201014,02010,1,貓,māo,1,1,3,0.8637,1.1248,0.2611,0.9900,1.000,good,,alignment_pilot_segments/00201014_01.wav
00201014,02010,3,名,míng,2,1,2,1.6470,1.8679,0.2209,0.8128,1.000,good,,alignment_pilot_segments/00201014_03.wav
00201014,02010,4,字,zì,4,1,3,1.9282,2.0487,0.1205,0.9748,0.400,good,,alignment_pilot_segments/00201014_04.wav
00201014,02010,6,是,shì,4,1,3,3.3543,3.4949,0.1406,0.9043,0.421,good,,alignment_pilot_segments/00201014_06.wav
00201014,02010,7,花,huā,1,1,3,3.8363,4.0573,0.2209,0.8878,0.771,good,,alignment_pilot_segments/00201014_07.wav
00201014,02010,8,花,huā,1,0,1,4.3385,4.4590,0.1205,0.9942,0.200,questionable,weak_voicing,alignment_pilot_segments/00201014_08.wav
00201117,02011,1,四,sì,4,0,0,0.9660,1.1270,0.1610,0.5212,0.478,good,,alignment_pilot_segments/00201117_01.wav
00201117,02011,3,房,fáng,2,1,3,2.0327,2.3346,0.3019,0.7510,0.824,good,,alignment_pilot_segments/00201117_03.wav
00201214,02012,0,小,xiǎo,3,1,3,0.5222,0.7632,0.2410,0.6567,0.795,good,,alignment_pilot_segments/00201214_00.wav
00201214,02012,1,貓,māo,1,1,3,0.8637,1.1850,0.3214,0.8873,1.000,good,,alignment_pilot_segments/00201214_01.wav
00201214,02012,3,名,míng,2,1,2,1.7876,2.0487,0.2611,0.6090,1.000,good,,alignment_pilot_segments/00201214_03.wav
00201214,02012,4,字,zì,4,1,3,2.1090,2.2094,0.1004,0.5721,0.818,good,,alignment_pilot_segments/00201214_04.wav
00201214,02012,6,是,shì,4,1,3,3.1333,3.2940,0.1607,0.9432,0.522,good,,alignment_pilot_segments/00201214_06.wav
00201214,02012,7,花,huā,1,1,2,3.5752,3.7158,0.1406,0.8106,0.842,good,,alignment_pilot_segments/00201214_07.wav
00201214,02012,8,花,huā,1,1,2,3.9568,4.0974,0.1406,0.8843,0.789,good,,alignment_pilot_segments/00201214_08.wav
00201314,02013,0,小,xiǎo,3,1,3,0.4228,0.6242,0.2013,0.9975,0.742,good,,alignment_pilot_segments/00201314_00.wav
00201314,02013,1,貓,māo,1,0,1,0.6644,0.8054,0.1409,0.9877,1.000,good,,alignment_pilot_segments/00201314_01.wav
00201314,02013,3,名,míng,2,1,3,0.9463,1.1275,0.1812,0.8881,1.000,good,,alignment_pilot_segments/00201314_03.wav
00201314,02013,4,字,zì,4,1,3,1.1477,1.2483,0.1007,0.9664,1.000,good,,alignment_pilot_segments/00201314_04.wav
00201314,02013,6,是,shì,4,1,3,1.6309,1.7718,0.1409,0.9114,0.474,good,,alignment_pilot_segments/00201314_06.wav
00201314,02013,7,花,huā,1,1,2,2.1946,2.3356,0.1409,0.9978,0.789,good,,alignment_pilot_segments/00201314_07.wav
00201314,02013,8,花,huā,1,0,0,2.4362,2.5973,0.1611,0.9982,0.696,good,,alignment_pilot_segments/00201314_08.wav
00201420,02014,0,裡,lǐ,3,0,0,0.9019,1.0022,0.1002,0.9115,1.000,good,,alignment_pilot_segments/00201420_00.wav
00201420,02014,1,邊,biān,1,0,1,1.0623,1.2627,0.2004,0.9820,1.000,good,,alignment_pilot_segments/00201420_01.wav
00201420,02014,3,一,yī,1,1,3,1.6034,1.6836,0.0802,0.0450,0.714,questionable,low_alignment_score,alignment_pilot_segments/00201420_03.wav
00201420,02014,5,小,xiǎo,3,1,3,2.1446,2.3250,0.1804,0.9942,0.593,good,,alignment_pilot_segments/00201420_05.wav
00201420,02014,6,桌,zhuō,1,1,3,2.4052,2.5455,0.1403,0.9065,0.632,good,,alignment_pilot_segments/00201420_06.wav
00201420,02014,8,兩,liǎng,3,0,1,3.9284,4.1489,0.2205,0.0473,1.000,questionable,low_alignment_score,alignment_pilot_segments/00201420_08.wav
00201420,02014,13,一,yī,1,1,3,5.6922,5.7524,0.0601,0.0713,1.000,questionable,low_alignment_score,alignment_pilot_segments/00201420_13.wav
00201420,02014,15,床,chuáng,2,1,3,6.0931,6.5741,0.4810,0.9202,0.575,good,,alignment_pilot_segments/00201420_15.wav
00201520,02015,0,裡,lǐ,3,1,3,0.5203,0.6604,0.1401,0.9878,1.000,good,,alignment_pilot_segments/00201520_00.wav
00201520,02015,1,邊,biān,1,1,2,0.8405,1.1206,0.2802,0.9039,0.723,good,,alignment_pilot_segments/00201520_01.wav
00201520,02015,3,一,yī,1,1,3,1.9611,2.0612,0.1001,0.6279,1.000,good,,alignment_pilot_segments/00201520_03.wav
00201520,02015,5,小,xiǎo,3,0,1,3.3018,3.5820,0.2802,0.9885,0.809,good,,alignment_pilot_segments/00201520_05.wav
00201520,02015,6,桌,zhuō,1,0,0,4.1823,4.9027,0.7204,0.8880,0.652,good,,alignment_pilot_segments/00201520_06.wav
00201520,02015,8,兩,liǎng,3,0,0,6.5637,6.8238,0.2601,0.9429,1.000,good,,alignment_pilot_segments/00201520_08.wav
00201520,02015,13,一,yī,1,1,3,8.6448,8.7249,0.0800,0.8420,1.000,good,,alignment_pilot_segments/00201520_13.wav
00201520,02015,15,床,chuáng,2,1,3,9.2852,9.6854,0.4002,0.9323,0.732,good,,alignment_pilot_segments/00201520_15.wav
00201614,02016,0,小,xiǎo,3,1,3,0.7035,0.8844,0.1809,0.9440,0.889,good,,alignment_pilot_segments/00201614_00.wav
00201614,02016,1,貓,māo,1,1,3,0.9648,1.1859,0.2211,0.6367,1.000,good,,alignment_pilot_segments/00201614_01.wav
00201614,02016,3,名,míng,2,1,3,1.5075,1.7085,0.2010,0.8233,1.000,good,,alignment_pilot_segments/00201614_03.wav
00201614,02016,4,字,zì,4,1,3,1.7487,1.8693,0.1206,0.9834,1.000,good,,alignment_pilot_segments/00201614_04.wav
00201614,02016,6,是,shì,4,1,3,2.8342,2.9548,0.1206,0.9543,0.733,good,,alignment_pilot_segments/00201614_06.wav
00201614,02016,7,花,huā,1,1,3,3.1558,3.2764,0.1206,0.9963,0.933,good,,alignment_pilot_segments/00201614_07.wav
00201614,02016,8,花,huā,1,0,1,3.4171,3.5578,0.1407,0.9971,0.526,good,,alignment_pilot_segments/00201614_08.wav
00201814,02018,0,小,xiǎo,3,0,1,0.3614,0.6225,0.2610,0.8757,0.814,good,,alignment_pilot_segments/00201814_00.wav
00201814,02018,1,貓,māo,1,0,0,0.7028,1.0040,0.3012,0.9401,1.000,good,,alignment_pilot_segments/00201814_01.wav
00201814,02018,3,名,míng,2,1,3,1.7269,1.9880,0.2610,0.7887,1.000,good,,alignment_pilot_segments/00201814_03.wav
00201814,02018,4,字,zì,4,1,2,2.0884,2.2289,0.1406,0.9451,0.737,good,,alignment_pilot_segments/00201814_04.wav
00201814,02018,6,是,shì,4,1,3,3.4137,3.5542,0.1406,0.8280,0.579,good,,alignment_pilot_segments/00201814_06.wav
00201814,02018,7,花,huā,1,1,3,3.8755,4.0161,0.1406,0.9760,0.632,good,,alignment_pilot_segments/00201814_07.wav
00201814,02018,8,花,huā,1,1,3,4.1767,4.3173,0.1406,0.9876,1.000,good,,alignment_pilot_segments/00201814_08.wav
00201914,02019,0,小,xiǎo,3,0,0,0.9026,1.1232,0.2206,0.9895,0.743,good,,alignment_pilot_segments/00201914_00.wav
00201914,02019,1,貓,māo,1,0,1,1.1834,1.4241,0.2407,0.9159,1.000,good,,alignment_pilot_segments/00201914_01.wav
00201914,02019,3,名,míng,2,1,3,2.8080,2.9685,0.1605,0.8222,1.000,good,,alignment_pilot_segments/00201914_03.wav
00201914,02019,4,字,zì,4,1,2,3.0086,3.1089,0.1003,0.6436,1.000,good,,alignment_pilot_segments/00201914_04.wav
00201914,02019,6,是,shì,4,1,3,3.8510,3.9914,0.1404,0.8600,0.368,good,,alignment_pilot_segments/00201914_06.wav
00201914,02019,7,花,huā,1,1,2,4.1519,4.2722,0.1203,0.9464,0.400,good,,alignment_pilot_segments/00201914_07.wav
00201914,02019,8,花,huā,1,1,3,4.4126,4.5530,0.1404,0.9655,0.684,good,,alignment_pilot_segments/00201914_08.wav
00202020,02020,0,裡,lǐ,3,1,3,0.3203,0.4204,0.1001,0.9918,1.000,good,,alignment_pilot_segments/00202020_00.wav
00202020,02020,1,邊,biān,1,1,3,0.5005,0.7207,0.2202,0.9930,1.000,good,,alignment_pilot_segments/00202020_01.wav
00202020,02020,3,一,yī,1,0,1,1.2212,1.2813,0.0601,0.3936,1.000,questionable,low_alignment_score,alignment_pilot_segments/00202020_03.wav
00202020,02020,5,小,xiǎo,3,1,3,2.6626,2.8428,0.1802,0.9932,0.741,good,,alignment_pilot_segments/00202020_05.wav
00202020,02020,6,桌,zhuō,1,1,3,2.9029,3.0230,0.1201,0.8750,1.000,good,,alignment_pilot_segments/00202020_06.wav
00202020,02020,8,兩,liǎng,3,1,2,3.9039,4.1241,0.2202,0.0120,1.000,questionable,low_alignment_score,alignment_pilot_segments/00202020_08.wav
00202020,02020,13,一,yī,1,1,3,5.3453,5.4054,0.0601,0.5902,1.000,good,,alignment_pilot_segments/00202020_13.wav
00202020,02020,15,床,chuáng,2,1,3,5.7457,6.0660,0.3203,0.8908,0.691,good,,alignment_pilot_segments/00202020_15.wav
00202114,02021,0,小,xiǎo,3,1,3,0.4218,0.6428,0.2210,0.9912,0.629,good,,alignment_pilot_segments/00202114_00.wav
00202114,02021,1,貓,māo,1,1,3,0.7231,0.9441,0.2210,0.9747,1.000,good,,alignment_pilot_segments/00202114_01.wav
00202114,02021,3,名,míng,2,0,0,1.7878,1.9686,0.1808,0.8465,1.000,good,,alignment_pilot_segments/00202114_03.wav
00202114,02021,4,字,zì,4,1,2,2.0489,2.1694,0.1205,0.7748,1.000,good,,alignment_pilot_segments/00202114_04.wav
00202114,02021,6,是,shì,4,1,3,3.1738,3.3144,0.1406,0.9466,0.579,good,,alignment_pilot_segments/00202114_06.wav
00202114,02021,7,花,huā,1,0,1,3.6157,3.7362,0.1205,0.9841,0.800,good,,alignment_pilot_segments/00202114_07.wav
00202114,02021,8,花,huā,1,0,1,3.9170,4.0175,0.1004,0.9649,0.818,good,,alignment_pilot_segments/00202114_08.wav
00202214,02022,0,小,xiǎo,3,1,3,0.9633,1.5253,0.5619,0.9807,0.505,good,,alignment_pilot_segments/00202214_00.wav
00202214,02022,1,貓,māo,1,1,2,2.6291,2.8498,0.2208,0.0025,0.971,questionable,low_alignment_score,alignment_pilot_segments/00202214_01.wav
00202214,02022,3,名,míng,2,1,3,2.8699,3.1308,0.2609,0.9017,1.000,good,,alignment_pilot_segments/00202214_03.wav
00202214,02022,4,字,zì,4,1,3,3.2512,3.4519,0.2007,0.9423,0.226,questionable,weak_voicing,alignment_pilot_segments/00202214_04.wav
00202214,02022,6,是,shì,4,1,3,4.5758,4.7564,0.1806,0.9476,0.667,good,,alignment_pilot_segments/00202214_06.wav
00202214,02022,7,花,huā,1,1,3,4.9772,5.1377,0.1606,0.9954,0.826,good,,alignment_pilot_segments/00202214_07.wav
00202214,02022,8,花,huā,1,1,3,5.2983,5.4388,0.1405,0.9902,0.579,good,,alignment_pilot_segments/00202214_08.wav
00202320,02023,0,互,hù,4,1,3,0.5020,0.6225,0.1205,0.9622,0.467,good,,alignment_pilot_segments/00202320_00.wav
00202320,02023,3,一,yī,1,0,0,1.5664,1.6266,0.0602,0.2653,1.000,questionable,low_alignment_score,alignment_pilot_segments/00202320_03.wav
00202320,02023,5,祝,zhù,4,1,3,3.5143,3.6549,0.1406,0.9772,0.684,good,,alignment_pilot_segments/00202320_05.wav
00202320,02023,6,福,fú,2,1,3,3.8357,4.0164,0.1807,0.5130,0.704,good,,alignment_pilot_segments/00202320_06.wav
00202320,02023,8,話,huà,4,1,3,4.4582,4.5988,0.1406,0.9952,0.632,good,,alignment_pilot_segments/00202320_08.wav
00202426,02024,0,就,jiù,4,1,3,0.4410,0.6214,0.1804,0.4492,0.741,good,,alignment_pilot_segments/00202426_00.wav
00202426,02024,2,年,nián,2,1,3,2.2252,2.4256,0.2005,0.9534,1.000,good,,alignment_pilot_segments/00202426_02.wav
00202426,02024,3,夜,yè,4,1,3,2.4858,2.5660,0.0802,0.9862,1.000,good,,alignment_pilot_segments/00202426_03.wav
00202426,02024,4,飯,fàn,4,1,3,2.7464,2.9869,0.2406,0.9873,0.846,good,,alignment_pilot_segments/00202426_04.wav
00202426,02024,5,搬,bān,1,1,3,4.0093,4.2900,0.2807,0.9560,1.000,good,,alignment_pilot_segments/00202426_05.wav
00202426,02024,6,到,dào,4,1,3,4.5907,4.8312,0.2406,0.4449,1.000,good,,alignment_pilot_segments/00202426_06.wav
00202426,02024,7,餐,cān,1,1,3,5.9538,6.2145,0.2606,0.8893,0.605,good,,alignment_pilot_segments/00202426_07.wav
00202426,02024,8,館,guǎn,3,1,3,6.2946,6.4951,0.2005,0.9676,0.839,good,,alignment_pilot_segments/00202426_08.wav
00202426,02024,9,裡,lǐ,3,1,3,6.5753,6.7156,0.1403,0.8759,1.000,good,,alignment_pilot_segments/00202426_09.wav
00202426,02024,10,去,qù,4,1,3,7.3772,7.5576,0.1804,0.9818,0.074,failed,no_voiced_nucleus,alignment_pilot_segments/00202426_10.wav
00202526,02025,0,就,jiù,4,1,3,0.4019,0.5425,0.1407,0.9893,0.684,good,,alignment_pilot_segments/00202526_00.wav
00202526,02025,2,年,nián,2,1,3,0.9846,1.1654,0.1808,0.9907,1.000,good,,alignment_pilot_segments/00202526_02.wav
00202526,02025,3,夜,yè,4,1,3,1.2056,1.2860,0.0804,0.9938,1.000,good,,alignment_pilot_segments/00202526_03.wav
00202526,02025,4,飯,fàn,4,1,3,1.3864,1.6276,0.2411,0.9955,0.692,good,,alignment_pilot_segments/00202526_04.wav
00202526,02025,5,搬,bān,1,1,3,1.8888,2.0696,0.1808,0.9957,0.852,good,,alignment_pilot_segments/00202526_05.wav
00202526,02025,6,到,dào,4,1,3,2.1500,2.3911,0.2411,0.9969,1.000,good,,alignment_pilot_segments/00202526_06.wav
00202526,02025,7,餐,cān,1,1,3,2.5318,2.7930,0.2612,0.7197,0.581,good,,alignment_pilot_segments/00202526_07.wav
00202526,02025,8,館,guǎn,3,0,0,2.9738,3.1949,0.2210,0.9888,1.000,good,,alignment_pilot_segments/00202526_08.wav
00202526,02025,9,裡,lǐ,3,1,3,3.2953,3.4159,0.1206,0.9468,1.000,good,,alignment_pilot_segments/00202526_09.wav
00202526,02025,10,去,qù,4,1,3,3.7173,3.8579,0.1407,0.9880,0.158,questionable,weak_voicing,alignment_pilot_segments/00202526_10.wav
00202629,02026,2,用,yòng,4,1,2,5.0887,5.3491,0.2604,0.9456,0.884,good,,alignment_pilot_segments/00202629_02.wav
00202629,02026,3,手,shǒu,3,1,2,5.6496,6.0904,0.4407,0.8425,0.418,good,,alignment_pilot_segments/00202629_03.wav
00202629,02026,4,機,jī,1,0,1,6.6313,6.8116,0.1803,0.9435,0.000,failed,no_voiced_nucleus,alignment_pilot_segments/00202629_04.wav
00202629,02026,5,發,fā,1,1,2,8.9152,9.0554,0.1402,0.5817,0.474,good,,alignment_pilot_segments/00202629_05.wav
00202629,02026,7,條,tiáo,2,0,1,10.2574,10.5379,0.2805,0.9017,0.617,good,,alignment_pilot_segments/00202629_07.wav
00202629,02026,8,短,duǎn,3,0,0,10.6982,10.9787,0.2805,0.9856,0.936,good,,alignment_pilot_segments/00202629_08.wav
00202629,02026,10,就,jiù,4,1,3,12.8619,13.0422,0.1803,0.9854,0.593,good,,alignment_pilot_segments/00202629_10.wav
00202729,02027,2,用,yòng,4,1,3,3.7612,3.9613,0.2001,0.9439,1.000,good,,alignment_pilot_segments/00202729_02.wav
00202729,02027,3,手,shǒu,3,1,2,4.0813,4.2814,0.2001,0.9674,0.742,good,,alignment_pilot_segments/00202729_03.wav
00202729,02027,4,機,jī,1,1,3,4.4214,4.5815,0.1601,0.9241,0.261,questionable,weak_voicing,alignment_pilot_segments/00202729_04.wav
00202729,02027,5,發,fā,1,1,2,5.3017,5.4417,0.1400,0.8145,0.526,good,,alignment_pilot_segments/00202729_05.wav
00202729,02027,7,條,tiáo,2,1,3,6.1220,6.4421,0.3201,0.0246,0.218,questionable,low_alignment_score|weak_voicing,alignment_pilot_segments/00202729_07.wav
00202729,02027,8,短,duǎn,3,0,0,6.4421,6.5221,0.0800,0.0187,0.000,failed,no_voiced_nucleus,alignment_pilot_segments/00202729_08.wav
00202729,02027,10,就,jiù,4,1,3,14.2045,14.3646,0.1601,0.9108,0.609,good,,alignment_pilot_segments/00202729_10.wav
00202826,02028,0,就,jiù,4,1,3,0.5414,0.7018,0.1604,0.0454,0.522,questionable,low_alignment_score,alignment_pilot_segments/00202826_00.wav
00202826,02028,2,年,nián,2,1,2,2.0252,2.2057,0.1805,0.9100,1.000,good,,alignment_pilot_segments/00202826_02.wav
00202826,02028,3,夜,yè,4,0,1,2.3260,2.4062,0.0802,0.4645,1.000,good,,alignment_pilot_segments/00202826_03.wav
00202826,02028,4,飯,fàn,4,1,3,2.6468,2.8674,0.2206,0.9916,0.829,good,,alignment_pilot_segments/00202826_04.wav
00202826,02028,5,搬,bān,1,1,2,3.7897,3.9902,0.2005,0.9949,0.774,good,,alignment_pilot_segments/00202826_05.wav
00202826,02028,6,到,dào,4,1,2,4.0704,4.3111,0.2406,0.9924,1.000,good,,alignment_pilot_segments/00202826_06.wav
00202826,02028,7,餐,cān,1,1,2,5.4941,5.7347,0.2406,0.2748,0.564,questionable,low_alignment_score,alignment_pilot_segments/00202826_07.wav
00202826,02028,8,館,guǎn,3,1,3,5.8149,6.0154,0.2005,0.9731,0.839,good,,alignment_pilot_segments/00202826_08.wav
00202826,02028,9,裡,lǐ,3,1,3,6.1357,6.2560,0.1203,0.9110,1.000,good,,alignment_pilot_segments/00202826_09.wav
00202826,02028,10,去,qù,4,1,3,6.6972,6.8576,0.1604,0.5566,0.217,questionable,weak_voicing,alignment_pilot_segments/00202826_10.wav
00202901,02029,1,國,guó,2,1,3,1.0237,1.1642,0.1405,0.9929,0.579,good,,alignment_pilot_segments/00202901_01.wav
00202901,02029,3,曆,lì,4,1,2,2.5693,2.6898,0.1204,0.9817,1.000,good,,alignment_pilot_segments/00202901_03.wav
00202901,02029,5,新,xīn,1,1,3,3.0712,3.2719,0.2007,0.8682,0.677,good,,alignment_pilot_segments/00202901_05.wav
00202901,02029,6,年,nián,2,1,3,3.3321,3.5931,0.2609,0.9826,1.000,good,,alignment_pilot_segments/00202901_06.wav
00202901,02029,7,叫,jiào,4,1,3,3.8139,4.0146,0.2007,0.9947,0.935,good,,alignment_pilot_segments/00202901_07.wav
00202901,02029,9,春,chūn,1,0,1,4.6971,4.9179,0.2208,0.9011,0.743,good,,alignment_pilot_segments/00202901_09.wav
00202901,02029,10,節,jié,2,1,3,5.0182,5.1788,0.1606,0.9740,0.783,good,,alignment_pilot_segments/00202901_10.wav
00203011,02030,1,一,yī,1,1,3,0.2406,0.3008,0.0602,0.0743,1.000,questionable,low_alignment_score,alignment_pilot_segments/00203011_01.wav
00203011,02030,6,福,fú,2,0,1,3.3890,3.5294,0.1404,0.9403,0.474,good,,alignment_pilot_segments/00203011_06.wav
00203011,02030,7,字,zì,4,1,2,3.7500,3.9104,0.1604,0.9319,0.000,failed,no_voiced_nucleus,alignment_pilot_segments/00203011_07.wav
00203011,02030,8,表,biǎo,3,1,2,5.8957,6.0963,0.2005,0.9917,0.935,good,,alignment_pilot_segments/00203011_08.wav
00203011,02030,10,福,fú,2,0,1,6.6778,6.7781,0.1003,0.9908,0.545,good,,alignment_pilot_segments/00203011_10.wav
00203011,02030,11,到,dào,4,0,0,6.8583,7.0388,0.1805,0.9649,1.000,good,,alignment_pilot_segments/00203011_11.wav
00203126,02031,0,就,jiù,4,1,3,1.4060,1.5466,0.1406,0.8172,0.632,good,,alignment_pilot_segments/00203126_00.wav
00203126,02031,2,年,nián,2,1,3,1.8077,1.9684,0.1607,0.9687,1.000,good,,alignment_pilot_segments/00203126_02.wav
00203126,02031,3,夜,yè,4,1,2,2.0286,2.1090,0.0803,0.7562,1.000,good,,alignment_pilot_segments/00203126_03.wav
00203126,02031,4,飯,fàn,4,1,3,2.2295,2.4504,0.2209,0.9840,0.857,good,,alignment_pilot_segments/00203126_04.wav
00203126,02031,5,搬,bān,1,1,3,2.6111,2.7919,0.1808,0.9684,1.000,good,,alignment_pilot_segments/00203126_05.wav
00203126,02031,6,到,dào,4,1,3,2.8722,3.0530,0.1808,0.9835,1.000,good,,alignment_pilot_segments/00203126_06.wav
00203126,02031,7,餐,cān,1,0,1,3.1333,3.2940,0.1607,0.8657,0.565,good,,alignment_pilot_segments/00203126_07.wav
00203126,02031,8,館,guǎn,3,0,1,3.3744,3.5350,0.1607,0.9794,1.000,good,,alignment_pilot_segments/00203126_08.wav
00203126,02031,9,裡,lǐ,3,1,3,3.6556,3.7761,0.1205,0.9323,1.000,good,,alignment_pilot_segments/00203126_09.wav
00203126,02031,10,去,qù,4,1,3,4.2179,4.3385,0.1205,0.5172,0.333,questionable,weak_voicing,alignment_pilot_segments/00203126_10.wav
00203229,02032,2,用,yòng,4,1,3,0.8835,1.0441,0.1606,0.9915,1.000,good,,alignment_pilot_segments/00203229_02.wav
00203229,02032,3,手,shǒu,3,1,3,1.0843,1.2248,0.1406,0.8588,0.316,questionable,weak_voicing,alignment_pilot_segments/00203229_03.wav
00203229,02032,4,機,jī,1,1,3,1.3051,1.4256,0.1205,0.4983,0.000,failed,no_voiced_nucleus,alignment_pilot_segments/00203229_04.wav
00203229,02032,5,發,fā,1,1,3,2.0079,2.1083,0.1004,0.9979,0.455,good,,alignment_pilot_segments/00203229_05.wav
00203229,02032,7,條,tiáo,2,0,1,2.8512,3.0520,0.2008,0.9145,0.645,good,,alignment_pilot_segments/00203229_07.wav
00203229,02032,8,短,duǎn,3,1,3,3.0922,3.2528,0.1606,0.9935,0.565,good,,alignment_pilot_segments/00203229_08.wav
00203229,02032,10,就,jiù,4,1,3,3.8552,3.9556,0.1004,0.8437,0.455,good,,alignment_pilot_segments/00203229_10.wav
00203326,02033,0,就,jiù,4,1,3,1.5852,1.7457,0.1605,0.4981,0.913,good,,alignment_pilot_segments/00203326_00.wav
00203326,02033,2,年,nián,2,1,3,2.1872,2.3878,0.2007,0.9784,1.000,good,,alignment_pilot_segments/00203326_02.wav
00203326,02033,3,夜,yè,4,1,3,2.4480,2.5684,0.1204,0.8530,1.000,good,,alignment_pilot_segments/00203326_03.wav
00203326,02033,4,飯,fàn,4,1,3,2.7089,2.9296,0.2207,0.9975,0.886,good,,alignment_pilot_segments/00203326_04.wav
00203326,02033,5,搬,bān,1,1,3,3.1503,3.3309,0.1806,0.9941,0.926,good,,alignment_pilot_segments/00203326_05.wav
00203326,02033,6,到,dào,4,1,3,3.5115,3.7724,0.2609,0.9930,0.953,good,,alignment_pilot_segments/00203326_06.wav
00203326,02033,7,餐,cān,1,1,3,4.0132,4.2941,0.2809,0.9861,0.447,good,,alignment_pilot_segments/00203326_07.wav
00203326,02033,8,館,guǎn,3,1,3,4.3743,4.5750,0.2007,0.9959,0.806,good,,alignment_pilot_segments/00203326_08.wav
00203326,02033,9,裡,lǐ,3,1,3,4.6352,4.7355,0.1003,0.9872,1.000,good,,alignment_pilot_segments/00203326_09.wav
00203326,02033,10,去,qù,4,1,3,5.1770,5.2974,0.1204,0.4989,0.400,good,,alignment_pilot_segments/00203326_10.wav
00203429,02034,2,用,yòng,4,0,1,0.7418,0.9022,0.1604,0.9805,1.000,good,,alignment_pilot_segments/00203429_02.wav
00203429,02034,3,手,shǒu,3,1,3,1.0225,1.2029,0.1804,0.9984,0.519,good,,alignment_pilot_segments/00203429_03.wav
00203429,02034,4,機,jī,1,1,3,1.2831,1.4034,0.1203,0.9869,0.200,questionable,weak_voicing,alignment_pilot_segments/00203429_04.wav
00203429,02034,5,發,fā,1,1,3,1.7843,1.8845,0.1002,0.9973,0.273,questionable,weak_voicing,alignment_pilot_segments/00203429_05.wav
00203429,02034,7,條,tiáo,2,1,3,2.2855,2.5060,0.2205,0.6391,0.543,good,,alignment_pilot_segments/00203429_07.wav
00203429,02034,8,短,duǎn,3,1,3,2.5662,2.7667,0.2005,0.9964,0.935,good,,alignment_pilot_segments/00203429_08.wav
00203429,02034,10,就,jiù,4,1,3,3.2278,3.4082,0.1804,0.9939,0.630,good,,alignment_pilot_segments/00203429_10.wav
00203511,02035,1,一,yī,1,0,0,0.6419,0.7221,0.0802,0.0119,1.000,questionable,low_alignment_score,alignment_pilot_segments/00203511_01.wav
00203511,02035,6,福,fú,2,1,3,2.3469,2.5074,0.1605,0.9935,0.217,questionable,weak_voicing,alignment_pilot_segments/00203511_06.wav
00203511,02035,7,字,zì,4,1,3,2.6678,2.8283,0.1605,0.9911,0.391,good,,alignment_pilot_segments/00203511_07.wav
00203511,02035,8,表,biǎo,3,1,2,4.1121,4.4130,0.3009,0.9939,0.824,good,,alignment_pilot_segments/00203511_08.wav
00203511,02035,10,福,fú,2,0,0,5.6767,5.7770,0.1003,0.9881,0.545,good,,alignment_pilot_segments/00203511_10.wav
00203511,02035,11,到,dào,4,1,3,5.8973,6.1581,0.2608,0.9916,1.000,good,,alignment_pilot_segments/00203511_11.wav
00203611,02036,1,一,yī,1,1,2,0.4006,0.4807,0.0801,0.1465,1.000,questionable,low_alignment_score,alignment_pilot_segments/00203611_01.wav
00203611,02036,6,福,fú,2,1,3,4.6471,4.8474,0.2003,0.8231,0.323,questionable,weak_voicing,alignment_pilot_segments/00203611_06.wav
00203611,02036,7,字,zì,4,1,3,5.1278,5.3081,0.1803,0.9389,0.407,good,,alignment_pilot_segments/00203611_07.wav
00203611,02036,8,表,biǎo,3,0,1,7.3512,7.7719,0.4206,0.4170,0.960,good,,alignment_pilot_segments/00203611_08.wav
00203611,02036,10,福,fú,2,1,3,11.8781,12.0183,0.1402,0.9731,0.316,questionable,weak_voicing,alignment_pilot_segments/00203611_10.wav
00203611,02036,11,到,dào,4,1,3,12.1986,12.4390,0.2404,0.9885,1.000,good,,alignment_pilot_segments/00203611_11.wav
00203711,02037,1,一,yī,1,1,3,0.4019,0.4421,0.0402,0.4573,0.000,failed,no_voiced_nucleus,alignment_pilot_segments/00203711_01.wav
00203711,02037,6,福,fú,2,1,3,1.5675,1.7081,0.1407,0.9893,0.789,good,,alignment_pilot_segments/00203711_06.wav
00203711,02037,7,字,zì,4,1,2,1.8689,1.9694,0.1005,0.9852,0.545,good,,alignment_pilot_segments/00203711_07.wav
00203711,02037,8,表,biǎo,3,1,3,2.6124,2.8335,0.2211,0.8323,1.000,good,,alignment_pilot_segments/00203711_08.wav
00203711,02037,10,福,fú,2,1,3,3.3158,3.4364,0.1206,0.9826,0.333,questionable,weak_voicing,alignment_pilot_segments/00203711_10.wav
00203711,02037,11,到,dào,4,0,0,3.5368,3.7780,0.2411,0.9236,0.949,good,,alignment_pilot_segments/00203711_11.wav
00203829,02038,2,用,yòng,4,0,0,4.1474,4.3278,0.1803,0.9688,1.000,good,,alignment_pilot_segments/00203829_02.wav
00203829,02038,3,手,shǒu,3,1,3,4.3879,4.5482,0.1603,0.9886,1.000,good,,alignment_pilot_segments/00203829_03.wav
00203829,02038,4,機,jī,1,1,3,4.6483,4.8287,0.1803,0.4968,0.333,questionable,weak_voicing,alignment_pilot_segments/00203829_04.wav
00203829,02038,5,發,fā,1,1,3,5.5500,5.6702,0.1202,0.9913,0.800,good,,alignment_pilot_segments/00203829_05.wav
00203829,02038,7,條,tiáo,2,1,3,6.9525,7.3131,0.3606,0.7424,0.698,good,,alignment_pilot_segments/00203829_07.wav
00203829,02038,8,短,duǎn,3,0,0,7.4534,7.6337,0.1803,0.9588,1.000,good,,alignment_pilot_segments/00203829_08.wav
00203829,02038,10,就,jiù,4,1,3,8.0745,8.2148,0.1403,0.3900,0.789,questionable,low_alignment_score,alignment_pilot_segments/00203829_10.wav
00203929,02039,2,用,yòng,4,0,0,1.5631,1.8236,0.2605,0.4993,0.907,good,,alignment_pilot_segments/00203929_02.wav
00203929,02039,3,手,shǒu,3,0,0,1.9840,2.2244,0.2405,0.9699,0.744,good,,alignment_pilot_segments/00203929_03.wav
00203929,02039,4,機,jī,1,0,1,2.3447,2.5250,0.1804,0.5015,0.259,questionable,weak_voicing,alignment_pilot_segments/00203929_04.wav
00203929,02039,5,發,fā,1,0,0,3.5872,3.7074,0.1202,0.9951,0.733,good,,alignment_pilot_segments/00203929_05.wav
00203929,02039,7,條,tiáo,2,1,2,4.4289,4.6894,0.2605,0.7405,0.372,good,,alignment_pilot_segments/00203929_07.wav
00203929,02039,8,短,duǎn,3,0,0,4.7495,5.0100,0.2605,0.9839,0.814,good,,alignment_pilot_segments/00203929_08.wav
00203929,02039,10,就,jiù,4,1,3,5.8116,6.0321,0.2204,0.5700,0.657,good,,alignment_pilot_segments/00203929_10.wav
00204011,02040,1,一,yī,1,1,3,0.3418,0.4021,0.0603,0.4903,1.000,good,,alignment_pilot_segments/00204011_01.wav
00204011,02040,6,福,fú,2,0,1,1.4677,1.6487,0.1810,0.9309,0.148,failed,no_voiced_nucleus,alignment_pilot_segments/00204011_06.wav
00204011,02040,7,字,zì,4,1,2,1.8497,1.9905,0.1407,0.6542,0.316,questionable,weak_voicing,alignment_pilot_segments/00204011_07.wav
00204011,02040,8,表,biǎo,3,1,3,2.6138,2.7746,0.1608,0.7852,0.913,good,,alignment_pilot_segments/00204011_08.wav
00204011,02040,10,福,fú,2,1,3,3.2169,3.3175,0.1005,0.9817,0.545,good,,alignment_pilot_segments/00204011_10.wav
00204011,02040,11,到,dào,4,1,3,3.4381,3.6190,0.1810,0.7526,1.000,good,,alignment_pilot_segments/00204011_11.wav
00204126,02041,0,就,jiù,4,1,3,0.9632,1.1639,0.2007,0.9050,0.710,good,,alignment_pilot_segments/00204126_00.wav
00204126,02041,2,年,nián,2,1,3,1.7057,1.9064,0.2007,0.9887,1.000,good,,alignment_pilot_segments/00204126_02.wav
00204126,02041,3,夜,yè,4,1,3,1.9666,2.0468,0.0803,0.9948,1.000,good,,alignment_pilot_segments/00204126_03.wav
00204126,02041,4,飯,fàn,4,1,3,2.1672,2.4281,0.2609,0.9967,0.674,good,,alignment_pilot_segments/00204126_04.wav
00204126,02041,5,搬,bān,1,1,3,3.0301,3.2508,0.2207,0.9928,1.000,good,,alignment_pilot_segments/00204126_05.wav
00204126,02041,6,到,dào,4,1,3,3.4114,3.6722,0.2609,0.9967,0.953,good,,alignment_pilot_segments/00204126_06.wav
00204126,02041,7,餐,cān,1,1,3,3.8528,4.1538,0.3010,0.9858,0.294,questionable,weak_voicing,alignment_pilot_segments/00204126_07.wav
00204126,02041,8,館,guǎn,3,0,1,4.3144,4.5151,0.2007,0.9775,0.839,good,,alignment_pilot_segments/00204126_08.wav
00204126,02041,9,裡,lǐ,3,1,3,4.5953,4.7358,0.1405,0.9792,0.211,questionable,weak_voicing,alignment_pilot_segments/00204126_09.wav
00204126,02041,10,去,qù,4,1,2,5.3378,5.5585,0.2207,0.4987,0.000,failed,no_voiced_nucleus,alignment_pilot_segments/00204126_10.wav
00204229,02042,2,用,yòng,4,1,3,1.6838,1.8842,0.2004,0.9913,1.000,good,,alignment_pilot_segments/00204229_02.wav
00204229,02042,3,手,shǒu,3,1,3,1.9644,2.1448,0.1804,0.8607,0.667,good,,alignment_pilot_segments/00204229_03.wav
00204229,02042,4,機,jī,1,1,2,2.2851,2.4655,0.1804,0.4936,0.185,questionable,weak_voicing,alignment_pilot_segments/00204229_04.wav
00204229,02042,5,發,fā,1,0,1,2.7461,2.8664,0.1203,0.9975,0.200,questionable,weak_voicing,alignment_pilot_segments/00204229_05.wav
00204229,02042,7,條,tiáo,2,1,3,3.2472,3.5078,0.2606,0.9812,0.465,good,,alignment_pilot_segments/00204229_07.wav
00204229,02042,8,短,duǎn,3,0,1,3.5479,3.7884,0.2405,0.9792,1.000,good,,alignment_pilot_segments/00204229_08.wav
00204229,02042,10,就,jiù,4,1,3,4.3096,4.4900,0.1804,0.8054,0.667,good,,alignment_pilot_segments/00204229_10.wav
00204311,02043,1,一,yī,1,1,3,0.4422,0.5025,0.0603,0.4465,1.000,good,,alignment_pilot_segments/00204311_01.wav
00204311,02043,6,福,fú,2,0,0,1.5877,1.7284,0.1407,0.9883,0.474,good,,alignment_pilot_segments/00204311_06.wav
00204311,02043,7,字,zì,4,0,0,1.8691,1.9897,0.1206,0.7285,0.200,questionable,weak_voicing,alignment_pilot_segments/00204311_07.wav
00204311,02043,8,表,biǎo,3,1,3,2.6127,2.8338,0.2211,0.9842,0.829,good,,alignment_pilot_segments/00204311_08.wav
00204311,02043,10,福,fú,2,1,3,3.3363,3.4368,0.1005,0.9889,0.727,good,,alignment_pilot_segments/00204311_10.wav
00204311,02043,11,到,dào,4,1,3,3.5574,3.7985,0.2412,0.9715,0.949,good,,alignment_pilot_segments/00204311_11.wav
00204426,02044,0,就,jiù,4,1,3,0.8227,0.9832,0.1605,0.5183,0.783,good,,alignment_pilot_segments/00204426_00.wav
00204426,02044,2,年,nián,2,1,3,1.3845,1.5651,0.1806,0.9892,1.000,good,,alignment_pilot_segments/00204426_02.wav
00204426,02044,3,夜,yè,4,1,3,1.6053,1.6855,0.0803,0.9920,1.000,good,,alignment_pilot_segments/00204426_03.wav
00204426,02044,4,飯,fàn,4,0,1,1.7859,2.0266,0.2408,0.9838,0.821,good,,alignment_pilot_segments/00204426_04.wav
00204426,02044,5,搬,bān,1,0,0,2.7289,2.9497,0.2207,0.9808,0.886,good,,alignment_pilot_segments/00204426_05.wav
00204426,02044,6,到,dào,4,0,1,4.2740,4.4747,0.2007,0.9915,0.323,questionable,weak_voicing,alignment_pilot_segments/00204426_06.wav
00204426,02044,7,餐,cān,1,1,2,4.5750,4.8359,0.2609,0.9885,0.372,good,,alignment_pilot_segments/00204426_07.wav
00204426,02044,8,館,guǎn,3,1,2,4.8961,5.0566,0.1605,0.9941,1.000,good,,alignment_pilot_segments/00204426_08.wav
00204426,02044,9,裡,lǐ,3,1,3,5.1168,5.2171,0.1003,0.9416,1.000,good,,alignment_pilot_segments/00204426_09.wav
00204426,02044,10,去,qù,4,1,3,5.3576,5.4980,0.1405,0.9853,0.000,failed,no_voiced_nucleus,alignment_pilot_segments/00204426_10.wav
00204526,02045,0,就,jiù,4,1,3,0.4819,0.6827,0.2008,0.8183,0.516,good,,alignment_pilot_segments/00204526_00.wav
00204526,02045,2,年,nián,2,1,2,0.9438,1.1044,0.1606,0.8061,1.000,good,,alignment_pilot_segments/00204526_02.wav
00204526,02045,3,夜,yè,4,0,0,1.1647,1.2651,0.1004,0.9960,1.000,good,,alignment_pilot_segments/00204526_03.wav
00204526,02045,4,飯,fàn,4,0,1,1.3855,1.6265,0.2410,0.9968,0.718,good,,alignment_pilot_segments/00204526_04.wav
00204526,02045,5,搬,bān,1,1,3,2.1888,2.3896,0.2008,0.9926,1.000,good,,alignment_pilot_segments/00204526_05.wav
00204526,02045,6,到,dào,4,0,0,2.4699,2.7711,0.3012,0.0468,0.804,questionable,low_alignment_score,alignment_pilot_segments/00204526_06.wav
00204526,02045,7,餐,cān,1,1,3,3.0321,3.2530,0.2209,0.6910,0.543,good,,alignment_pilot_segments/00204526_07.wav
00204526,02045,8,館,guǎn,3,1,3,3.3534,3.5743,0.2209,0.9840,1.000,good,,alignment_pilot_segments/00204526_08.wav
00204526,02045,9,裡,lǐ,3,1,3,3.6948,3.7952,0.1004,0.9660,1.000,good,,alignment_pilot_segments/00204526_09.wav
00204526,02045,10,去,qù,4,0,1,4.1968,4.3373,0.1406,0.0258,0.000,failed,no_voiced_nucleus,alignment_pilot_segments/00204526_10.wav
00204611,02046,1,一,yī,1,0,1,0.3816,0.4418,0.0603,0.0338,1.000,questionable,low_alignment_score,alignment_pilot_segments/00204611_01.wav
00204611,02046,6,福,fú,2,1,3,1.8477,2.0084,0.1607,0.9930,0.304,questionable,weak_voicing,alignment_pilot_segments/00204611_06.wav
00204611,02046,7,字,zì,4,1,3,2.1690,2.2895,0.1205,0.9944,0.800,good,,alignment_pilot_segments/00204611_07.wav
00204611,02046,8,表,biǎo,3,1,3,2.9322,3.1130,0.1808,0.9961,1.000,good,,alignment_pilot_segments/00204611_08.wav
00204611,02046,10,福,fú,2,1,3,3.7155,3.8762,0.1607,0.9924,0.391,good,,alignment_pilot_segments/00204611_10.wav
00204611,02046,11,到,dào,4,1,3,4.0971,4.3180,0.2209,0.9969,1.000,good,,alignment_pilot_segments/00204611_11.wav
00200114,02001,0,小,xiǎo,3,1,3,0.5223,0.7433,0.2210,0.9984,0.743,good,,alignment_pilot_segments/00200114_00.wav
00200114,02001,1,貓,māo,1,1,3,0.7835,0.9442,0.1607,0.6880,1.000,good,,alignment_pilot_segments/00200114_01.wav
00200114,02001,3,名,míng,2,1,3,1.0848,1.2656,0.1808,0.8228,1.000,good,,alignment_pilot_segments/00200114_03.wav
00200114,02001,4,字,zì,4,1,3,1.3259,1.4464,0.1205,0.9903,0.333,questionable,weak_voicing,alignment_pilot_segments/00200114_04.wav
00200114,02001,6,是,shì,4,1,2,2.4911,2.6518,0.1607,0.9843,0.478,good,,alignment_pilot_segments/00200114_06.wav
00200114,02001,7,花,huā,1,1,3,3.5558,3.6964,0.1406,0.9814,0.684,good,,alignment_pilot_segments/00200114_07.wav
00200114,02001,8,花,huā,1,1,3,3.8772,4.0179,0.1406,0.9452,1.000,good,,alignment_pilot_segments/00200114_08.wav
00200217,02002,1,四,sì,4,0,0,1.0665,1.2073,0.1409,0.8703,0.579,good,,alignment_pilot_segments/00200217_01.wav
00200217,02002,3,房,fáng,2,1,3,2.3744,2.6159,0.2415,0.9428,0.769,good,,alignment_pilot_segments/00200217_03.wav
00200314,02003,0,小,xiǎo,3,1,3,1.0234,1.2842,0.2609,0.9942,0.721,good,,alignment_pilot_segments/00200314_00.wav
00200314,02003,1,貓,māo,1,1,3,1.3845,1.6655,0.2809,0.9793,1.000,good,,alignment_pilot_segments/00200314_01.wav
00200314,02003,3,名,míng,2,1,3,2.0467,2.2674,0.2207,0.8866,1.000,good,,alignment_pilot_segments/00200314_03.wav
00200314,02003,4,字,zì,4,1,3,2.3477,2.5082,0.1605,0.9954,0.348,questionable,weak_voicing,alignment_pilot_segments/00200314_04.wav
00200314,02003,6,是,shì,4,1,3,4.3743,4.5148,0.1405,0.9573,0.526,good,,alignment_pilot_segments/00200314_06.wav
00200314,02003,7,花,huā,1,1,3,4.9964,5.1770,0.1806,0.9966,0.704,good,,alignment_pilot_segments/00200314_07.wav
00200314,02003,8,花,huā,1,1,3,5.3174,5.4579,0.1405,0.9919,0.947,good,,alignment_pilot_segments/00200314_08.wav
00200417,02004,1,四,sì,4,1,2,0.9882,1.1294,0.1412,0.5026,0.421,good,,alignment_pilot_segments/00200417_01.wav
00200417,02004,3,房,fáng,2,0,1,1.5529,1.7950,0.2420,0.7638,0.872,good,,alignment_pilot_segments/00200417_03.wav
00200520,02005,0,裡,lǐ,3,1,3,0.6013,0.7015,0.1002,0.9544,1.000,good,,alignment_pilot_segments/00200520_00.wav
00200520,02005,1,邊,biān,1,1,3,0.7817,0.9821,0.2004,0.7956,0.774,good,,alignment_pilot_segments/00200520_01.wav
00200520,02005,3,一,yī,1,1,3,1.4031,1.4632,0.0601,0.1215,1.000,questionable,low_alignment_score,alignment_pilot_segments/00200520_03.wav
00200520,02005,5,小,xiǎo,3,0,0,1.8841,2.0845,0.2004,0.9908,0.548,good,,alignment_pilot_segments/00200520_05.wav
00200520,02005,6,桌,zhuō,1,1,3,2.1848,2.3451,0.1603,0.6653,0.522,good,,alignment_pilot_segments/00200520_06.wav
00200520,02005,8,兩,liǎng,3,0,1,3.9085,4.0889,0.1804,0.8937,1.000,good,,alignment_pilot_segments/00200520_08.wav
00200520,02005,13,一,yī,1,1,3,6.3939,6.4340,0.0401,0.1601,0.000,failed,no_voiced_nucleus,alignment_pilot_segments/00200520_13.wav
00200520,02005,15,床,chuáng,2,1,3,6.7547,7.1155,0.3608,0.9053,0.556,good,,alignment_pilot_segments/00200520_15.wav
00200620,02006,0,裡,lǐ,3,1,3,0.5008,0.6210,0.1202,0.9811,1.000,good,,alignment_pilot_segments/00200620_00.wav
00200620,02006,1,邊,biān,1,0,0,0.7412,1.0817,0.3405,0.9880,0.915,good,,alignment_pilot_segments/00200620_01.wav
00200620,02006,3,一,yī,1,1,3,1.7228,1.8029,0.0801,0.8156,1.000,good,,alignment_pilot_segments/00200620_03.wav
00200620,02006,5,小,xiǎo,3,0,0,2.2836,2.5441,0.2604,0.9931,0.791,good,,alignment_pilot_segments/00200620_05.wav
00200620,02006,6,桌,zhuō,1,0,1,2.6442,2.8045,0.1603,0.9144,0.609,good,,alignment_pilot_segments/00200620_06.wav
00200620,02006,8,兩,liǎng,3,0,1,4.1466,4.3269,0.1803,0.0975,1.000,questionable,low_alignment_score,alignment_pilot_segments/00200620_08.wav
00200620,02006,13,一,yī,1,1,3,5.8293,5.9094,0.0801,0.0493,1.000,questionable,low_alignment_score,alignment_pilot_segments/00200620_13.wav
00200620,02006,15,床,chuáng,2,0,1,6.3101,6.6506,0.3405,0.9150,0.085,failed,no_voiced_nucleus,alignment_pilot_segments/00200620_15.wav
00200714,02007,0,小,xiǎo,3,1,3,0.8428,1.1037,0.2609,0.9956,0.605,good,,alignment_pilot_segments/00200714_00.wav
00200714,02007,1,貓,māo,1,1,3,1.2642,1.6054,0.3411,0.9151,1.000,good,,alignment_pilot_segments/00200714_01.wav
00200714,02007,3,名,míng,2,1,3,2.1472,2.3880,0.2408,0.9466,0.718,good,,alignment_pilot_segments/00200714_03.wav
00200714,02007,4,字,zì,4,1,3,2.4682,2.5686,0.1003,0.8492,0.636,good,,alignment_pilot_segments/00200714_04.wav
00200714,02007,6,是,shì,4,1,3,4.1940,4.3344,0.1405,0.9919,0.632,good,,alignment_pilot_segments/00200714_06.wav
00200714,02007,7,花,huā,1,1,3,4.7759,4.9365,0.1605,0.9926,1.000,good,,alignment_pilot_segments/00200714_07.wav
00200714,02007,8,花,huā,1,1,2,5.2174,5.3378,0.1204,0.9933,0.000,failed,no_voiced_nucleus,alignment_pilot_segments/00200714_08.wav
00200820,02008,0,裡,lǐ,3,1,3,0.6011,0.7414,0.1403,0.8337,1.000,good,,alignment_pilot_segments/00200820_00.wav
00200820,02008,1,邊,biān,1,0,1,0.9819,1.3025,0.3206,0.9801,0.800,good,,alignment_pilot_segments/00200820_01.wav
00200820,02008,3,一,yī,1,1,3,2.5048,2.5849,0.0802,0.0875,1.000,questionable,low_alignment_score,alignment_pilot_segments/00200820_03.wav
00200820,02008,5,小,xiǎo,3,1,2,3.6470,4.0077,0.3607,0.9771,0.857,good,,alignment_pilot_segments/00200820_05.wav
00200820,02008,6,桌,zhuō,1,1,3,4.5888,4.8092,0.2204,0.8248,0.571,good,,alignment_pilot_segments/00200820_06.wav
00200820,02008,8,兩,liǎng,3,1,3,6.9132,7.2939,0.3807,0.6741,1.000,good,,alignment_pilot_segments/00200820_08.wav
00200820,02008,13,一,yī,1,1,3,9.4981,9.5983,0.1002,0.1021,1.000,questionable,low_alignment_score,alignment_pilot_segments/00200820_13.wav
00200820,02008,15,床,chuáng,2,1,3,10.7605,11.5020,0.7414,0.8673,0.791,good,,alignment_pilot_segments/00200820_15.wav
00200920,02009,0,裡,lǐ,3,1,3,0.3407,0.4409,0.1002,0.9497,0.818,good,,alignment_pilot_segments/00200920_00.wav
00200920,02009,1,邊,biān,1,1,3,0.6012,0.8216,0.2204,0.9296,1.000,good,,alignment_pilot_segments/00200920_01.wav
00200920,02009,3,一,yī,1,1,3,1.1222,1.1824,0.0601,0.1073,1.000,questionable,low_alignment_score,alignment_pilot_segments/00200920_03.wav
00200920,02009,5,小,xiǎo,3,1,3,1.5231,1.7034,0.1804,0.9953,0.333,questionable,weak_voicing,alignment_pilot_segments/00200920_05.wav
00200920,02009,6,桌,zhuō,1,1,3,1.7635,1.8838,0.1202,0.7343,0.733,good,,alignment_pilot_segments/00200920_06.wav
00200920,02009,8,兩,liǎng,3,1,3,2.8257,3.0461,0.2204,0.1056,0.657,questionable,low_alignment_score,alignment_pilot_segments/00200920_08.wav
00200920,02009,13,一,yī,1,1,3,4.6092,4.6894,0.0802,0.4453,0.429,good,,alignment_pilot_segments/00200920_13.wav
00200920,02009,15,床,chuáng,2,1,3,5.1102,5.5110,0.4008,0.9220,0.606,good,,alignment_pilot_segments/00200920_15.wav
00201020,02010,0,裡,lǐ,3,1,3,0.8808,1.0009,0.1201,0.9202,1.000,good,,alignment_pilot_segments/00201020_00.wav
00201020,02010,1,邊,biān,1,1,3,1.1210,1.4012,0.2802,0.9921,0.809,good,,alignment_pilot_segments/00201020_01.wav
00201020,02010,3,一,yī,1,1,3,2.5022,2.5822,0.0801,0.2599,1.000,questionable,low_alignment_score,alignment_pilot_segments/00201020_03.wav
00201020,02010,5,小,xiǎo,3,1,3,3.8833,4.1436,0.2602,0.9755,0.186,questionable,weak_voicing,alignment_pilot_segments/00201020_05.wav
00201020,02010,6,桌,zhuō,1,1,3,4.3838,4.5639,0.1802,0.5718,0.444,good,,alignment_pilot_segments/00201020_06.wav
00201020,02010,8,兩,liǎng,3,1,2,5.5047,5.7249,0.2202,0.0367,1.000,questionable,low_alignment_score,alignment_pilot_segments/00201020_08.wav
00201020,02010,13,一,yī,1,1,3,7.5865,7.6666,0.0801,0.2078,1.000,questionable,low_alignment_score,alignment_pilot_segments/00201020_13.wav
00201020,02010,15,床,chuáng,2,1,3,8.2871,8.8076,0.5204,0.8547,0.632,good,,alignment_pilot_segments/00201020_15.wav
00201114,02011,0,小,xiǎo,3,1,3,0.5820,0.8228,0.2408,0.2594,0.744,questionable,low_alignment_score,alignment_pilot_segments/00201114_00.wav
00201114,02011,1,貓,māo,1,1,3,0.9031,1.2241,0.3211,0.6642,1.000,good,,alignment_pilot_segments/00201114_01.wav
00201114,02011,3,名,míng,2,1,2,2.6891,2.9500,0.2609,0.7757,1.000,good,,alignment_pilot_segments/00201114_03.wav
00201114,02011,4,字,zì,4,1,3,3.0704,3.2109,0.1405,0.4777,0.684,good,,alignment_pilot_segments/00201114_04.wav
00201114,02011,6,是,shì,4,1,3,4.0337,4.1741,0.1405,0.6486,0.526,good,,alignment_pilot_segments/00201114_06.wav
00201114,02011,7,花,huā,1,1,3,4.9769,5.1374,0.1605,0.6407,0.609,good,,alignment_pilot_segments/00201114_07.wav
00201114,02011,8,花,huā,1,1,3,5.2980,5.4786,0.1806,0.7904,0.000,failed,no_voiced_nucleus,alignment_pilot_segments/00201114_08.wav
00201220,02012,0,裡,lǐ,3,1,3,0.4608,0.5610,0.1002,0.9781,1.000,good,,alignment_pilot_segments/00201220_00.wav
00201220,02012,1,邊,biān,1,1,3,0.7012,0.9616,0.2604,0.7451,0.674,good,,alignment_pilot_segments/00201220_01.wav
00201220,02012,3,一,yī,1,1,3,1.4024,1.4825,0.0801,0.4874,1.000,good,,alignment_pilot_segments/00201220_03.wav
00201220,02012,5,小,xiǎo,3,1,3,2.0034,2.2438,0.2404,0.9900,0.487,good,,alignment_pilot_segments/00201220_05.wav
00201220,02012,6,桌,zhuō,1,1,3,2.6244,2.8048,0.1803,0.9103,0.593,good,,alignment_pilot_segments/00201220_06.wav
00201220,02012,8,兩,liǎng,3,1,3,5.7097,6.0102,0.3005,0.3821,1.000,questionable,low_alignment_score,alignment_pilot_segments/00201220_08.wav
00201220,02012,13,一,yī,1,1,3,9.8567,9.9368,0.0801,0.5093,1.000,good,,alignment_pilot_segments/00201220_13.wav
00201220,02012,15,床,chuáng,2,1,3,10.4778,10.9986,0.5209,0.9327,0.789,good,,alignment_pilot_segments/00201220_15.wav
00201320,02013,0,裡,lǐ,3,1,3,0.8007,0.8808,0.0801,0.9495,1.000,good,,alignment_pilot_segments/00201320_00.wav
00201320,02013,1,邊,biān,1,0,1,0.9608,1.1210,0.1601,0.9865,1.000,good,,alignment_pilot_segments/00201320_01.wav
00201320,02013,3,一,yī,1,0,0,2.4221,2.5022,0.0801,0.8681,1.000,good,,alignment_pilot_segments/00201320_03.wav
00201320,02013,5,小,xiǎo,3,0,0,3.0026,3.2228,0.2202,0.9871,0.743,good,,alignment_pilot_segments/00201320_05.wav
00201320,02013,6,桌,zhuō,1,0,1,3.2629,3.3830,0.1201,0.6139,0.400,good,,alignment_pilot_segments/00201320_06.wav
00201320,02013,8,兩,liǎng,3,1,3,5.0444,5.3247,0.2802,0.5736,0.979,good,,alignment_pilot_segments/00201320_08.wav
00201320,02013,13,一,yī,1,0,0,6.6658,6.7259,0.0601,0.8880,1.000,good,,alignment_pilot_segments/00201320_13.wav
00201320,02013,15,床,chuáng,2,1,3,7.1062,7.5066,0.4004,0.8573,0.620,good,,alignment_pilot_segments/00201320_15.wav
00201414,02014,0,小,xiǎo,3,1,3,0.3221,0.5235,0.2013,0.9756,0.452,good,,alignment_pilot_segments/00201414_00.wav
00201414,02014,1,貓,māo,1,1,3,0.5839,0.7651,0.1812,0.9913,1.000,good,,alignment_pilot_segments/00201414_01.wav
00201414,02014,3,名,míng,2,1,3,0.9262,1.1074,0.1812,0.9166,1.000,good,,alignment_pilot_segments/00201414_03.wav
00201414,02014,4,字,zì,4,1,3,1.1678,1.2886,0.1208,0.6563,0.400,good,,alignment_pilot_segments/00201414_04.wav
00201414,02014,6,是,shì,4,1,3,1.8725,2.0134,0.1409,0.9926,0.316,questionable,weak_voicing,alignment_pilot_segments/00201414_06.wav
00201414,02014,7,花,huā,1,1,3,2.1745,2.3154,0.1409,0.9984,0.579,good,,alignment_pilot_segments/00201414_07.wav
00201414,02014,8,花,huā,1,1,3,2.4765,2.6376,0.1611,0.9905,0.522,good,,alignment_pilot_segments/00201414_08.wav
00201514,02015,0,小,xiǎo,3,1,2,1.2643,1.5252,0.2609,0.2597,0.628,questionable,low_alignment_score,alignment_pilot_segments/00201514_00.wav
00201514,02015,1,貓,māo,1,1,3,1.6255,1.8663,0.2408,0.9124,1.000,good,,alignment_pilot_segments/00201514_01.wav
00201514,02015,3,名,míng,2,1,3,2.2075,2.4483,0.2408,0.8718,1.000,good,,alignment_pilot_segments/00201514_03.wav
00201514,02015,4,字,zì,4,1,3,2.5286,2.6490,0.1204,0.9910,0.533,good,,alignment_pilot_segments/00201514_04.wav
00201514,02015,6,是,shì,4,1,3,3.5922,3.7327,0.1405,0.9260,0.474,good,,alignment_pilot_segments/00201514_06.wav
00201514,02015,7,花,huā,1,1,3,4.7762,4.9367,0.1605,0.9908,0.652,good,,alignment_pilot_segments/00201514_07.wav
00201514,02015,8,花,huā,1,1,3,5.1173,5.2779,0.1605,0.9310,0.696,good,,alignment_pilot_segments/00201514_08.wav
00201620,02016,0,裡,lǐ,3,1,3,0.8417,0.9419,0.1002,0.8013,1.000,good,,alignment_pilot_segments/00201620_00.wav
00201620,02016,1,邊,biān,1,1,3,1.0621,1.3026,0.2405,0.9927,1.000,good,,alignment_pilot_segments/00201620_01.wav
00201620,02016,3,一,yī,1,1,3,1.7836,1.8437,0.0601,0.0063,1.000,questionable,low_alignment_score,alignment_pilot_segments/00201620_03.wav
00201620,02016,5,小,xiǎo,3,1,3,2.2445,2.4449,0.2004,0.9885,0.645,good,,alignment_pilot_segments/00201620_05.wav
00201620,02016,6,桌,zhuō,1,0,1,2.5251,2.6653,0.1403,0.8134,1.000,good,,alignment_pilot_segments/00201620_06.wav
00201620,02016,8,兩,liǎng,3,1,3,4.2084,4.4890,0.2806,0.1039,1.000,questionable,low_alignment_score,alignment_pilot_segments/00201620_08.wav
00201620,02016,13,一,yī,1,1,3,6.2926,6.3727,0.0802,0.1885,1.000,questionable,low_alignment_score,alignment_pilot_segments/00201620_13.wav
00201620,02016,15,床,chuáng,2,1,3,6.7936,7.1142,0.3206,0.8909,0.582,good,,alignment_pilot_segments/00201620_15.wav
00201820,02018,0,裡,lǐ,3,1,3,0.5808,0.6809,0.1001,0.9633,1.000,good,,alignment_pilot_segments/00201820_00.wav
00201820,02018,1,邊,biān,1,1,3,0.9412,1.2016,0.2603,0.9760,0.860,good,,alignment_pilot_segments/00201820_01.wav
00201820,02018,3,一,yī,1,0,1,2.2029,2.3030,0.1001,0.6730,1.000,good,,alignment_pilot_segments/00201820_03.wav
00201820,02018,5,小,xiǎo,3,0,1,2.9639,3.3043,0.3404,0.9783,0.678,good,,alignment_pilot_segments/00201820_05.wav
00201820,02018,6,桌,zhuō,1,0,0,4.1054,4.2856,0.1802,0.7618,0.741,good,,alignment_pilot_segments/00201820_06.wav
00201820,02018,8,兩,liǎng,3,1,3,5.4271,5.7275,0.3004,0.6760,1.000,good,,alignment_pilot_segments/00201820_08.wav
00201820,02018,13,一,yī,1,1,2,8.2708,8.3509,0.0801,0.7367,1.000,good,,alignment_pilot_segments/00201820_13.wav
00201820,02018,15,床,chuáng,2,1,3,9.2120,9.6326,0.4205,0.6540,0.613,good,,alignment_pilot_segments/00201820_15.wav
00201920,02019,0,裡,lǐ,3,0,0,1.0010,1.0811,0.0801,0.9129,1.000,good,,alignment_pilot_segments/00201920_00.wav
00201920,02019,1,邊,biān,1,1,2,1.1812,1.3614,0.1802,0.9812,1.000,good,,alignment_pilot_segments/00201920_01.wav
00201920,02019,3,一,yī,1,1,3,2.2423,2.3224,0.0801,0.2868,1.000,questionable,low_alignment_score,alignment_pilot_segments/00201920_03.wav
00201920,02019,5,小,xiǎo,3,1,3,2.8429,3.1232,0.2803,0.9686,0.638,good,,alignment_pilot_segments/00201920_05.wav
00201920,02019,6,桌,zhuō,1,0,1,3.8640,4.0442,0.1802,0.8161,0.704,good,,alignment_pilot_segments/00201920_06.wav
00201920,02019,8,兩,liǎng,3,1,2,7.2074,7.4277,0.2202,0.0308,1.000,questionable,low_alignment_score,alignment_pilot_segments/00201920_08.wav
00201920,02019,13,一,yī,1,1,3,12.6330,12.7131,0.0801,0.1427,1.000,questionable,low_alignment_score,alignment_pilot_segments/00201920_13.wav
00201920,02019,15,床,chuáng,2,0,0,13.1135,13.4539,0.3404,0.8601,0.610,good,,alignment_pilot_segments/00201920_15.wav
00202014,02020,0,小,xiǎo,3,1,3,0.2618,0.4431,0.1813,0.4912,0.630,good,,alignment_pilot_segments/00202014_00.wav
00202014,02020,1,貓,māo,1,1,3,0.5035,0.6646,0.1611,0.7973,1.000,good,,alignment_pilot_segments/00202014_01.wav
00202014,02020,3,名,míng,2,1,3,0.8257,1.0069,0.1812,0.8876,1.000,good,,alignment_pilot_segments/00202014_03.wav
00202014,02020,4,字,zì,4,1,3,1.0674,1.1479,0.0806,0.4594,1.000,good,,alignment_pilot_segments/00202014_04.wav
00202014,02020,6,是,shì,4,1,3,1.8729,1.9938,0.1208,0.5395,0.600,good,,alignment_pilot_segments/00202014_06.wav
00202014,02020,7,花,huā,1,1,3,2.1146,2.2556,0.1410,0.5134,0.789,good,,alignment_pilot_segments/00202014_07.wav
00202014,02020,8,花,huā,1,1,3,2.3965,2.5375,0.1410,0.5236,0.579,good,,alignment_pilot_segments/00202014_08.wav
00202120,02021,0,裡,lǐ,3,1,3,0.5007,0.6009,0.1001,0.9848,1.000,good,,alignment_pilot_segments/00202120_00.wav
00202120,02021,1,邊,biān,1,1,3,0.6810,1.0215,0.3405,0.9932,1.000,good,,alignment_pilot_segments/00202120_01.wav
00202120,02021,3,一,yī,1,1,3,1.4221,1.4822,0.0601,0.2735,1.000,questionable,low_alignment_score,alignment_pilot_segments/00202120_03.wav
00202120,02021,5,小,xiǎo,3,1,3,2.0630,2.3234,0.2604,0.7805,0.628,good,,alignment_pilot_segments/00202120_05.wav
00202120,02021,6,桌,zhuō,1,0,1,2.4436,2.5838,0.1402,0.9757,0.526,good,,alignment_pilot_segments/00202120_06.wav
00202120,02021,8,兩,liǎng,3,0,1,3.6453,3.9457,0.3004,0.5066,1.000,good,,alignment_pilot_segments/00202120_08.wav
00202120,02021,13,一,yī,1,0,1,6.5095,6.5896,0.0801,0.3427,1.000,questionable,low_alignment_score,alignment_pilot_segments/00202120_13.wav
00202120,02021,15,床,chuáng,2,1,3,7.2305,7.6912,0.4607,0.8392,0.735,good,,alignment_pilot_segments/00202120_15.wav
00202220,02022,0,裡,lǐ,3,1,3,0.3806,0.5008,0.1202,0.9697,1.000,good,,alignment_pilot_segments/00202220_00.wav
00202220,02022,1,邊,biān,1,1,3,0.6410,0.9616,0.3205,0.7277,0.709,good,,alignment_pilot_segments/00202220_01.wav
00202220,02022,3,一,yī,1,1,3,1.5625,1.6427,0.0801,0.1354,1.000,questionable,low_alignment_score,alignment_pilot_segments/00202220_03.wav
00202220,02022,5,小,xiǎo,3,1,3,2.2436,2.5641,0.3205,0.9919,0.255,questionable,weak_voicing,alignment_pilot_segments/00202220_05.wav
00202220,02022,6,桌,zhuō,1,1,3,2.7645,2.9648,0.2003,0.7567,0.355,good,,alignment_pilot_segments/00202220_06.wav
00202220,02022,8,兩,liǎng,3,1,3,4.0866,4.3470,0.2604,0.9271,1.000,good,,alignment_pilot_segments/00202220_08.wav
00202220,02022,13,一,yī,1,1,3,7.2718,7.3719,0.1002,0.4390,1.000,good,,alignment_pilot_segments/00202220_13.wav
00202220,02022,15,床,chuáng,2,1,3,8.5739,9.0146,0.4407,0.8961,0.747,good,,alignment_pilot_segments/00202220_15.wav
00202328,02023,0,就,jiù,4,1,3,2.2475,2.3679,0.1204,0.1093,0.533,questionable,low_alignment_score,alignment_pilot_segments/00202328_00.wav
00202328,02023,1,連,lián,2,1,3,2.5284,2.7893,0.2609,0.9195,1.000,good,,alignment_pilot_segments/00202328_01.wav
00202328,02023,2,拜,bài,4,1,3,3.4314,3.6120,0.1806,0.4092,1.000,good,,alignment_pilot_segments/00202328_02.wav
00202328,02023,3,年,nián,2,1,3,3.7124,3.9532,0.2408,0.8721,1.000,good,,alignment_pilot_segments/00202328_03.wav
00202328,02023,4,也,yě,3,1,3,4.0535,4.1538,0.1003,0.9747,1.000,good,,alignment_pilot_segments/00202328_04.wav
00202328,02023,5,變,biàn,4,0,1,4.3344,4.5552,0.2207,0.9833,0.800,good,,alignment_pilot_segments/00202328_05.wav
00202328,02023,7,簡,jiǎn,3,1,3,4.8963,5.1371,0.2408,0.9503,0.359,good,,alignment_pilot_segments/00202328_07.wav
00202411,02024,1,一,yī,1,1,3,2.4463,2.5064,0.0602,0.2625,1.000,questionable,low_alignment_score,alignment_pilot_segments/00202411_01.wav
00202411,02024,6,福,fú,2,1,3,3.5692,3.7296,0.1604,0.8764,0.130,failed,no_voiced_nucleus,alignment_pilot_segments/00202411_06.wav
00202411,02024,7,字,zì,4,1,3,3.9100,4.0504,0.1404,0.9560,0.474,good,,alignment_pilot_segments/00202411_07.wav
00202411,02024,8,表,biǎo,3,1,3,4.6118,4.8123,0.2005,0.9649,0.742,good,,alignment_pilot_segments/00202411_08.wav
00202411,02024,10,福,fú,2,1,3,7.1383,7.2586,0.1203,0.9746,0.333,questionable,weak_voicing,alignment_pilot_segments/00202411_10.wav
00202411,02024,11,到,dào,4,1,3,7.3589,7.5393,0.1805,0.9721,1.000,good,,alignment_pilot_segments/00202411_11.wav
00202518,02025,1,月,yuè,4,1,3,1.9677,2.1083,0.1406,0.8654,1.000,good,,alignment_pilot_segments/00202518_01.wav
00202518,02025,2,初,chū,1,1,3,2.4094,2.5299,0.1205,0.9779,0.267,questionable,weak_voicing,alignment_pilot_segments/00202518_02.wav
00202518,02025,3,一,yī,1,1,3,2.6303,2.7307,0.1004,0.8352,1.000,good,,alignment_pilot_segments/00202518_03.wav
00202518,02025,4,人,rén,2,0,1,3.1524,3.2929,0.1406,0.9967,1.000,good,,alignment_pilot_segments/00202518_04.wav
00202518,02025,6,穿,chuān,1,1,3,3.5740,3.8150,0.2409,0.9374,0.564,good,,alignment_pilot_segments/00202518_06.wav
00202518,02025,8,新,xīn,1,1,3,4.3571,4.5378,0.1807,0.9952,0.593,good,,alignment_pilot_segments/00202518_08.wav
00202518,02025,10,服,fú,2,1,3,4.7988,4.9394,0.1406,0.9416,0.526,good,,alignment_pilot_segments/00202518_10.wav
00202626,02026,0,就,jiù,4,1,2,3.1041,3.3845,0.2804,0.0623,0.723,questionable,low_alignment_score,alignment_pilot_segments/00202626_00.wav
00202626,02026,2,年,nián,2,0,1,5.2069,5.4072,0.2003,0.1617,1.000,questionable,low_alignment_score,alignment_pilot_segments/00202626_02.wav
00202626,02026,3,夜,yè,4,0,0,5.4873,5.5874,0.1001,0.0937,0.000,failed,no_voiced_nucleus,alignment_pilot_segments/00202626_03.wav
00202626,02026,4,飯,fàn,4,1,2,5.7877,6.0280,0.2403,0.2047,0.795,questionable,low_alignment_score,alignment_pilot_segments/00202626_04.wav
00202626,02026,5,搬,bān,1,1,3,8.8317,9.0520,0.2203,0.6600,0.857,good,,alignment_pilot_segments/00202626_05.wav
00202626,02026,6,到,dào,4,1,3,9.1721,9.4125,0.2403,0.9877,0.769,good,,alignment_pilot_segments/00202626_06.wav
00202626,02026,7,餐,cān,1,0,1,9.5126,9.7529,0.2403,0.8887,0.000,failed,no_voiced_nucleus,alignment_pilot_segments/00202626_07.wav
00202626,02026,8,館,guǎn,3,1,2,11.0747,11.3550,0.2804,0.9709,0.979,good,,alignment_pilot_segments/00202626_08.wav
00202626,02026,9,裡,lǐ,3,1,3,11.9158,12.0560,0.1402,0.9248,1.000,good,,alignment_pilot_segments/00202626_09.wav
00202626,02026,10,去,qù,4,0,1,13.7782,13.9585,0.1802,0.9831,0.111,failed,no_voiced_nucleus,alignment_pilot_segments/00202626_10.wav
00202711,02027,1,一,yī,1,1,3,1.2629,1.3030,0.0401,0.0652,0.000,failed,no_voiced_nucleus,alignment_pilot_segments/00202711_01.wav
00202711,02027,6,福,fú,2,1,3,4.4904,4.6508,0.1604,0.9778,0.348,questionable,weak_voicing,alignment_pilot_segments/00202711_06.wav
00202711,02027,7,字,zì,4,0,0,4.8112,4.9716,0.1604,0.9553,0.304,questionable,weak_voicing,alignment_pilot_segments/00202711_07.wav
00202711,02027,8,表,biǎo,3,0,1,6.1944,6.4350,0.2406,0.9874,1.000,good,,alignment_pilot_segments/00202711_08.wav
00202711,02027,10,福,fú,2,1,3,7.5375,7.6779,0.1403,0.9823,0.263,questionable,weak_voicing,alignment_pilot_segments/00202711_10.wav
00202711,02027,11,到,dào,4,1,3,7.7981,7.9986,0.2005,0.7091,1.000,good,,alignment_pilot_segments/00202711_11.wav
00202829,02028,2,用,yòng,4,1,3,0.7013,0.8816,0.1803,0.9472,1.000,good,,alignment_pilot_segments/00202829_02.wav
00202829,02028,3,手,shǒu,3,1,2,0.9818,1.1621,0.1803,0.9549,0.556,good,,alignment_pilot_segments/00202829_03.wav
00202829,02028,4,機,jī,1,1,3,1.2623,1.4627,0.2004,0.5143,1.000,good,,alignment_pilot_segments/00202829_04.wav
00202829,02028,5,發,fā,1,1,2,2.1439,2.2642,0.1202,0.9854,0.400,good,,alignment_pilot_segments/00202829_05.wav
00202829,02028,7,條,tiáo,2,0,1,2.9053,3.2660,0.3607,0.8708,0.651,good,,alignment_pilot_segments/00202829_07.wav
00202829,02028,8,短,duǎn,3,1,3,4.5484,4.7487,0.2004,0.9840,0.903,good,,alignment_pilot_segments/00202829_08.wav
00202829,02028,10,就,jiù,4,1,3,5.3498,5.4500,0.1002,0.8254,0.727,good,,alignment_pilot_segments/00202829_10.wav
00202909,02029,3,屋,wū,1,0,0,5.5908,5.7110,0.1202,0.4571,0.667,good,,alignment_pilot_segments/00202909_03.wav
00202909,02029,10,淨,jìng,4,1,3,9.6586,9.8790,0.2204,0.8551,1.000,good,,alignment_pilot_segments/00202909_10.wav
00202909,02029,11,淨,jìng,4,1,3,9.9592,10.1395,0.1803,0.8666,0.926,good,,alignment_pilot_segments/00202909_11.wav
00203026,02030,0,就,jiù,4,1,3,0.0802,0.2006,0.1203,0.4347,0.733,good,,alignment_pilot_segments/00203026_00.wav
00203026,02030,2,年,nián,2,1,3,0.4613,0.6418,0.1805,0.8676,1.000,good,,alignment_pilot_segments/00203026_02.wav
00203026,02030,3,夜,yè,4,0,1,0.7421,0.8423,0.1003,0.7343,1.000,good,,alignment_pilot_segments/00203026_03.wav
00203026,02030,4,飯,fàn,4,1,3,1.4039,1.6045,0.2006,0.9682,0.871,good,,alignment_pilot_segments/00203026_04.wav
00203026,02030,5,搬,bān,1,1,3,2.1460,2.3465,0.2006,0.9711,1.000,good,,alignment_pilot_segments/00203026_05.wav
00203026,02030,6,到,dào,4,1,3,2.9482,3.2290,0.2808,0.9745,0.915,good,,alignment_pilot_segments/00203026_06.wav
00203026,02030,7,餐,cān,1,1,2,4.3922,4.6329,0.2407,0.2104,0.769,questionable,low_alignment_score,alignment_pilot_segments/00203026_07.wav
00203026,02030,8,館,guǎn,3,1,2,4.7331,4.8936,0.1604,0.9678,1.000,good,,alignment_pilot_segments/00203026_08.wav
00203026,02030,9,裡,lǐ,3,1,3,4.9538,5.0540,0.1003,0.9122,1.000,good,,alignment_pilot_segments/00203026_09.wav
00203026,02030,10,去,qù,4,1,3,5.2747,5.4150,0.1404,0.3242,0.263,questionable,low_alignment_score|weak_voicing,alignment_pilot_segments/00203026_10.wav
00203113,02031,2,熱,rè,4,1,3,0.7241,0.8046,0.0805,0.8320,1.000,good,,alignment_pilot_segments/00203113_02.wav
00203113,02031,3,熱,rè,4,1,3,0.9052,1.0057,0.1006,0.4424,1.000,good,,alignment_pilot_segments/00203113_03.wav
00203113,02031,6,一,yī,1,1,3,2.1523,2.1925,0.0402,0.3861,0.000,failed,no_voiced_nucleus,alignment_pilot_segments/00203113_06.wav
00203113,02031,8,年,nián,2,1,3,2.5345,2.6753,0.1408,0.7580,1.000,good,,alignment_pilot_segments/00203113_08.wav
00203113,02031,9,夜,yè,4,0,1,2.7155,2.7960,0.0805,0.0414,1.000,questionable,low_alignment_score,alignment_pilot_segments/00203113_09.wav
00203113,02031,10,飯,fàn,4,1,3,2.8966,3.1379,0.2414,0.9695,0.692,good,,alignment_pilot_segments/00203113_10.wav
00203220,02032,0,互,hù,4,1,3,0.5440,0.6246,0.0806,0.9839,0.000,failed,no_voiced_nucleus,alignment_pilot_segments/00203220_00.wav
00203220,02032,3,一,yī,1,1,3,1.0679,1.1082,0.0403,0.2006,0.000,failed,no_voiced_nucleus,alignment_pilot_segments/00203220_03.wav
00203220,02032,5,祝,zhù,4,1,3,1.8134,1.9142,0.1007,0.9419,0.273,questionable,weak_voicing,alignment_pilot_segments/00203220_05.wav
00203220,02032,6,福,fú,2,0,1,2.0149,2.1157,0.1007,0.9931,0.364,good,,alignment_pilot_segments/00203220_06.wav
00203220,02032,8,話,huà,4,1,3,2.2970,2.4179,0.1209,0.9981,0.200,questionable,weak_voicing,alignment_pilot_segments/00203220_08.wav
00203311,02033,1,一,yī,1,1,3,1.1239,1.2042,0.0803,0.0055,0.571,questionable,low_alignment_score,alignment_pilot_segments/00203311_01.wav
00203311,02033,6,福,fú,2,1,3,2.8099,2.9504,0.1405,0.9907,0.368,good,,alignment_pilot_segments/00203311_06.wav
00203311,02033,7,字,zì,4,1,3,3.1310,3.2514,0.1204,0.9872,0.333,questionable,weak_voicing,alignment_pilot_segments/00203311_07.wav
00203311,02033,8,表,biǎo,3,1,3,3.8937,4.1144,0.2208,0.9902,1.000,good,,alignment_pilot_segments/00203311_08.wav
00203311,02033,10,福,fú,2,1,3,4.9574,5.0577,0.1004,0.9900,0.273,questionable,weak_voicing,alignment_pilot_segments/00203311_10.wav
00203311,02033,11,到,dào,4,1,3,5.1782,5.3789,0.2007,0.9900,1.000,good,,alignment_pilot_segments/00203311_11.wav
00203411,02034,1,一,yī,1,1,3,0.2212,0.2815,0.0603,0.0009,1.000,questionable,low_alignment_score,alignment_pilot_segments/00203411_01.wav
00203411,02034,6,福,fú,2,1,3,1.2063,1.3270,0.1206,0.9969,0.333,questionable,weak_voicing,alignment_pilot_segments/00203411_06.wav
00203411,02034,7,字,zì,4,1,2,1.4677,1.5884,0.1206,0.9970,0.667,good,,alignment_pilot_segments/00203411_07.wav
00203411,02034,8,表,biǎo,3,1,3,2.0709,2.2519,0.1810,0.9670,0.852,good,,alignment_pilot_segments/00203411_08.wav
00203411,02034,10,福,fú,2,1,3,2.8952,2.9958,0.1005,0.9946,0.273,questionable,weak_voicing,alignment_pilot_segments/00203411_10.wav
00203411,02034,11,到,dào,4,1,3,3.1365,3.3376,0.2011,0.9969,1.000,good,,alignment_pilot_segments/00203411_11.wav
00203529,02035,2,用,yòng,4,1,3,1.5222,1.8026,0.2804,0.9897,1.000,good,,alignment_pilot_segments/00203529_02.wav
00203529,02035,3,手,shǒu,3,1,3,2.1030,2.3433,0.2403,0.9749,0.641,good,,alignment_pilot_segments/00203529_03.wav
00203529,02035,4,機,jī,1,1,3,2.5236,2.6838,0.1602,0.9268,0.391,good,,alignment_pilot_segments/00203529_04.wav
00203529,02035,5,發,fā,1,1,3,3.4849,3.6051,0.1202,0.9931,0.600,good,,alignment_pilot_segments/00203529_05.wav
00203529,02035,7,條,tiáo,2,0,0,4.1459,4.4864,0.3405,0.7665,0.763,good,,alignment_pilot_segments/00203529_07.wav
00203529,02035,8,短,duǎn,3,1,3,4.8869,5.1673,0.2804,0.9940,0.745,good,,alignment_pilot_segments/00203529_08.wav
00203529,02035,10,就,jiù,4,1,2,6.0486,6.2288,0.1803,0.9947,0.778,good,,alignment_pilot_segments/00203529_10.wav
00203626,02036,0,就,jiù,4,1,2,0.1604,0.3408,0.1804,0.3215,0.704,questionable,low_alignment_score,alignment_pilot_segments/00203626_00.wav
00203626,02036,2,年,nián,2,1,2,0.6616,0.9223,0.2606,0.9402,1.000,good,,alignment_pilot_segments/00203626_02.wav
00203626,02036,3,夜,yè,4,1,2,1.0225,1.1428,0.1203,0.9895,1.000,good,,alignment_pilot_segments/00203626_03.wav
00203626,02036,4,飯,fàn,4,1,3,1.2832,1.5438,0.2606,0.9901,0.791,good,,alignment_pilot_segments/00203626_04.wav
00203626,02036,5,搬,bān,1,1,3,2.2255,2.5262,0.3007,0.9632,0.961,good,,alignment_pilot_segments/00203626_05.wav
00203626,02036,6,到,dào,4,1,3,2.8671,3.1478,0.2807,0.9822,1.000,good,,alignment_pilot_segments/00203626_06.wav
00203626,02036,7,餐,cān,1,1,3,5.9748,6.1953,0.2205,0.9767,0.486,good,,alignment_pilot_segments/00203626_07.wav
00203626,02036,8,館,guǎn,3,0,1,6.2755,6.4559,0.1804,0.9672,1.000,good,,alignment_pilot_segments/00203626_08.wav
00203626,02036,9,裡,lǐ,3,1,3,6.5161,6.6364,0.1203,0.9810,1.000,good,,alignment_pilot_segments/00203626_09.wav
00203626,02036,10,去,qù,4,1,3,6.8168,7.0374,0.2205,0.9909,0.286,questionable,weak_voicing,alignment_pilot_segments/00203626_10.wav
