token_id,speaker_id,expected_tone,tone_correctness,raw_score,calibrated_p_incorrect,decision
00200214_00,02002,3,1,0.035936,0.135970,
00200214_01,02002,1,1,0.283922,0.162356,
00200214_03,02002,2,1,0.310713,0.163900,
00200214_04,02002,4,1,0.442223,0.170834,
00200214_06,02002,4,1,0.618735,0.179963,
00200214_07,02002,1,1,0.423839,0.169901,
00200214_08,02002,1,1,0.355909,0.166374,
00200217_01,02002,4,0,0.451767,0.171316,
00200217_03,02002,2,1,0.357222,0.166444,
00200220_00,02002,3,1,0.326994,0.164807,
00200220_01,02002,1,1,0.280591,0.162159,
00200220_03,02002,1,0,0.590274,0.178419,
00200220_05,02002,3,1,0.638091,0.181044,
00200220_06,02002,1,1,0.360236,0.166604,
00200220_08,02002,3,1,0.414646,0.169432,
00200220_13,02002,1,0,0.457323,0.171597,
00200220_15,02002,2,1,0.114742,0.149397,
00200314_00,02003,3,1,0.625551,0.191812,
00200314_01,02003,1,1,0.198283,0.149613,
00200314_03,02003,2,1,0.279417,0.158803,
00200314_04,02003,4,1,0.402862,0.170742,
00200314_06,02003,4,1,0.420664,0.172379,
00200314_07,02003,1,1,0.309476,0.161857,
00200314_08,02003,1,1,1.000000,0.656197,
00200317_01,02003,4,1,0.419659,0.172287,
00200317_03,02003,2,0,0.309907,0.161900,
00200320_00,02003,3,1,0.568315,0.186092,
00200320_01,02003,1,1,0.159766,0.144446,
00200320_03,02003,1,1,0.404238,0.170869,
00200320_05,02003,3,1,0.637261,0.193038,
00200320_06,02003,1,1,0.241513,0.154721,
00200320_08,02003,3,1,0.827709,0.218789,
00200320_13,02003,1,1,0.340719,0.164909,
00200320_15,02003,2,1,0.152767,0.143421,
00200514_00,02005,3,0,0.688877,0.164753,
00200514_01,02005,1,0,1.000000,0.173061,
00200514_03,02005,2,0,0.506157,0.164272,
00200514_04,02005,4,1,0.493355,0.164240,
00200514_06,02005,4,1,0.398315,0.163999,
00200514_07,02005,1,1,0.457915,0.164151,
00200514_08,02005,1,1,0.442191,0.164111,
00200517_01,02005,4,1,0.454402,0.164142,
00200517_03,02005,2,0,0.462080,0.164161,
00200520_00,02005,3,1,0.936743,0.165945,
00200520_01,02005,1,1,0.416301,0.164045,
00200520_03,02005,1,1,0.447659,0.164125,
00200520_05,02005,3,0,0.599832,0.164509,
00200520_06,02005,1,1,0.476556,0.164198,
00200520_08,02005,3,0,0.555118,0.164394,
00200520_13,02005,1,1,0.571337,0.164436,
00200520_15,02005,2,1,0.418558,0.164051,
00200614_00,02006,3,0,0.602703,0.148215,
00200614_01,02006,1,0,0.530302,0.143798,
00200614_03,02006,2,1,0.938010,0.186511,
00200614_04,02006,4,1,0.359634,0.133792,
00200614_06,02006,4,1,0.295532,0.129789,
00200614_07,02006,1,0,0.591622,0.147519,
00200614_08,02006,1,1,0.485350,0.141161,
00200617_01,02006,4,1,0.319525,0.131324,
00200617_03,02006,2,0,0.416956,0.137186,
00200620_00,02006,3,1,0.366434,0.134201,
00200620_01,02006,1,0,0.037827,0.100948,
00200620_03,02006,1,1,0.550813,0.145022,
00200620_05,02006,3,0,0.198274,0.122798,
00200620_06,02006,1,0,0.432634,0.138100,
00200620_08,02006,3,0,0.680383,0.153417,
00200620_13,02006,1,1,0.555560,0.145308,
00200620_15,02006,2,0,0.336856,0.132403,
00200714_00,02007,3,1,0.546485,0.176123,
00200714_01,02007,1,1,0.338184,0.165420,
00200714_03,02007,2,1,0.859207,0.197837,
00200714_04,02007,4,1,0.429095,0.170168,
00200714_06,02007,4,1,0.479614,0.172721,
00200714_07,02007,1,1,0.366113,0.166915,
00200714_08,02007,1,1,0.480847,0.172784,
00200717_01,02007,4,1,0.419542,0.169682,
00200717_03,02007,2,1,0.379546,0.167621,
00200720_00,02007,3,1,0.368453,0.167039,
00200720_01,02007,1,1,0.779252,0.190293,
00200720_03,02007,1,0,0.449165,0.171185,
00200720_05,02007,3,1,0.879736,0.200384,
00200720_06,02007,1,1,0.410180,0.169204,
00200720_08,02007,3,1,0.000000,0.058588,
00200720_13,02007,1,1,0.512517,0.174386,
00200720_15,02007,2,1,0.988679,0.237696,
00200914_00,02009,3,1,0.530494,0.182491,
00200914_01,02009,1,1,0.312269,0.162134,
00200914_03,02009,2,1,0.435732,0.173760,
00200914_04,02009,4,1,0.462916,0.176246,
00200914_06,02009,4,1,0.347278,0.165537,
00200914_07,02009,1,1,0.601234,0.189333,
00200914_08,02009,1,1,0.413181,0.171692,
00200917_01,02009,4,1,0.300128,0.160921,
00200917_03,02009,2,1,0.517159,0.181244,
00200920_00,02009,3,1,0.299552,0.160863,
00200920_01,02009,1,1,0.609269,0.190143,
00200920_03,02009,1,1,0.387360,0.169308,
00200920_05,02009,3,1,0.335876,0.164443,
00200920_06,02009,1,1,0.636033,0.192908,
00200920_08,02009,3,1,0.734875,0.204414,
00200920_13,02009,1,1,0.491779,0.178895,
00200920_15,02009,2,1,0.819208,0.217226,
00201014_00,02010,3,1,0.009883,0.161401,
00201014_01,02010,1,1,0.301353,0.163732,
00201014_03,02010,2,1,0.382738,0.163958,
00201014_04,02010,4,1,0.438987,0.164103,
00201014_06,02010,4,1,0.454690,0.164143,
00201014_07,02010,1,1,0.351018,0.163873,
00201014_08,02010,1,0,0.375944,0.163940,
00201017_01,02010,4,1,0.438957,0.164103,
00201017_03,02010,2,1,0.479062,0.164204,
00201020_00,02010,3,1,0.233879,0.163517,
00201020_01,02010,1,1,0.407241,0.164022,
00201020_03,02010,1,1,0.501454,0.164260,
00201020_05,02010,3,1,1.000000,0.173061,
00201020_06,02010,1,1,0.436936,0.164098,
00201020_08,02010,3,1,0.750224,0.164944,
00201020_13,02010,1,1,0.473364,0.164190,
00201020_15,02010,2,1,0.251430,0.163576,
00201114_00,02011,3,1,0.001382,0.069908,
00201114_01,02011,1,1,0.210727,0.123791,
00201114_03,02011,2,1,0.614257,0.148950,
00201114_04,02011,4,1,0.492862,0.141599,
00201114_06,02011,4,1,0.404793,0.136475,
00201114_07,02011,1,1,0.431213,0.138017,
00201114_08,02011,1,1,0.379406,0.134976,
00201117_01,02011,4,0,0.332280,0.132120,
00201117_03,02011,2,1,0.349681,0.133189,
00201120_00,02011,3,1,0.695088,0.154487,
00201120_01,02011,1,1,0.199790,0.122921,
00201120_03,02011,1,1,0.675615,0.153078,
00201120_05,02011,3,1,0.606244,0.148439,
00201120_06,02011,1,1,0.486253,0.141214,
00201120_08,02011,3,1,0.875481,0.172964,
00201120_13,02011,1,1,0.554588,0.145249,
00201120_15,02011,2,1,0.248971,0.126634,
00201214_00,02012,3,1,0.452616,0.171359,
00201214_01,02012,1,1,0.488527,0.173171,
00201214_03,02012,2,1,0.433334,0.170383,
00201214_04,02012,4,1,0.594791,0.178661,
00201214_06,02012,4,1,0.426536,0.170038,
00201214_07,02012,1,1,0.500942,0.173799,
00201214_08,02012,1,1,0.423316,0.169874,
00201217_01,02012,4,1,0.511923,0.174356,
00201217_03,02012,2,1,0.279551,0.162098,
00201220_00,02012,3,1,0.204996,0.157265,
00201220_01,02012,1,1,0.303381,0.163484,
00201220_03,02012,1,1,0.487163,0.173103,
00201220_05,02012,3,1,0.844083,0.196167,
00201220_06,02012,1,1,0.366672,0.166945,
00201220_08,02012,3,1,0.137365,0.151717,
00201220_13,02012,1,1,0.437904,0.170615,
00201220_15,02012,2,1,0.098716,0.147521,
00201314_00,02013,3,1,0.421372,0.172444,
00201314_01,02013,1,0,0.355502,0.166320,
00201314_03,02013,2,1,0.413437,0.171716,
00201314_04,02013,4,1,0.503837,0.180008,
00201314_06,02013,4,1,0.428184,0.173069,
00201314_07,02013,1,1,0.403532,0.170804,
00201314_08,02013,1,0,0.414637,0.171826,
00201317_01,02013,4,1,0.429718,0.173209,
00201317_03,02013,2,1,0.270166,0.157833,
00201320_00,02013,3,1,0.371752,0.167852,
00201320_01,02013,1,0,0.493560,0.179059,
00201320_03,02013,1,0,0.490603,0.178786,
00201320_05,02013,3,0,0.327818,0.163662,
00201320_06,02013,1,0,0.357504,0.166510,
00201320_08,02013,3,1,0.016786,0.103718,
00201320_13,02013,1,0,0.412978,0.171674,
00201320_15,02013,2,1,0.167291,0.145515,
00201614_00,02016,3,1,0.243994,0.163552,
00201614_01,02016,1,1,0.403229,0.164012,
00201614_03,02016,2,1,0.365300,0.163912,
00201614_04,02016,4,1,0.592356,0.164490,
00201614_06,02016,4,1,0.490008,0.164231,
00201614_07,02016,1,1,0.428193,0.164076,
00201614_08,02016,1,0,0.993679,0.167437,
00201617_01,02016,4,1,0.472378,0.164187,
00201617_03,02016,2,1,0.419587,0.164054,
00201620_00,02016,3,1,0.274643,0.163651,
00201620_01,02016,1,1,0.749029,0.164940,
00201620_03,02016,1,1,0.443723,0.164115,
00201620_05,02016,3,1,0.001693,0.160313,
00201620_06,02016,1,0,0.550815,0.164384,
00201620_08,02016,3,1,0.618990,0.164559,
00201620_13,02016,1,1,0.433948,0.164090,
00201620_15,02016,2,1,0.122814,0.163033,
00201814_00,02018,3,0,0.592016,0.147543,
00201814_01,02018,1,0,0.998149,0.260321,
00201814_03,02018,2,1,0.500271,0.142031,
00201814_04,02018,4,1,0.446617,0.138912,
00201814_06,02018,4,1,0.408062,0.136666,
00201814_07,02018,1,1,0.435007,0.138238,
00201814_08,02018,1,1,0.542329,0.144514,
00201817_01,02018,4,0,0.319095,0.131297,
00201817_03,02018,2,1,0.278484,0.128665,
00201820_00,02018,3,1,0.225905,0.124952,
00201820_01,02018,1,1,0.309803,0.130708,
00201820_03,02018,1,0,0.599726,0.148027,
00201820_05,02018,3,0,0.840787,0.168109,
00201820_06,02018,1,0,0.563490,0.145788,
00201820_08,02018,3,1,0.562006,0.145698,
00201820_13,02018,1,1,0.536530,0.144168,
00201820_15,02018,2,1,0.322518,0.131512,
00201914_00,02019,3,0,0.735606,0.187081,
00201914_01,02019,1,0,0.426217,0.170022,
00201914_03,02019,2,1,0.690232,0.184123,
00201914_04,02019,4,1,0.445794,0.171014,
00201914_06,02019,4,1,0.502576,0.173882,
00201914_07,02019,1,1,0.465818,0.172026,
00201914_08,02019,1,1,0.756568,0.188569,
00201917_01,02019,4,1,0.537511,0.175662,
00201917_03,02019,2,0,0.477045,0.172592,
00201920_00,02019,3,0,0.183409,0.155659,
00201920_01,02019,1,1,0.572237,0.177464,
00201920_03,02019,1,1,0.507954,0.174154,
00201920_05,02019,3,1,0.810747,0.192935,
00201920_06,02019,1,0,0.612239,0.179606,
00201920_08,02019,3,1,0.860203,0.197953,
00201920_13,02019,1,1,0.534401,0.175502,
00201920_15,02019,2,0,0.262548,0.161070,
00202014_00,02020,3,1,0.423393,0.172630,
00202014_01,02020,1,1,0.351836,0.165972,
00202014_03,02020,2,1,0.434383,0.173636,
00202014_04,02020,4,1,0.526026,0.182072,
00202014_06,02020,4,1,0.154963,0.143746,
00202014_07,02020,1,1,0.329769,0.163851,
00202014_08,02020,1,1,0.640512,0.193382,
00202017_01,02020,4,1,0.402568,0.170715,
00202017_03,02020,2,1,0.335010,0.164359,
00202020_00,02020,3,1,0.352277,0.166014,
00202020_01,02020,1,1,0.315333,0.162438,
00202020_03,02020,1,0,0.398875,0.170374,
00202020_05,02020,3,1,0.404992,0.170939,
00202020_06,02020,1,1,0.478313,0.177657,
00202020_08,02020,3,1,0.560457,0.185334,
00202020_13,02020,1,1,0.353333,0.166114,
00202020_15,02020,2,1,0.323859,0.163275,
00202114_00,02021,3,1,0.232033,0.163511,
00202114_01,02021,1,1,0.384380,0.163962,
00202114_03,02021,2,0,0.682435,0.164734,
00202114_04,02021,4,1,0.562752,0.164414,
00202114_06,02021,4,1,0.475342,0.164195,
00202114_07,02021,1,0,0.505345,0.164270,
00202114_08,02021,1,0,0.641383,0.164619,
00202117_01,02021,4,1,0.470635,0.164183,
00202117_03,02021,2,0,0.452751,0.164138,
00202120_00,02021,3,1,0.303104,0.163737,
00202120_01,02021,1,1,0.260844,0.163607,
00202120_03,02021,1,1,0.432219,0.164086,
00202120_05,02021,3,1,0.474193,0.164192,
00202120_06,02021,1,0,0.999994,0.171891,
00202120_08,02021,3,0,0.765431,0.164996,
00202120_13,02021,1,0,0.450511,0.164132,
00202120_15,02021,2,1,0.245089,0.163555,
00202214_00,02022,3,1,0.996043,0.243116,
00202214_01,02022,1,1,0.998591,0.266686,
00202214_03,02022,2,1,0.542869,0.144546,
00202214_04,02022,4,1,0.300806,0.130131,
00202214_06,02022,4,1,0.020673,0.094378,
00202214_07,02022,1,1,0.189558,0.122079,
00202214_08,02022,1,1,0.426064,0.137718,
00202217_01,02022,4,1,0.300328,0.130100,
00202217_03,02022,2,1,0.432746,0.138106,
00202220_00,02022,3,1,0.462918,0.139858,
00202220_01,02022,1,1,0.181632,0.121407,
00202220_03,02022,1,1,0.519790,0.143177,
00202220_05,02022,3,1,0.924128,0.182595,
00202220_06,02022,1,1,0.367732,0.134279,
00202220_08,02022,3,1,0.779930,0.161526,
00202220_13,02022,1,1,0.615991,0.149062,
00202220_15,02022,2,1,0.025615,0.096651,
00202401_01,02024,2,1,0.557346,0.201561,
00202401_03,02024,4,1,0.497917,0.197362,
00202401_05,02024,1,1,0.381996,0.189242,
00202401_06,02024,2,1,0.365972,0.188088,
00202401_07,02024,4,1,0.479230,0.196060,
00202401_09,02024,1,1,0.410803,0.191286,
00202401_10,02024,2,1,0.508565,0.198106,
00202407_02,02024,4,1,0.507639,0.198041,
00202407_03,02024,2,1,0.529550,0.199582,
00202407_04,02024,4,1,0.422244,0.192089,
00202407_05,02024,4,1,0.438997,0.193260,
00202407_06,02024,1,1,0.330687,0.185485,
00202407_07,02024,1,1,0.399759,0.190506,
00202408_00,02024,2,1,0.480900,0.196176,
00202408_02,02024,4,1,0.460089,0.194729,
00202408_04,02024,3,1,0.000434,0.094940,
00202408_05,02024,4,1,0.470463,0.195450,
00202408_07,02024,2,1,0.479570,0.196084,
00202409_03,02024,1,1,0.441342,0.193424,
00202409_10,02024,4,1,0.487261,0.196619,
00202409_11,02024,4,1,0.534122,0.199905,
00202411_01,02024,1,1,0.464474,0.195034,
00202411_06,02024,2,1,0.525868,0.199322,
00202411_07,02024,4,1,0.399171,0.190465,
00202411_08,02024,3,1,0.133250,0.166835,
00202411_10,02024,2,1,0.592063,0.204092,
00202411_11,02024,4,1,0.363926,0.187939,
00202413_02,02024,4,1,0.511411,0.198306,
00202413_03,02024,4,1,0.504944,0.197853,
00202413_06,02024,1,1,0.482816,0.196309,
00202413_08,02024,2,1,0.311158,0.183998,
00202413_09,02024,4,1,0.523143,0.199130,
00202413_10,02024,4,1,0.438528,0.193228,
00202418_01,02024,4,1,0.573828,0.202753,
00202418_02,02024,1,1,0.341787,0.186314,
00202418_03,02024,1,1,0.411497,0.191335,
00202418_04,02024,2,1,0.353477,0.187177,
00202418_06,02024,1,1,0.249360,0.178969,
00202418_08,02024,1,1,0.408795,0.191144,
00202418_10,02024,2,1,0.585224,0.203587,
00202420_00,02024,4,1,0.408575,0.191129,
00202420_03,02024,1,1,0.504735,0.197838,
00202420_05,02024,4,1,0.464919,0.195065,
00202420_06,02024,2,1,0.535511,0.200003,
00202420_08,02024,4,1,0.452457,0.194198,
00202424_01,02024,4,1,0.358080,0.187513,
00202424_03,02024,1,1,0.408164,0.191100,
00202424_04,02024,2,1,0.561378,0.201851,
00202426_00,02024,4,1,0.454156,0.194316,
00202426_02,02024,2,1,0.465971,0.195138,
00202426_03,02024,4,1,0.507642,0.198042,
00202426_04,02024,4,1,0.433263,0.192860,
00202426_05,02024,1,1,0.257694,0.179683,
00202426_06,02024,4,1,0.245349,0.178621,
00202426_07,02024,1,1,0.487212,0.196616,
00202426_08,02024,3,1,0.156493,0.169733,
00202426_09,02024,3,1,0.100530,0.162010,
00202426_10,02024,4,1,0.306878,0.183667,
00202428_00,02024,4,1,0.480385,0.196140,
00202428_01,02024,2,1,0.353667,0.187191,
00202428_02,02024,4,1,0.449560,0.193996,
00202428_03,02024,2,1,0.435653,0.193027,
00202428_04,02024,3,1,0.372540,0.188563,
00202428_05,02024,4,1,0.426781,0.192407,
00202428_07,02024,3,1,0.008283,0.126850,
00202429_02,02024,4,1,0.386005,0.189528,
00202429_03,02024,3,1,0.272030,0.180882,
00202429_04,02024,1,1,0.447693,0.193866,
00202429_05,02024,1,1,0.492132,0.196958,
00202429_07,02024,2,1,0.455170,0.194387,
00202429_08,02024,3,1,0.000029,0.072211,
00202429_10,02024,4,1,0.454191,0.194319,
00202801_01,02028,2,1,0.547646,0.176183,
00202801_03,02028,4,0,0.480339,0.172758,
00202801_05,02028,1,1,0.407575,0.169070,
00202801_06,02028,2,1,0.313546,0.164059,
00202801_07,02028,4,1,0.421432,0.169778,
00202801_09,02028,1,0,0.748443,0.187982,
00202801_10,02028,2,1,0.490618,0.173277,
00202807_02,02028,4,0,0.496896,0.173594,
00202807_03,02028,2,0,0.482212,0.172853,
00202807_04,02028,4,0,0.468194,0.172145,
00202807_05,02028,4,0,0.479940,0.172738,
00202807_06,02028,1,1,0.431288,0.170280,
00202807_07,02028,1,0,0.999998,0.406077,
00202808_00,02028,2,1,0.558367,0.176739,
00202808_02,02028,4,1,0.524676,0.175005,
00202808_04,02028,3,0,0.591024,0.178459,
00202808_05,02028,4,1,0.601269,0.179010,
00202808_07,02028,2,1,0.429327,0.170180,
00202809_03,02028,1,1,0.546557,0.176127,
00202809_10,02028,4,1,0.697792,0.184595,
00202809_11,02028,4,1,0.432270,0.170329,
00202811_01,02028,1,1,0.624827,0.180300,
00202811_06,02028,2,0,0.534670,0.175516,
00202811_07,02028,4,1,0.377687,0.167524,
00202811_08,02028,3,1,0.356899,0.166427,
00202811_10,02028,2,0,0.504071,0.173957,
00202811_11,02028,4,0,0.691001,0.184171,
00202813_02,02028,4,0,0.430585,0.170244,
00202813_03,02028,4,0,0.432852,0.170359,
00202813_06,02028,1,1,0.602433,0.179073,
00202813_08,02028,2,0,0.591687,0.178495,
00202813_09,02028,4,0,0.442871,0.170867,
00202813_10,02028,4,1,0.423037,0.169860,
00202818_01,02028,4,1,0.511205,0.174319,
00202818_02,02028,1,1,0.513715,0.174447,
00202818_03,02028,1,1,0.487541,0.173122,
00202818_04,02028,2,1,0.600443,0.178965,
00202818_06,02028,1,1,0.343677,0.165718,
00202818_08,02028,1,1,0.501303,0.173817,
00202818_10,02028,2,1,0.491564,0.173325,
00202820_00,02028,4,1,0.352211,0.166176,
00202820_03,02028,1,1,0.460508,0.171758,
00202820_05,02028,4,1,0.390188,0.168174,
00202820_06,02028,2,0,0.502967,0.173902,
00202820_08,02028,4,1,0.391758,0.168255,
00202824_01,02028,4,0,0.982854,0.231039,
00202824_03,02028,1,1,0.390088,0.168169,
00202824_04,02028,2,1,0.515441,0.174534,
00202826_00,02028,4,1,0.459610,0.171712,
00202826_02,02028,2,1,0.682624,0.183655,
00202826_03,02028,4,0,0.401065,0.168736,
00202826_04,02028,4,1,0.520546,0.174794,
00202826_05,02028,1,1,0.526179,0.175081,
00202826_06,02028,4,1,0.474503,0.172464,
00202826_07,02028,1,1,0.470565,0.172265,
00202826_08,02028,3,1,0.610061,0.179487,
00202826_09,02028,3,1,0.373452,0.167302,
00202826_10,02028,4,1,0.765602,0.189240,
00202828_00,02028,4,1,0.422010,0.169808,
00202828_01,02028,2,1,0.595192,0.178683,
00202828_02,02028,4,0,0.441861,0.170815,
00202828_03,02028,2,1,0.452149,0.171336,
00202828_04,02028,3,1,0.290364,0.162734,
00202828_05,02028,4,1,0.352002,0.166165,
00202828_07,02028,3,1,0.527246,0.175136,
00202829_02,02028,4,1,0.510920,0.174305,
00202829_03,02028,3,1,0.506026,0.174057,
00202829_04,02028,1,1,0.444138,0.170931,
00202829_05,02028,1,1,0.491871,0.173340,
00202829_07,02028,2,0,0.272737,0.161690,
00202829_08,02028,3,1,0.297659,0.163156,
00202829_10,02028,4,1,0.526030,0.175074,
00202901_01,02029,2,1,0.491344,0.178855,
00202901_03,02029,4,1,0.480395,0.177848,
00202901_05,02029,1,1,0.414541,0.171817,
00202901_06,02029,2,1,0.329634,0.163838,
00202901_07,02029,4,1,0.496331,0.179314,
00202901_09,02029,1,0,0.396392,0.170145,
00202901_10,02029,2,1,0.488323,0.178576,
00202907_02,02029,4,1,0.467780,0.176691,
00202907_03,02029,2,1,0.515795,0.181117,
00202907_04,02029,4,1,0.492110,0.178925,
00202907_05,02029,4,1,0.477763,0.177606,
00202907_06,02029,1,1,0.356986,0.166461,
00202907_07,02029,1,1,0.323087,0.163200,
00202908_00,02029,2,1,0.442938,0.174419,
00202908_02,02029,4,1,0.412615,0.171640,
00202908_04,02029,3,1,0.555496,0.184859,
00202908_05,02029,4,1,0.354137,0.166190,
00202908_07,02029,2,1,0.333929,0.164255,
00202909_03,02029,1,0,0.446485,0.174743,
00202909_10,02029,4,1,0.586195,0.187837,
00202909_11,02029,4,1,0.348678,0.165671,
00202911_01,02029,1,1,0.365541,0.167268,
00202911_06,02029,2,1,0.513601,0.180913,
00202911_07,02029,4,1,0.430078,0.173242,
00202911_08,02029,3,1,0.708439,0.201079,
00202911_10,02029,2,1,0.493706,0.179072,
00202911_11,02029,4,1,0.417836,0.172120,
00202913_02,02029,4,1,0.614364,0.190661,
00202913_03,02029,4,1,0.491587,0.178877,
00202913_06,02029,1,1,0.383084,0.168910,
00202913_08,02029,2,1,0.130868,0.139986,
00202913_09,02029,4,1,0.486043,0.178367,
00202913_10,02029,4,1,0.194124,0.149088,
00202918_01,02029,4,1,0.522463,0.181739,
00202918_02,02029,1,1,0.267564,0.157557,
00202918_03,02029,1,1,0.509606,0.180542,
00202918_04,02029,2,1,0.460124,0.175991,
00202918_06,02029,1,1,0.236086,0.154110,
00202918_08,02029,1,1,0.254469,0.156150,
00202918_10,02029,2,1,0.678997,0.197611,
00202920_00,02029,4,1,0.341053,0.164941,
00202920_03,02029,1,1,0.948267,0.256757,
00202920_05,02029,4,1,0.419973,0.172316,
00202920_06,02029,2,1,0.512236,0.180786,
00202920_08,02029,4,1,0.444692,0.174579,
00202924_01,02029,4,1,0.113087,0.136878,
00202924_03,02029,1,1,0.195858,0.149308,
00202924_04,02029,2,1,0.484780,0.178251,
00202926_00,02029,4,1,0.412254,0.171607,
00202926_02,02029,2,1,0.368764,0.167571,
00202926_03,02029,4,1,0.462798,0.176235,
00202926_04,02029,4,1,0.001541,0.073563,
00202926_05,02029,1,1,0.218298,0.152051,
00202926_06,02029,4,1,0.352155,0.166002,
00202926_07,02029,1,1,0.215159,0.151677,
00202926_08,02029,3,1,0.856475,0.224652,
00202926_09,02029,3,1,0.291778,0.160075,
00202926_10,02029,4,1,0.336583,0.164511,
00202928_00,02029,4,1,0.450515,0.175112,
00202928_01,02029,2,1,0.326666,0.163549,
00202928_02,02029,4,1,0.169386,0.145807,
00202928_03,02029,2,1,0.394459,0.169966,
00202928_04,02029,3,1,0.500358,0.179686,
00202928_05,02029,4,1,0.428142,0.173065,
00202928_07,02029,3,1,0.608797,0.190095,
00202929_02,02029,4,1,0.383719,0.168969,
00202929_03,02029,3,1,0.403278,0.170781,
00202929_04,02029,1,1,0.521837,0.181681,
00202929_05,02029,1,1,0.360861,0.166827,
00202929_07,02029,2,1,0.163865,0.145032,
00202929_08,02029,3,1,0.510905,0.180663,
00202929_10,02029,4,1,0.414803,0.171841,
00203001_01,02030,2,1,0.478923,0.164204,
00203001_03,02030,4,1,0.527126,0.164324,
00203001_05,02030,1,1,0.530583,0.164333,
00203001_06,02030,2,1,0.420516,0.164056,
00203001_07,02030,4,1,0.270073,0.163637,
00203001_09,02030,1,1,0.520431,0.164307,
00203001_10,02030,2,1,0.455971,0.164146,
00203007_02,02030,4,1,0.565700,0.164421,
00203007_03,02030,2,1,0.413066,0.164037,
00203007_04,02030,4,1,0.487531,0.164225,
00203007_05,02030,4,0,0.540018,0.164356,
00203007_06,02030,1,1,0.390493,0.163978,
00203007_07,02030,1,1,0.866762,0.165428,
00203008_00,02030,2,1,0.524585,0.164318,
00203008_02,02030,4,0,0.171769,0.163277,
00203008_04,02030,3,0,0.705922,0.164803,
00203008_05,02030,4,0,0.501817,0.164261,
00203008_07,02030,2,1,0.482089,0.164211,
00203009_03,02030,1,0,0.429996,0.164080,
00203009_10,02030,4,0,0.615063,0.164549,
00203009_11,02030,4,0,0.298966,0.163725,
00203011_01,02030,1,1,0.443703,0.164115,
00203011_06,02030,2,0,0.450992,0.164133,
00203011_07,02030,4,1,0.399861,0.164003,
00203011_08,02030,3,1,0.622635,0.164569,
00203011_10,02030,2,0,0.454940,0.164143,
00203011_11,02030,4,0,0.697745,0.164779,
00203013_02,02030,4,1,0.519762,0.164306,
00203013_03,02030,4,1,0.521021,0.164309,
00203013_06,02030,1,1,0.571284,0.164435,
00203013_08,02030,2,1,0.444216,0.164116,
00203013_09,02030,4,0,0.619791,0.164561,
00203013_10,02030,4,1,0.074131,0.162686,
00203018_01,02030,4,1,0.259912,0.163604,
00203018_02,02030,1,1,0.405025,0.164016,
00203018_03,02030,1,1,0.461157,0.164159,
00203018_04,02030,2,1,0.000239,0.159119,
00203018_06,02030,1,1,0.418170,0.164050,
00203018_08,02030,1,1,0.695884,0.164773,
00203018_10,02030,2,0,0.506165,0.164272,
00203020_00,02030,4,1,0.518402,0.164302,
00203020_03,02030,1,1,0.571180,0.164435,
00203020_05,02030,4,0,0.494690,0.164243,
00203020_06,02030,2,0,0.432280,0.164086,
00203020_08,02030,4,1,0.527646,0.164325,
00203024_01,02030,4,1,0.599367,0.164508,
00203024_03,02030,1,1,0.456200,0.164147,
00203024_04,02030,2,1,0.591493,0.164487,
00203026_00,02030,4,1,0.636946,0.164607,
00203026_02,02030,2,1,0.502699,0.164263,
00203026_03,02030,4,0,0.456288,0.164147,
00203026_04,02030,4,1,0.516775,0.164298,
00203026_05,02030,1,1,0.365720,0.163913,
00203026_06,02030,4,1,0.250999,0.163575,
00203026_07,02030,1,1,0.511575,0.164285,
00203026_08,02030,3,1,0.378338,0.163946,
00203026_09,02030,3,1,0.508190,0.164277,
00203026_10,02030,4,1,0.421154,0.164058,
00203028_00,02030,4,1,0.484615,0.164218,
00203028_01,02030,2,1,0.405673,0.164018,
00203028_02,02030,4,1,0.344892,0.163856,
00203028_03,02030,2,1,0.476412,0.164197,
00203028_04,02030,3,1,0.061675,0.162564,
00203028_05,02030,4,1,0.728633,0.164874,
00203028_07,02030,3,0,0.290108,0.163698,
00203029_02,02030,4,1,0.525377,0.164320,
00203029_03,02030,3,1,0.998654,0.168423,
00203029_04,02030,1,1,0.515546,0.164295,
00203029_05,02030,1,1,0.477803,0.164201,
00203029_07,02030,2,1,0.497750,0.164251,
00203029_08,02030,3,1,0.317121,0.163778,
00203029_10,02030,4,1,0.516238,0.164297,
00203101_01,02031,2,1,0.527377,0.143625,
00203101_03,02031,4,1,0.618328,0.149212,
00203101_05,02031,1,1,0.431668,0.138044,
00203101_06,02031,2,1,0.554052,0.145217,
00203101_07,02031,4,1,0.593095,0.147611,
00203101_09,02031,1,1,0.298538,0.129984,
00203101_10,02031,2,1,0.547893,0.144847,
00203107_02,02031,4,1,0.193446,0.122403,
00203107_03,02031,2,1,0.565162,0.145889,
00203107_04,02031,4,1,0.553783,0.145201,
00203107_05,02031,4,1,0.351438,0.133295,
00203107_06,02031,1,1,0.485801,0.141187,
00203107_07,02031,1,1,0.160279,0.119491,
00203108_00,02031,2,1,0.675427,0.153064,
00203108_02,02031,4,1,0.465639,0.140016,
00203108_04,02031,3,1,0.381215,0.135083,
00203108_05,02031,4,1,0.501506,0.142103,
00203108_07,02031,2,1,0.653544,0.151544,
00203109_03,02031,1,1,0.526890,0.143596,
00203109_10,02031,4,1,0.495476,0.141751,
00203109_11,02031,4,1,0.635874,0.150358,
00203111_01,02031,1,1,0.675434,0.153065,
00203111_06,02031,2,1,0.509400,0.142566,
00203111_07,02031,4,1,0.340724,0.132641,
00203111_08,02031,3,1,0.737255,0.157769,
00203111_10,02031,2,1,0.543040,0.144556,
00203111_11,02031,4,1,0.227162,0.125047,
00203113_02,02031,4,1,0.618280,0.149209,
00203113_03,02031,4,1,0.552646,0.145132,
00203113_06,02031,1,1,0.675335,0.153058,
00203113_08,02031,2,1,0.665166,0.152344,
00203113_09,02031,4,0,0.628674,0.149885,
00203113_10,02031,4,1,0.409715,0.136763,
00203118_01,02031,4,1,0.619853,0.149311,
00203118_02,02031,1,1,0.485575,0.141174,
00203118_03,02031,1,1,0.546659,0.144773,
00203118_04,02031,2,1,0.659115,0.151925,
00203118_06,02031,1,1,0.333310,0.132184,
00203118_08,02031,1,1,0.335170,0.132299,
00203118_10,02031,2,1,0.528015,0.143663,
00203120_00,02031,4,1,0.021850,0.094959,
00203120_03,02031,1,1,0.675137,0.153044,
00203120_05,02031,4,0,0.609874,0.148670,
00203120_06,02031,2,1,0.584044,0.147047,
00203120_08,02031,4,1,0.421866,0.137473,
00203124_01,02031,4,1,0.482354,0.140987,
00203124_03,02031,1,1,0.316283,0.131119,
00203124_04,02031,2,1,0.581200,0.146872,
00203126_00,02031,4,1,0.450775,0.139153,
00203126_02,02031,2,1,0.674862,0.153024,
00203126_03,02031,4,1,0.624748,0.149628,
00203126_04,02031,4,1,0.336974,0.132410,
00203126_05,02031,1,1,0.329752,0.131963,
00203126_06,02031,4,1,0.253738,0.126970,
00203126_07,02031,1,0,0.385467,0.135336,
00203126_08,02031,3,0,0.580169,0.146808,
00203126_09,02031,3,1,0.501665,0.142113,
00203126_10,02031,4,1,0.352430,0.133356,
00203128_00,02031,4,1,0.363730,0.134039,
00203128_01,02031,2,1,0.621649,0.149427,
00203128_02,02031,4,0,0.718669,0.156279,
00203128_03,02031,2,1,0.647139,0.151110,
00203128_04,02031,3,1,0.237112,0.125781,
00203128_05,02031,4,1,0.518213,0.143084,
00203128_07,02031,3,0,0.627758,0.149825,
00203129_02,02031,4,1,0.596163,0.147803,
00203129_03,02031,3,1,0.156963,0.119178,
00203129_04,02031,1,1,0.409541,0.136753,
00203129_05,02031,1,1,0.490654,0.141470,
00203129_07,02031,2,1,0.425531,0.137686,
00203129_08,02031,3,1,0.426633,0.137751,
00203129_10,02031,4,1,0.793230,0.162817,
00203301_01,02033,2,1,0.582655,0.203398,
00203301_03,02033,4,1,0.505903,0.197920,
00203301_05,02033,1,1,0.368893,0.188299,
00203301_06,02033,2,1,0.392596,0.189998,
00203301_07,02033,4,1,0.462025,0.194863,
00203301_09,02033,1,1,0.377385,0.188911,
00203301_10,02033,2,1,0.547924,0.200886,
00203307_02,02033,4,1,0.519278,0.198858,
00203307_03,02033,2,1,0.585652,0.203619,
00203307_04,02033,4,1,0.414723,0.191562,
00203307_05,02033,4,1,0.502674,0.197694,
00203307_06,02033,1,1,0.336936,0.185953,
00203307_07,02033,1,1,0.270566,0.180761,
00203308_00,02033,2,1,0.399159,0.190464,
00203308_02,02033,4,1,0.547058,0.200824,
00203308_04,02033,3,1,0.434958,0.192979,
00203308_05,02033,4,1,0.506374,0.197953,
00203308_07,02033,2,1,0.439489,0.193295,
00203309_03,02033,1,1,0.407337,0.191042,
00203309_10,02033,4,1,0.597933,0.204528,
00203309_11,02033,4,1,0.324012,0.184981,
00203311_01,02033,1,1,0.458926,0.194648,
00203311_06,02033,2,1,0.536175,0.200051,
00203311_07,02033,4,1,0.339870,0.186172,
00203311_08,02033,3,1,0.257634,0.179678,
00203311_10,02033,2,1,0.525354,0.199286,
00203311_11,02033,4,1,0.401485,0.190628,
00203313_02,02033,4,1,0.493901,0.197082,
00203313_03,02033,4,1,0.506018,0.197928,
00203313_06,02033,1,1,0.521693,0.199028,
00203313_08,02033,2,1,0.711886,0.213778,
00203313_09,02033,4,1,0.506369,0.197953,
00203313_10,02033,4,1,0.296453,0.182851,
00203318_01,02033,4,1,0.516540,0.198665,
00203318_02,02033,1,1,0.353116,0.187150,
00203318_03,02033,1,1,0.426681,0.192400,
00203318_04,02033,2,1,0.410663,0.191276,
00203318_06,02033,1,1,0.237463,0.177926,
00203318_08,02033,1,1,0.362209,0.187814,
00203318_10,02033,2,1,0.527579,0.199443,
00203320_00,02033,4,1,0.582357,0.203376,
00203320_03,02033,1,1,0.457968,0.194581,
00203320_05,02033,4,1,0.468467,0.195311,
00203320_06,02033,2,1,0.583603,0.203468,
00203320_08,02033,4,1,0.451781,0.194151,
00203324_01,02033,4,1,0.404157,0.190817,
00203324_03,02033,1,1,0.267958,0.180545,
00203324_04,02033,2,1,0.534505,0.199932,
00203326_00,02033,4,1,0.477941,0.195970,
00203326_02,02033,2,1,0.436870,0.193112,
00203326_03,02033,4,1,0.510049,0.198210,
00203326_04,02033,4,1,0.399328,0.190476,
00203326_05,02033,1,1,0.352275,0.187088,
00203326_06,02033,4,1,0.402617,0.190708,
00203326_07,02033,1,1,0.390347,0.189838,
00203326_08,02033,3,1,0.653897,0.208852,
00203326_09,02033,3,1,0.117316,0.164618,
00203326_10,02033,4,1,0.385638,0.189502,
00203328_00,02033,4,1,0.364038,0.187947,
00203328_01,02033,2,1,0.497888,0.197360,
00203328_02,02033,4,1,0.438884,0.193253,
00203328_03,02033,2,1,0.435420,0.193011,
00203328_04,02033,3,1,0.319050,0.184603,
00203328_05,02033,4,1,0.387906,0.189664,
00203328_07,02033,3,1,0.051555,0.151517,
00203329_02,02033,4,1,0.445507,0.193714,
00203329_03,02033,3,1,0.886014,0.235764,
00203329_04,02033,1,1,0.390308,0.189835,
00203329_05,02033,1,1,0.438443,0.193222,
00203329_07,02033,2,1,0.425781,0.192337,
00203329_08,02033,3,1,0.003546,0.116800,
00203329_10,02033,4,1,0.341855,0.186319,
00203401_01,02034,2,1,0.537738,0.175673,
00203401_03,02034,4,1,0.450196,0.171237,
00203401_05,02034,1,1,0.362858,0.166743,
00203401_06,02034,2,1,0.339713,0.165503,
00203401_07,02034,4,1,0.468066,0.172139,
00203401_09,02034,1,1,0.353696,0.166256,
00203401_10,02034,2,1,0.380302,0.167660,
00203407_02,02034,4,1,0.450582,0.171256,
00203407_03,02034,2,1,0.502967,0.173902,
00203407_04,02034,4,1,0.470254,0.172249,
00203407_05,02034,4,1,0.469224,0.172197,
00203407_06,02034,1,1,0.402941,0.168832,
00203407_07,02034,1,1,0.302592,0.163439,
00203408_00,02034,2,1,0.471296,0.172302,
00203408_02,02034,4,1,0.461802,0.171823,
00203408_04,02034,3,1,0.420355,0.169723,
00203408_05,02034,4,1,0.456971,0.171579,
00203408_07,02034,2,1,0.413545,0.169376,
00203409_03,02034,1,1,0.470679,0.172271,
00203409_10,02034,4,1,0.338685,0.165447,
00203409_11,02034,4,1,0.029209,0.133767,
00203411_01,02034,1,1,0.468168,0.172144,
00203411_06,02034,2,1,0.672334,0.183034,
00203411_07,02034,4,1,0.559553,0.176801,
00203411_08,02034,3,1,0.366931,0.166959,
00203411_10,02034,2,1,0.508272,0.174170,
00203411_11,02034,4,1,0.363005,0.166751,
00203413_02,02034,4,1,0.429853,0.170207,
00203413_03,02034,4,1,0.421887,0.169802,
00203413_06,02034,1,1,0.469463,0.172209,
00203413_08,02034,2,1,0.427699,0.170097,
00203413_09,02034,4,1,0.444033,0.170925,
00203413_10,02034,4,1,0.027212,0.133025,
00203418_01,02034,4,1,0.486798,0.173084,
00203418_02,02034,1,1,0.426282,0.170025,
00203418_03,02034,1,1,0.456706,0.171566,
00203418_04,02034,2,1,0.437776,0.170609,
00203418_06,02034,1,1,0.411519,0.169272,
00203418_08,02034,1,1,0.454197,0.171439,
00203418_10,02034,2,1,0.559320,0.176788,
00203420_00,02034,4,1,0.411722,0.169283,
00203420_03,02034,1,1,0.472211,0.172348,
00203420_05,02034,4,1,0.497433,0.173621,
00203420_06,02034,2,1,0.468990,0.172186,
00203420_08,02034,4,1,0.518979,0.174714,
00203424_01,02034,4,1,0.483546,0.172920,
00203424_03,02034,1,1,0.309437,0.163828,
00203424_04,02034,2,1,0.445760,0.171013,
00203426_00,02034,4,1,0.627398,0.180443,
00203426_02,02034,2,1,0.365738,0.166896,
00203426_03,02034,4,1,0.396335,0.168492,
00203426_04,02034,4,1,0.529503,0.175251,
00203426_05,02034,1,1,0.406507,0.169015,
00203426_06,02034,4,1,0.422974,0.169857,
00203426_07,02034,1,1,0.329042,0.164920,
00203426_08,02034,3,1,0.375068,0.167386,
00203426_09,02034,3,1,0.345084,0.165794,
00203426_10,02034,4,1,0.557443,0.176691,
00203428_00,02034,4,1,0.462106,0.171838,
00203428_01,02034,2,1,0.314999,0.164141,
00203428_02,02034,4,1,0.439095,0.170675,
00203428_03,02034,2,1,0.349186,0.166014,
00203428_04,02034,3,1,0.271657,0.161625,
00203428_05,02034,4,1,0.431002,0.170265,
00203428_07,02034,3,1,0.622374,0.180164,
00203429_02,02034,4,0,0.479876,0.172735,
00203429_03,02034,3,1,0.847223,0.196502,
00203429_04,02034,1,1,0.412491,0.169322,
00203429_05,02034,1,1,0.398925,0.168626,
00203429_07,02034,2,1,0.290835,0.162761,
00203429_08,02034,3,1,0.989833,0.239436,
00203429_10,02034,4,1,0.437249,0.170582,
00203501_01,02035,2,1,0.536130,0.183021,
00203501_03,02035,4,1,0.457783,0.175777,
00203501_05,02035,1,1,0.224555,0.152785,
00203501_06,02035,2,1,0.246183,0.155241,
00203501_07,02035,4,1,0.484006,0.178180,
00203501_09,02035,1,1,0.258509,0.156588,
00203501_10,02035,2,0,0.614306,0.190655,
00203507_02,02035,4,1,0.406659,0.171092,
00203507_03,02035,2,0,0.483973,0.178177,
00203507_04,02035,4,1,0.493077,0.179014,
00203507_05,02035,4,1,0.480169,0.177827,
00203507_06,02035,1,1,0.314142,0.162320,
00203507_07,02035,1,1,0.203720,0.150289,
00203508_00,02035,2,1,0.629075,0.192179,
00203508_02,02035,4,1,0.471968,0.177075,
00203508_04,02035,3,0,0.722100,0.202773,
00203508_05,02035,4,1,0.997915,0.365495,
00203508_07,02035,2,1,0.276765,0.158526,
00203509_03,02035,1,1,0.407938,0.171210,
00203509_10,02035,4,1,0.378583,0.168491,
00203509_11,02035,4,1,0.223975,0.152718,
00203511_01,02035,1,0,0.531161,0.182554,
00203511_06,02035,2,1,0.459613,0.175944,
00203511_07,02035,4,1,0.447610,0.174846,
00203511_08,02035,3,1,0.597717,0.188981,
00203511_10,02035,2,0,0.569631,0.186219,
00203511_11,02035,4,1,0.332756,0.164141,
00203513_02,02035,4,1,0.526642,0.182130,
00203513_03,02035,4,1,0.518223,0.181343,
00203513_06,02035,1,1,0.383913,0.168987,
00203513_08,02035,2,1,0.307008,0.161611,
00203513_09,02035,4,0,0.535840,0.182994,
00203513_10,02035,4,1,0.358540,0.166608,
00203518_01,02035,4,0,0.481512,0.177951,
00203518_02,02035,1,1,0.331993,0.164067,
00203518_03,02035,1,1,0.491634,0.178881,
00203518_04,02035,2,1,0.030297,0.112859,
00203518_06,02035,1,0,0.340370,0.164876,
00203518_08,02035,1,1,0.216777,0.151870,
00203518_10,02035,2,1,0.648202,0.194204,
00203520_00,02035,4,1,0.400281,0.170504,
00203520_03,02035,1,1,0.345925,0.165408,
00203520_05,02035,4,1,0.456792,0.175686,
00203520_06,02035,2,1,0.404786,0.170920,
00203520_08,02035,4,1,0.344354,0.165258,
00203524_01,02035,4,1,0.038179,0.116670,
00203524_03,02035,1,1,0.101280,0.134607,
00203524_04,02035,2,1,0.521391,0.181639,
00203526_00,02035,4,1,0.359714,0.166719,
00203526_02,02035,2,0,0.543716,0.183738,
00203526_03,02035,4,0,0.503446,0.179972,
00203526_04,02035,4,1,0.998126,0.369385,
00203526_05,02035,1,1,0.149466,0.142926,
00203526_06,02035,4,1,0.278331,0.158690,
00203526_07,02035,1,1,0.999513,0.419838,
00203526_08,02035,3,1,0.964819,0.268991,
00203526_09,02035,3,1,0.345553,0.165372,
00203526_10,02035,4,1,0.411672,0.171554,
00203528_00,02035,4,1,0.446419,0.174737,
00203528_01,02035,2,1,0.000005,0.031580,
00203528_02,02035,4,1,0.307176,0.161628,
00203528_03,02035,2,1,0.295281,0.160431,
00203528_04,02035,3,1,0.194959,0.149194,
00203528_05,02035,4,1,0.267954,0.157599,
00203528_07,02035,3,0,0.874708,0.228965,
00203529_02,02035,4,1,0.183114,0.147663,
00203529_03,02035,3,1,0.759405,0.207745,
00203529_04,02035,1,1,0.497555,0.179427,
00203529_05,02035,1,1,0.440364,0.174184,
00203529_07,02035,2,0,0.337315,0.164582,
00203529_08,02035,3,1,0.741282,0.205260,
00203529_10,02035,4,1,0.459562,0.175939,
00203801_01,02038,2,1,0.465335,0.164170,
00203801_03,02038,4,1,0.490657,0.164233,
00203801_05,02038,1,1,0.366167,0.163914,
00203801_06,02038,2,1,0.508153,0.164277,
00203801_07,02038,4,1,0.358429,0.163893,
00203801_09,02038,1,1,0.305686,0.163745,
00203801_10,02038,2,1,0.488634,0.164228,
00203807_02,02038,4,0,0.508643,0.164278,
00203807_03,02038,2,1,0.482109,0.164212,
00203807_04,02038,4,1,0.529935,0.164331,
00203807_05,02038,4,1,0.512116,0.164286,
00203807_06,02038,1,1,0.324752,0.163800,
00203807_07,02038,1,1,0.318198,0.163781,
00203808_00,02038,2,0,0.429370,0.164079,
00203808_02,02038,4,1,0.491598,0.164235,
00203808_04,02038,3,1,0.525672,0.164320,
00203808_05,02038,4,1,0.386768,0.163969,
00203808_07,02038,2,1,0.792861,0.165096,
00203809_03,02038,1,0,0.444944,0.164118,
00203809_10,02038,4,1,0.393722,0.163987,
00203809_11,02038,4,1,0.473652,0.164190,
00203811_01,02038,1,1,0.484809,0.164218,
00203811_06,02038,2,1,0.496642,0.164248,
00203811_07,02038,4,1,0.480724,0.164208,
00203811_08,02038,3,1,0.382060,0.163956,
00203811_10,02038,2,0,0.478757,0.164203,
00203811_11,02038,4,0,0.419463,0.164053,
00203813_02,02038,4,1,0.629947,0.164588,
00203813_03,02038,4,1,0.524655,0.164318,
00203813_06,02038,1,1,0.453671,0.164140,
00203813_08,02038,2,1,0.345282,0.163857,
00203813_09,02038,4,0,0.459758,0.164156,
00203813_10,02038,4,1,0.409510,0.164028,
00203818_01,02038,4,1,0.526278,0.164322,
00203818_02,02038,1,1,0.443527,0.164115,
00203818_03,02038,1,1,0.410228,0.164030,
00203818_04,02038,2,0,0.437626,0.164100,
00203818_06,02038,1,1,0.328038,0.163809,
00203818_08,02038,1,1,0.462830,0.164163,
00203818_10,02038,2,1,0.448729,0.164128,
00203820_00,02038,4,1,0.463285,0.164164,
00203820_03,02038,1,1,0.420985,0.164057,
00203820_05,02038,4,1,0.605907,0.164525,
00203820_06,02038,2,1,0.488766,0.164228,
00203820_08,02038,4,1,0.431702,0.164085,
00203824_01,02038,4,1,0.355441,0.163885,
00203824_03,02038,1,1,0.366951,0.163916,
00203824_04,02038,2,1,0.486428,0.164222,
00203826_00,02038,4,1,0.475537,0.164195,
00203826_02,02038,2,1,0.429295,0.164079,
00203826_03,02038,4,1,0.545418,0.164370,
00203826_04,02038,4,1,0.340218,0.163843,
00203826_05,02038,1,1,0.287074,0.163689,
00203826_06,02038,4,1,0.396991,0.163995,
00203826_07,02038,1,1,0.403039,0.164011,
00203826_08,02038,3,1,0.524364,0.164317,
00203826_09,02038,3,1,0.240090,0.163538,
00203826_10,02038,4,1,0.443170,0.164114,
00203828_00,02038,4,1,0.460363,0.164157,
00203828_01,02038,2,1,0.341973,0.163848,
00203828_02,02038,4,0,0.582073,0.164463,
00203828_03,02038,2,1,0.350907,0.163873,
00203828_04,02038,3,1,0.363948,0.163908,
00203828_05,02038,4,1,0.361889,0.163903,
00203828_07,02038,3,1,0.456526,0.164147,
00203829_02,02038,4,0,0.690260,0.164757,
00203829_03,02038,3,1,0.020016,0.161842,
00203829_04,02038,1,1,0.357160,0.163890,
00203829_05,02038,1,1,0.472147,0.164187,
00203829_07,02038,2,1,0.377571,0.163944,
00203829_08,02038,3,0,0.472945,0.164189,
00203829_10,02038,4,1,0.540151,0.164357,
00203901_01,02039,2,1,0.536403,0.144160,
00203901_03,02039,4,0,0.439551,0.138502,
00203901_05,02039,1,1,0.195148,0.122543,
00203901_06,02039,2,1,0.014127,0.090481,
00203901_07,02039,4,0,0.997837,0.256730,
00203901_09,02039,1,0,0.021990,0.095027,
00203901_10,02039,2,0,0.998027,0.258846,
00203907_02,02039,4,0,0.333140,0.132173,
00203907_03,02039,2,1,0.339324,0.132555,
00203907_04,02039,4,1,0.764107,0.160071,
00203907_05,02039,4,1,0.630104,0.149978,
00203907_06,02039,1,1,0.223945,0.124805,
00203907_07,02039,1,0,0.114710,0.114689,
00203908_00,02039,2,1,0.522001,0.143307,
00203908_02,02039,4,1,0.332469,0.132132,
00203908_04,02039,3,1,0.000839,0.066113,
00203908_05,02039,4,1,0.004694,0.080095,
00203908_07,02039,2,1,0.067299,0.107751,
00203909_03,02039,1,0,0.447157,0.138943,
00203909_10,02039,4,1,0.328426,0.131881,
00203909_11,02039,4,0,0.001217,0.068926,
00203911_01,02039,1,1,0.550799,0.145021,
00203911_06,02039,2,0,0.541353,0.144455,
00203911_07,02039,4,1,0.199239,0.122876,
00203911_08,02039,3,0,0.242653,0.126182,
00203911_10,02039,2,0,0.523720,0.143409,
00203911_11,02039,4,0,0.999111,0.277622,
00203913_02,02039,4,0,0.497368,0.141862,
00203913_03,02039,4,0,0.513821,0.142825,
00203913_06,02039,1,0,0.464290,0.139937,
00203913_08,02039,2,0,0.094968,0.112146,
00203913_09,02039,4,0,0.309223,0.130671,
00203913_10,02039,4,1,0.873506,0.172656,
00203918_01,02039,4,0,0.081723,0.110194,
00203918_02,02039,1,0,0.718764,0.156287,
00203918_03,02039,1,0,0.733544,0.157466,
00203918_04,02039,2,1,0.473173,0.140453,
00203918_06,02039,1,1,0.156651,0.119148,
00203918_08,02039,1,0,0.235109,0.125635,
00203918_10,02039,2,1,0.561432,0.145663,
00203920_00,02039,4,1,0.312577,0.130884,
00203920_03,02039,1,1,0.516893,0.143006,
00203920_05,02039,4,1,0.533683,0.143999,
00203920_06,02039,2,1,0.391818,0.135711,
00203920_08,02039,4,1,0.237462,0.125806,
00203924_01,02039,4,0,0.000000,0.030607,
00203924_03,02039,1,0,0.344175,0.132852,
00203924_04,02039,2,0,0.425617,0.137691,
00203926_00,02039,4,0,0.915087,0.180414,
00203926_02,02039,2,1,0.124843,0.115865,
00203926_03,02039,4,0,0.545183,0.144684,
00203926_04,02039,4,0,0.365621,0.134152,
00203926_05,02039,1,0,0.549661,0.144953,
00203926_06,02039,4,0,0.969810,0.200597,
00203926_07,02039,1,0,0.244854,0.126340,
00203926_08,02039,3,1,0.068712,0.108009,
00203926_09,02039,3,0,0.586919,0.147226,
00203926_10,02039,4,0,0.306192,0.130477,
00203928_00,02039,4,0,0.165692,0.119992,
00203928_01,02039,2,1,0.659375,0.151943,
00203928_02,02039,4,0,0.994436,0.235637,
00203928_03,02039,2,1,0.179340,0.121209,
00203928_04,02039,3,1,0.284773,0.129083,
00203928_05,02039,4,0,0.997372,0.252293,
00203928_07,02039,3,0,0.365237,0.134129,
00203929_02,02039,4,0,0.564267,0.145835,
00203929_03,02039,3,0,0.861148,0.170823,
00203929_04,02039,1,0,0.299707,0.130060,
00203929_05,02039,1,0,0.442378,0.138666,
00203929_07,02039,2,1,0.464690,0.139961,
00203929_08,02039,3,0,0.000975,0.067236,
00203929_10,02039,4,1,0.012845,0.089534,
00204101_01,02041,2,1,0.581455,0.203310,
00204101_03,02041,4,1,0.504518,0.197823,
00204101_05,02041,1,1,0.389194,0.189756,
00204101_06,02041,2,1,0.425495,0.192317,
00204101_07,02041,4,1,0.391401,0.189913,
00204101_09,02041,1,1,0.351310,0.187018,
00204101_10,02041,2,1,0.531669,0.199731,
00204107_02,02041,4,1,0.519326,0.198861,
00204107_03,02041,2,1,0.573355,0.202719,
00204107_04,02041,4,1,0.520983,0.198978,
00204107_05,02041,4,1,0.497851,0.197357,
00204107_06,02041,1,1,0.459868,0.194713,
00204107_07,02041,1,1,0.597942,0.204529,
00204108_00,02041,2,1,0.495542,0.197196,
00204108_02,02041,4,1,0.449596,0.193999,
00204108_04,02041,3,1,0.505936,0.197922,
00204108_05,02041,4,1,0.527705,0.199451,
00204108_07,02041,2,1,0.521186,0.198992,
00204109_03,02041,1,1,0.433425,0.192872,
00204109_10,02041,4,1,0.494489,0.197123,
00204109_11,02041,4,1,0.242624,0.178382,
00204111_01,02041,1,1,0.457022,0.194516,
00204111_06,02041,2,1,0.644391,0.208093,
00204111_07,02041,4,1,0.372509,0.188560,
00204111_08,02041,3,1,0.727768,0.215240,
00204111_10,02041,2,1,0.608573,0.205326,
00204111_11,02041,4,1,0.513627,0.198461,
00204113_02,02041,4,0,0.524417,0.199220,
00204113_03,02041,4,0,0.520603,0.198951,
00204113_06,02041,1,1,0.562579,0.201938,
00204113_08,02041,2,0,0.498892,0.197430,
00204113_09,02041,4,1,0.500894,0.197570,
00204113_10,02041,4,0,0.203675,0.174776,
00204118_01,02041,4,1,0.507714,0.198047,
00204118_02,02041,1,1,0.398836,0.190441,
00204118_03,02041,1,1,0.442493,0.193504,
00204118_04,02041,2,1,0.487764,0.196654,
00204118_06,02041,1,1,0.368221,0.188251,
00204118_08,02041,1,1,0.323838,0.184968,
00204118_10,02041,2,0,0.521933,0.199045,
00204120_00,02041,4,1,0.229170,0.177180,
00204120_03,02041,1,1,0.578118,0.203066,
00204120_05,02041,4,1,0.466960,0.195207,
00204120_06,02041,2,1,0.530335,0.199637,
00204120_08,02041,4,1,0.203637,0.174772,
00204124_01,02041,4,1,0.434384,0.192939,
00204124_03,02041,1,1,0.389701,0.189792,
00204124_04,02041,2,1,0.563311,0.201991,
00204126_00,02041,4,1,0.425032,0.192285,
00204126_02,02041,2,1,0.406130,0.190957,
00204126_03,02041,4,1,0.506480,0.197960,
00204126_04,02041,4,1,0.568537,0.202369,
00204126_05,02041,1,1,0.334442,0.185767,
00204126_06,02041,4,1,0.469151,0.195359,
00204126_07,02041,1,1,0.301835,0.183273,
00204126_08,02041,3,0,0.557487,0.201571,
00204126_09,02041,3,1,0.417075,0.191727,
00204126_10,02041,4,1,0.318004,0.184524,
00204128_00,02041,4,1,0.455017,0.194376,
00204128_01,02041,2,1,0.496768,0.197282,
00204128_02,02041,4,1,0.520931,0.198974,
00204128_03,02041,2,1,0.408100,0.191095,
00204128_04,02041,3,1,0.248112,0.178861,
00204128_05,02041,4,1,0.485921,0.196526,
00204128_07,02041,3,1,0.551814,0.201164,
00204129_02,02041,4,1,0.715120,0.214071,
00204129_03,02041,3,1,0.415520,0.191618,
00204129_04,02041,1,1,0.460437,0.194753,
00204129_05,02041,1,1,0.318840,0.184587,
00204129_07,02041,2,1,0.388196,0.189685,
00204129_08,02041,3,1,0.444521,0.193645,
00204129_10,02041,4,1,0.439350,0.193285,
00204201_01,02042,2,1,0.629642,0.180568,
00204201_03,02042,4,1,0.454757,0.171467,
00204201_05,02042,1,1,0.513805,0.174451,
00204201_06,02042,2,1,0.382708,0.167786,
00204201_07,02042,4,0,0.786008,0.190833,
00204201_09,02042,1,1,0.574555,0.177586,
00204201_10,02042,2,0,0.519913,0.174762,
00204207_02,02042,4,0,0.571757,0.177439,
00204207_03,02042,2,1,0.503089,0.173908,
00204207_04,02042,4,1,0.489452,0.173218,
00204207_05,02042,4,1,0.410140,0.169202,
00204207_06,02042,1,1,0.460790,0.171772,
00204207_07,02042,1,1,0.293167,0.162897,
00204208_00,02042,2,0,0.455792,0.171520,
00204208_02,02042,4,0,0.576622,0.177695,
00204208_04,02042,3,1,0.347770,0.165938,
00204208_05,02042,4,1,0.448970,0.171175,
00204208_07,02042,2,0,0.478664,0.172674,
00204209_03,02042,1,0,0.443120,0.170879,
00204209_10,02042,4,1,0.732045,0.186837,
00204209_11,02042,4,1,0.572127,0.177458,
00204211_01,02042,1,1,0.459353,0.171699,
00204211_06,02042,2,1,0.405511,0.168964,
00204211_07,02042,4,1,0.467804,0.172126,
00204211_08,02042,3,1,0.318687,0.164347,
00204211_10,02042,2,1,0.483553,0.172920,
00204211_11,02042,4,1,0.932615,0.209540,
00204213_02,02042,4,1,0.407335,0.169058,
00204213_03,02042,4,1,0.438037,0.170622,
00204213_06,02042,1,1,0.504005,0.173954,
00204213_08,02042,2,0,0.368312,0.167031,
00204213_09,02042,4,0,0.391204,0.168227,
00204213_10,02042,4,1,0.280609,0.162160,
00204218_01,02042,4,1,0.437646,0.170602,
00204218_02,02042,1,0,0.667123,0.182724,
00204218_03,02042,1,1,0.519109,0.174721,
00204218_04,02042,2,1,0.479008,0.172691,
00204218_06,02042,1,0,0.294400,0.162968,
00204218_08,02042,1,1,0.423757,0.169897,
00204218_10,02042,2,1,0.513410,0.174431,
00204220_00,02042,4,1,0.527946,0.175172,
00204220_03,02042,1,1,0.485596,0.173023,
00204220_05,02042,4,1,0.594569,0.178649,
00204220_06,02042,2,1,0.483430,0.172914,
00204220_08,02042,4,1,0.445010,0.170975,
00204224_01,02042,4,1,0.399777,0.168670,
00204224_03,02042,1,1,0.264560,0.161193,
00204224_04,02042,2,1,0.577315,0.177731,
00204226_00,02042,4,1,0.419817,0.169696,
00204226_02,02042,2,1,0.841018,0.195846,
00204226_03,02042,4,1,0.719520,0.185995,
00204226_04,02042,4,1,0.438909,0.170666,
00204226_05,02042,1,1,0.470152,0.172244,
00204226_06,02042,4,1,0.393120,0.168326,
00204226_07,02042,1,1,0.749425,0.188052,
00204226_08,02042,3,0,0.610137,0.179491,
00204226_09,02042,3,1,0.315357,0.164161,
00204226_10,02042,4,1,0.432155,0.170324,
00204228_00,02042,4,1,0.494286,0.173462,
00204228_01,02042,2,1,0.434663,0.170451,
00204228_02,02042,4,1,0.410276,0.169209,
00204228_03,02042,2,1,0.355527,0.166354,
00204228_04,02042,3,1,0.341105,0.165578,
00204228_05,02042,4,1,0.345799,0.165832,
00204228_07,02042,3,1,0.590990,0.178458,
00204229_02,02042,4,1,0.267801,0.161391,
00204229_03,02042,3,1,0.451310,0.171293,
00204229_04,02042,1,1,0.332383,0.165103,
00204229_05,02042,1,0,0.383014,0.167802,
00204229_07,02042,2,1,0.306350,0.163653,
00204229_08,02042,3,0,0.586413,0.178213,
00204229_10,02042,4,1,0.537227,0.175647,
00204301_01,02043,2,1,0.476941,0.177531,
00204301_03,02043,4,1,0.484174,0.178195,
00204301_05,02043,1,1,0.241088,0.154673,
00204301_06,02043,2,1,0.252664,0.155953,
00204301_07,02043,4,1,0.666525,0.196207,
00204301_09,02043,1,1,0.284547,0.159334,
00204301_10,02043,2,0,0.197532,0.149519,
00204307_02,02043,4,1,0.471607,0.177042,
00204307_03,02043,2,1,0.489025,0.178641,
00204307_04,02043,4,0,0.510246,0.180602,
00204307_05,02043,4,1,0.475734,0.177420,
00204307_06,02043,1,0,0.235103,0.153998,
00204307_07,02043,1,1,0.165121,0.145210,
00204308_00,02043,2,1,0.456939,0.175699,
00204308_02,02043,4,1,0.536839,0.183088,
00204308_04,02043,3,1,0.668293,0.196404,
00204308_05,02043,4,1,0.477978,0.177626,
00204308_07,02043,2,1,0.370393,0.167724,
00204309_03,02043,1,1,0.324827,0.163370,
00204309_10,02043,4,1,0.740442,0.205148,
00204309_11,02043,4,1,0.846159,0.222434,
00204311_01,02043,1,1,0.401299,0.170598,
00204311_06,02043,2,0,0.411641,0.171551,
00204311_07,02043,4,0,0.317589,0.162660,
00204311_08,02043,3,1,0.006396,0.090346,
00204311_10,02043,2,1,0.499776,0.179632,
00204311_11,02043,4,1,0.393229,0.169852,
00204313_02,02043,4,1,0.509788,0.180559,
00204313_03,02043,4,1,0.503052,0.179935,
00204313_06,02043,1,1,0.347709,0.165578,
00204313_08,02043,2,0,0.466334,0.176559,
00204313_09,02043,4,0,0.498313,0.179497,
00204313_10,02043,4,1,0.000045,0.043671,
00204318_01,02043,4,0,0.535588,0.182970,
00204318_02,02043,1,1,0.265145,0.157300,
00204318_03,02043,1,1,0.373440,0.168010,
00204318_04,02043,2,1,0.466745,0.176597,
00204318_06,02043,1,1,0.220923,0.152360,
00204318_08,02043,1,1,0.260230,0.156774,
00204318_10,02043,2,1,0.651703,0.194581,
00204320_00,02043,4,1,0.320086,0.162906,
00204320_03,02043,1,1,0.354394,0.166215,
00204320_05,02043,4,0,0.461932,0.176156,
00204320_06,02043,2,1,0.529373,0.182386,
00204320_08,02043,4,1,0.334589,0.164318,
00204324_01,02043,4,1,0.503463,0.179973,
00204324_03,02043,1,1,0.186260,0.148075,
00204324_04,02043,2,1,0.497446,0.179417,
00204326_00,02043,4,1,0.500174,0.179669,
00204326_02,02043,2,1,0.498184,0.179485,
00204326_03,02043,4,0,0.517780,0.181302,
00204326_04,02043,4,1,0.645840,0.193950,
00204326_05,02043,1,1,0.353972,0.166175,
00204326_06,02043,4,1,0.003327,0.082237,
00204326_07,02043,1,1,0.278969,0.158756,
00204326_08,02043,3,1,0.648290,0.194213,
00204326_09,02043,3,0,0.498723,0.179535,
00204326_10,02043,4,1,0.448655,0.174942,
00204328_00,02043,4,1,0.474721,0.177327,
00204328_01,02043,2,0,0.437319,0.173905,
00204328_02,02043,4,0,0.709966,0.201265,
00204328_03,02043,2,1,0.828846,0.219003,
00204328_04,02043,3,1,0.378330,0.168467,
00204328_05,02043,4,1,0.602438,0.189454,
00204328_07,02043,3,1,0.000889,0.067891,
00204329_02,02043,4,1,0.692105,0.199126,
00204329_03,02043,3,1,0.000077,0.047304,
00204329_04,02043,1,1,0.247915,0.155432,
00204329_05,02043,1,1,0.427694,0.173024,
00204329_07,02043,2,1,0.329929,0.163867,
00204329_08,02043,3,0,0.797306,0.213480,
00204329_10,02043,4,1,0.569439,0.186201,
00204401_01,02044,2,1,0.434112,0.164091,
00204401_03,02044,4,1,0.528891,0.164328,
00204401_05,02044,1,0,0.464937,0.164169,
00204401_06,02044,2,1,0.468710,0.164178,
00204401_07,02044,4,1,0.292010,0.163704,
00204401_09,02044,1,1,0.435736,0.164095,
00204401_10,02044,2,1,0.508908,0.164278,
00204407_02,02044,4,1,0.424014,0.164065,
00204407_03,02044,2,1,0.521106,0.164309,
00204407_04,02044,4,1,0.518418,0.164302,
00204407_05,02044,4,1,0.511459,0.164285,
00204407_06,02044,1,1,0.494720,0.164243,
00204407_07,02044,1,1,0.561744,0.164411,
00204408_00,02044,2,0,0.423772,0.164064,
00204408_02,02044,4,1,0.582034,0.164463,
00204408_04,02044,3,1,0.093440,0.162843,
00204408_05,02044,4,1,0.539727,0.164356,
00204408_07,02044,2,1,0.320428,0.163788,
00204409_03,02044,1,1,0.651443,0.164647,
00204409_10,02044,4,1,0.482513,0.164213,
00204409_11,02044,4,1,0.282053,0.163674,
00204411_01,02044,1,0,0.571284,0.164435,
00204411_06,02044,2,0,0.444855,0.164118,
00204411_07,02044,4,0,0.432875,0.164088,
00204411_08,02044,3,1,0.959099,0.166235,
00204411_10,02044,2,1,0.511305,0.164284,
00204411_11,02044,4,1,0.295463,0.163715,
00204413_02,02044,4,1,0.552332,0.164387,
00204413_03,02044,4,1,0.535346,0.164345,
00204413_06,02044,1,1,0.571180,0.164435,
00204413_08,02044,2,1,0.421872,0.164060,
00204413_09,02044,4,1,0.521778,0.164311,
00204413_10,02044,4,1,0.002928,0.160650,
00204418_01,02044,4,0,0.526704,0.164323,
00204418_02,02044,1,1,0.409335,0.164027,
00204418_03,02044,1,1,0.433397,0.164089,
00204418_04,02044,2,0,0.400954,0.164006,
00204418_06,02044,1,1,0.330945,0.163817,
00204418_08,02044,1,1,0.590777,0.164485,
00204418_10,02044,2,1,0.512434,0.164287,
00204420_00,02044,4,1,0.395920,0.163993,
00204420_03,02044,1,1,0.571180,0.164435,
00204420_05,02044,4,1,0.440152,0.164106,
00204420_06,02044,2,1,0.528912,0.164328,
00204420_08,02044,4,1,0.429671,0.164080,
00204424_01,02044,4,1,0.290767,0.163700,
00204424_03,02044,1,1,0.499634,0.164255,
00204424_04,02044,2,1,0.474896,0.164193,
00204426_00,02044,4,1,0.574260,0.164443,
00204426_02,02044,2,1,0.264391,0.163619,
00204426_03,02044,4,1,0.529041,0.164329,
00204426_04,02044,4,0,0.602595,0.164516,
00204426_05,02044,1,0,0.710846,0.164818,
00204426_06,02044,4,0,0.400007,0.164003,
00204426_07,02044,1,1,0.347403,0.163863,
00204426_08,02044,3,1,0.602129,0.164515,
00204426_09,02044,3,1,0.134294,0.163096,
00204426_10,02044,4,1,0.398541,0.163999,
00204428_00,02044,4,1,0.514533,0.164292,
00204428_01,02044,2,1,0.442166,0.164111,
00204428_02,02044,4,1,0.450607,0.164133,
00204428_03,02044,2,1,0.385204,0.163965,
00204428_04,02044,3,1,0.087758,0.162800,
00204428_05,02044,4,1,0.300093,0.163728,
00204428_07,02044,3,0,0.152159,0.163187,
00204429_02,02044,4,1,0.443230,0.164114,
00204429_03,02044,3,1,0.053021,0.162465,
00204429_04,02044,1,1,0.556494,0.164398,
00204429_05,02044,1,1,0.498245,0.164252,
00204429_07,02044,2,1,0.487347,0.164225,
00204429_08,02044,3,0,0.897906,0.165618,
00204429_10,02044,4,1,0.514781,0.164293,
00204501_01,02045,2,1,0.726851,0.156926,
00204501_03,02045,4,0,0.634074,0.150239,
00204501_05,02045,1,1,0.370630,0.134452,
00204501_06,02045,2,1,0.684219,0.153693,
00204501_07,02045,4,1,0.072187,0.108623,
00204501_09,02045,1,0,0.310315,0.130741,
00204501_10,02045,2,0,0.009572,0.086669,
00204507_02,02045,4,1,0.610941,0.148738,
00204507_03,02045,2,1,0.531108,0.143846,
00204507_04,02045,4,1,0.645106,0.150974,
00204507_05,02045,4,1,0.615201,0.149011,
00204507_06,02045,1,1,0.422699,0.137521,
00204507_07,02045,1,0,0.294394,0.129715,
00204508_00,02045,2,1,0.670993,0.152751,
00204508_02,02045,4,1,0.323896,0.131598,
00204508_04,02045,3,0,0.555268,0.145290,
00204508_05,02045,4,0,0.654409,0.151603,
00204508_07,02045,2,0,0.652378,0.151465,
00204509_03,02045,1,1,0.469032,0.140213,
00204509_10,02045,4,0,0.217709,0.124331,
00204509_11,02045,4,0,0.227283,0.125056,
00204511_01,02045,1,1,0.573330,0.146388,
00204511_06,02045,2,1,0.525469,0.143512,
00204511_07,02045,4,1,0.458306,0.139590,
00204511_08,02045,3,0,0.589591,0.147392,
00204511_10,02045,2,0,0.586780,0.147217,
00204511_11,02045,4,0,0.192774,0.122347,
00204513_02,02045,4,1,0.584688,0.147087,
00204513_03,02045,4,1,0.554241,0.145228,
00204513_06,02045,1,1,0.549416,0.144938,
00204513_08,02045,2,1,0.665264,0.152351,
00204513_09,02045,4,0,0.620141,0.149329,
00204513_10,02045,4,1,0.007297,0.084105,
00204518_01,02045,4,1,0.605292,0.148379,
00204518_02,02045,1,0,0.331129,0.132049,
00204518_03,02045,1,0,0.490027,0.141433,
00204518_04,02045,2,1,0.697049,0.154633,
00204518_06,02045,1,1,0.450366,0.139130,
00204518_08,02045,1,1,0.244324,0.126302,
00204518_10,02045,2,1,0.528695,0.143703,
00204520_00,02045,4,1,0.182161,0.121452,
00204520_03,02045,1,1,0.557986,0.145454,
00204520_05,02045,4,1,0.459673,0.139670,
00204520_06,02045,2,1,0.582850,0.146974,
00204520_08,02045,4,1,0.504716,0.142291,
00204524_01,02045,4,0,0.521382,0.143271,
00204524_03,02045,1,1,0.384238,0.135263,
00204524_04,02045,2,1,0.564775,0.145866,
00204526_00,02045,4,1,0.364204,0.134067,
00204526_02,02045,2,1,0.658069,0.151854,
00204526_03,02045,4,0,0.602169,0.148181,
00204526_04,02045,4,0,0.196683,0.122668,
00204526_05,02045,1,1,0.315420,0.131065,
00204526_06,02045,4,0,0.339363,0.132557,
00204526_07,02045,1,1,0.279917,0.128761,
00204526_08,02045,3,1,0.778142,0.161357,
00204526_09,02045,3,1,0.415442,0.137098,
00204526_10,02045,4,0,0.199313,0.122882,
00204528_00,02045,4,1,0.361236,0.133888,
00204528_01,02045,2,0,0.746157,0.158511,
00204528_02,02045,4,0,0.632090,0.150109,
00204528_03,02045,2,1,0.673543,0.152931,
00204528_04,02045,3,1,0.431631,0.138041,
00204528_05,02045,4,1,0.483787,0.141070,
00204528_07,02045,3,1,0.260796,0.127462,
00204529_02,02045,4,1,0.584571,0.147080,
00204529_03,02045,3,1,0.141114,0.117612,
00204529_04,02045,1,1,0.533301,0.143976,
00204529_05,02045,1,1,0.522280,0.143324,
00204529_07,02045,2,1,0.558840,0.145506,
00204529_08,02045,3,1,0.571947,0.146303,
00204529_10,02045,4,1,0.389217,0.135558,
00204601_01,02046,2,1,0.552921,0.201244,
00204601_03,02046,4,1,0.503151,0.197727,
00204601_05,02046,1,1,0.390960,0.189882,
00204601_06,02046,2,1,0.235421,0.177743,
00204601_07,02046,4,1,0.540516,0.200359,
00204601_09,02046,1,1,0.358161,0.187519,
00204601_10,02046,2,1,0.554855,0.201382,
00204607_02,02046,4,1,0.510774,0.198261,
00204607_03,02046,2,1,0.565000,0.202113,
00204607_04,02046,4,1,0.470786,0.195473,
00204607_05,02046,4,1,0.500664,0.197554,
00204607_06,02046,1,0,0.530743,0.199666,
00204607_07,02046,1,0,0.804820,0.223414,
00204608_00,02046,2,0,0.455273,0.194394,
00204608_02,02046,4,1,0.429290,0.192583,
00204608_04,02046,3,1,0.529964,0.199611,
00204608_05,02046,4,1,0.541831,0.200452,
00204608_07,02046,2,1,0.402575,0.190705,
00204609_03,02046,1,1,0.477301,0.195926,
00204609_10,02046,4,1,0.521097,0.198986,
00204609_11,02046,4,1,0.531131,0.199693,
00204611_01,02046,1,0,0.456066,0.194449,
00204611_06,02046,2,1,0.888386,0.236235,
00204611_07,02046,4,1,0.468767,0.195332,
00204611_08,02046,3,1,0.569357,0.202428,
00204611_10,02046,2,1,0.602818,0.204894,
00204611_11,02046,4,1,0.570450,0.202507,
00204613_02,02046,4,1,0.445620,0.193722,
00204613_03,02046,4,1,0.538853,0.200240,
00204613_06,02046,1,1,0.506416,0.197956,
00204613_08,02046,2,1,0.412258,0.191388,
00204613_09,02046,4,0,0.581145,0.203288,
00204613_10,02046,4,1,0.086950,0.159630,
00204618_01,02046,4,1,0.496690,0.197276,
00204618_02,02046,1,1,0.522871,0.199111,
00204618_03,02046,1,1,0.426648,0.192398,
00204618_04,02046,2,1,0.496520,0.197264,
00204618_06,02046,1,1,0.388203,0.189685,
00204618_08,02046,1,1,0.382083,0.189248,
00204618_10,02046,2,1,0.603466,0.204942,
00204620_00,02046,4,1,0.462691,0.194910,
00204620_03,02046,1,1,0.440337,0.193354,
00204620_05,02046,4,0,0.442436,0.193500,
00204620_06,02046,2,0,0.016497,0.135605,
00204620_08,02046,4,1,0.479813,0.196100,
00204624_01,02046,4,1,0.563574,0.202010,
00204624_03,02046,1,0,0.408924,0.191154,
00204624_04,02046,2,1,0.546219,0.200765,
00204626_00,02046,4,1,0.470277,0.195437,
00204626_02,02046,2,1,0.414167,0.191523,
00204626_03,02046,4,0,0.516430,0.198658,
00204626_04,02046,4,1,0.567392,0.202286,
00204626_05,02046,1,0,0.413791,0.191496,
00204626_06,02046,4,1,0.740014,0.216409,
00204626_07,02046,1,1,0.283219,0.181794,
00204626_08,02046,3,1,0.675548,0.210626,
00204626_09,02046,3,1,0.458434,0.194614,
00204626_10,02046,4,0,0.422164,0.192084,
00204628_00,02046,4,1,0.371749,0.188505,
00204628_01,02046,2,1,0.468780,0.195333,
00204628_02,02046,4,0,0.664278,0.209694,
00204628_03,02046,2,0,0.552378,0.201205,
00204628_04,02046,3,1,0.408443,0.191120,
00204628_05,02046,4,1,0.509022,0.198138,
00204628_07,02046,3,1,0.560093,0.201759,
00204629_02,02046,4,1,0.526773,0.199386,
00204629_03,02046,3,0,0.587728,0.203772,
00204629_04,02046,1,1,0.593800,0.204221,
00204629_05,02046,1,1,0.432775,0.192826,
00204629_07,02046,2,1,0.466096,0.195147,
00204629_08,02046,3,1,0.461814,0.194849,
00204629_10,02046,4,1,0.467935,0.195274,
