dataset_index,speaker_id,true_tone,predicted_tone,probability_t1,probability_t2,probability_t3,probability_t4
18,SSB0005,1,4,0.170850,0.190009,0.218683,0.420458
38,SSB0005,2,4,0.153387,0.239754,0.209200,0.397659
43,SSB0005,4,4,0.098793,0.182831,0.188687,0.529688
56,SSB0005,2,3,0.100920,0.210672,0.356683,0.331725
61,SSB0005,1,4,0.168732,0.185214,0.146071,0.499983
73,SSB0005,4,4,0.137793,0.176475,0.238010,0.447722
82,SSB0005,2,4,0.098399,0.257432,0.218780,0.425389
90,SSB0338,4,4,0.099362,0.229029,0.205748,0.465860
117,SSB0338,3,3,0.090303,0.202537,0.397167,0.309993
125,SSB0338,4,4,0.068860,0.111464,0.274397,0.545280
138,SSB0338,4,4,0.145700,0.097718,0.069521,0.687060
142,SSB0338,3,2,0.051626,0.332916,0.320121,0.295337
144,SSB0338,4,4,0.122766,0.152060,0.109286,0.615888
162,SSB0338,2,3,0.164914,0.333112,0.344168,0.157806
168,SSB0338,3,4,0.112768,0.254923,0.303797,0.328512
188,SSB0338,4,4,0.088725,0.107736,0.197823,0.605716
195,SSB0012,4,4,0.176184,0.074921,0.064998,0.683897
201,SSB0012,4,4,0.230458,0.118504,0.118441,0.532597
214,SSB0012,3,2,0.128569,0.339091,0.194616,0.337724
225,SSB0012,4,4,0.192344,0.155375,0.180683,0.471598
236,SSB0012,4,4,0.111369,0.178635,0.210279,0.499718
242,SSB0012,4,4,0.232325,0.110679,0.080514,0.576483
255,SSB0012,4,4,0.179787,0.163441,0.157974,0.498798
260,SSB0012,3,4,0.145774,0.318379,0.189463,0.346384
266,SSB0012,2,2,0.116446,0.394138,0.189307,0.300109
284,SSB0005,4,4,0.213188,0.130393,0.094980,0.561439
324,SSB0005,3,3,0.099038,0.214025,0.412927,0.274010
329,SSB0005,4,4,0.163797,0.196155,0.145104,0.494944
344,SSB0005,2,4,0.105517,0.237380,0.288742,0.368362
352,SSB0005,2,2,0.194486,0.361406,0.108288,0.335820
363,SSB0005,4,4,0.139733,0.182878,0.148525,0.528864
366,SSB0005,4,4,0.155736,0.217449,0.135211,0.491604
374,SSB0339,3,2,0.119939,0.368791,0.160621,0.350650
377,SSB0339,4,4,0.102370,0.165992,0.160636,0.571003
382,SSB0339,3,4,0.130945,0.287931,0.288541,0.292583
385,SSB0339,3,4,0.109025,0.285508,0.203450,0.402017
388,SSB0339,4,4,0.077934,0.197820,0.279369,0.444877
405,SSB0339,4,4,0.121749,0.119479,0.115747,0.643024
414,SSB0339,4,2,0.169868,0.298772,0.296688,0.234672
417,SSB0339,2,4,0.178533,0.282355,0.199123,0.339989
469,SSB0339,3,3,0.071662,0.150310,0.418192,0.359836
474,SSB0339,3,3,0.172914,0.192082,0.445449,0.189555
477,SSB0339,2,2,0.197731,0.291718,0.274234,0.236317
486,SSB0339,2,4,0.132593,0.243268,0.252818,0.371320
500,SSB0339,2,4,0.122502,0.368336,0.113066,0.396096
505,SSB0339,3,2,0.160022,0.307336,0.249941,0.282702
512,SSB0339,2,4,0.146738,0.324996,0.135509,0.392758
518,SSB0339,2,4,0.114350,0.165923,0.222908,0.496818
523,SSB0339,3,4,0.182701,0.209968,0.203038,0.404294
528,SSB0339,1,4,0.145192,0.187527,0.204701,0.462581
538,SSB0339,3,3,0.132372,0.259029,0.347672,0.260928
547,SSB0339,2,4,0.106148,0.287428,0.296566,0.309859
568,SSB0339,4,4,0.108091,0.120443,0.215539,0.555927
571,SSB0339,3,4,0.122320,0.176658,0.224372,0.476650
575,SSB0339,3,3,0.057889,0.311996,0.558117,0.071999
587,SSB0339,2,4,0.110822,0.332129,0.209355,0.347695
591,SSB0339,2,4,0.116306,0.226762,0.173095,0.483837
594,SSB0339,4,4,0.121432,0.229317,0.133276,0.515975
600,SSB0339,4,4,0.176021,0.209206,0.116025,0.498748
603,SSB0339,3,4,0.110500,0.177749,0.307523,0.404228
615,SSB0339,2,4,0.103006,0.245685,0.181213,0.470096
618,SSB0339,2,4,0.190236,0.157106,0.066131,0.586528
622,SSB0339,3,4,0.108128,0.085457,0.228620,0.577796
630,SSB0339,3,4,0.124281,0.130688,0.167055,0.577977
639,SSB0339,3,4,0.150859,0.184196,0.127775,0.537171
648,SSB0339,4,4,0.135161,0.139451,0.142139,0.583249
650,SSB0339,2,3,0.112761,0.258793,0.315154,0.313292
666,SSB0339,2,3,0.131181,0.235726,0.335819,0.297274
681,SSB0339,3,3,0.096746,0.139730,0.503648,0.259875
691,SSB0339,4,4,0.171977,0.232774,0.215311,0.379938
699,SSB0339,1,4,0.182189,0.320339,0.102308,0.395165
703,SSB0339,3,4,0.141977,0.308574,0.119760,0.429689
704,SSB0339,4,4,0.265981,0.199124,0.081874,0.453022
707,SSB0339,4,4,0.139809,0.258152,0.174497,0.427541
711,SSB0339,4,4,0.115880,0.188366,0.093831,0.601923
716,SSB0339,4,4,0.139272,0.125833,0.186387,0.548509
728,SSB0339,4,4,0.156937,0.115628,0.181094,0.546341
750,SSB0339,4,4,0.156488,0.171283,0.041435,0.630793
757,SSB0339,4,4,0.130515,0.181999,0.152462,0.535025
760,SSB0339,2,4,0.180197,0.215787,0.199299,0.404717
764,SSB0339,1,4,0.146997,0.239281,0.131065,0.482657
780,SSB0339,4,4,0.148352,0.239219,0.295443,0.316986
790,SSB0339,4,4,0.210913,0.192938,0.059272,0.536878
793,SSB0339,2,4,0.123075,0.325146,0.134231,0.417549
821,SSB0339,4,4,0.114409,0.155155,0.144901,0.585535
826,SSB0339,3,3,0.164748,0.220161,0.317205,0.297886
830,SSB0339,1,4,0.167550,0.131018,0.120791,0.580641
865,SSB0339,3,4,0.176553,0.113049,0.049664,0.660734
877,SSB0339,2,4,0.121889,0.183257,0.291517,0.403337
886,SSB0339,2,2,0.185826,0.311847,0.207891,0.294436
904,SSB0339,3,4,0.104335,0.174679,0.247468,0.473518
919,SSB0339,3,4,0.120374,0.180368,0.165135,0.534123
926,SSB0341,4,4,0.111822,0.206683,0.196662,0.484833
933,SSB0341,4,4,0.195080,0.182562,0.097421,0.524937
936,SSB0341,3,3,0.057893,0.265161,0.447028,0.229918
940,SSB0341,2,4,0.121380,0.232885,0.316230,0.329505
949,SSB0341,1,4,0.178213,0.155340,0.161546,0.504902
959,SSB0341,2,4,0.155093,0.304770,0.181028,0.359109
978,SSB0341,4,4,0.101571,0.213776,0.256995,0.427658
983,SSB0341,1,4,0.148531,0.250892,0.146163,0.454414
985,SSB0341,3,2,0.293870,0.419779,0.181910,0.104441
990,SSB0341,2,2,0.169457,0.433619,0.308053,0.088871
997,SSB0341,4,4,0.134344,0.150532,0.044805,0.670319
999,SSB0341,3,3,0.080225,0.207877,0.398777,0.313121
1011,SSB0341,4,4,0.153108,0.123170,0.080080,0.643641
1013,SSB0341,3,4,0.089587,0.068774,0.252400,0.589239
1019,SSB0012,2,2,0.147151,0.410068,0.113305,0.329476
1040,SSB0012,2,4,0.172104,0.186931,0.104100,0.536865
1044,SSB0012,4,4,0.154199,0.260389,0.144814,0.440598
1050,SSB0012,1,4,0.219607,0.278022,0.080742,0.421628
1057,SSB0012,4,4,0.155597,0.141903,0.192732,0.509768
1063,SSB0012,3,2,0.154439,0.406262,0.094051,0.345248
1100,SSB0012,4,4,0.139445,0.223644,0.112427,0.524485
1116,SSB0012,1,4,0.243881,0.171023,0.093947,0.491148
1122,SSB0012,4,4,0.096558,0.128162,0.340965,0.434315
1129,SSB0012,3,4,0.144369,0.207670,0.190850,0.457112
1157,SSB0012,2,2,0.123146,0.489070,0.081998,0.305786
1162,SSB0012,4,4,0.119615,0.207299,0.166086,0.506999
1196,SSB0012,2,2,0.088572,0.382642,0.254122,0.274664
1212,SSB0012,3,3,0.090047,0.285970,0.386163,0.237820
1216,SSB0012,4,4,0.191292,0.165422,0.100371,0.542916
1217,SSB0012,2,3,0.085872,0.322498,0.385537,0.206093
1218,SSB0012,3,3,0.141455,0.146173,0.367173,0.345199
1221,SSB0012,4,4,0.234543,0.101407,0.115277,0.548773
1235,SSB0012,4,4,0.138292,0.180369,0.100224,0.581116
1243,SSB0012,4,4,0.188278,0.112950,0.091787,0.606985
1251,SSB0012,4,4,0.143652,0.283048,0.103187,0.470113
1256,SSB0012,4,4,0.183556,0.128830,0.165710,0.521903
1265,SSB0012,3,3,0.060523,0.285665,0.448320,0.205492
1270,SSB0012,3,3,0.116387,0.226670,0.354243,0.302699
1278,SSB0012,3,4,0.182048,0.196254,0.173579,0.448119
1283,SSB0012,4,4,0.144877,0.344367,0.109779,0.400977
1286,SSB0012,2,4,0.193684,0.203370,0.103537,0.499408
1294,SSB0016,3,3,0.167265,0.211158,0.314965,0.306612
1303,SSB0016,3,3,0.112227,0.226035,0.346727,0.315012
1306,SSB0016,3,4,0.098275,0.152765,0.274805,0.474155
1314,SSB0016,4,4,0.106758,0.149932,0.259859,0.483451
1337,SSB0016,3,3,0.057253,0.231096,0.446984,0.264666
1351,SSB0016,4,4,0.107496,0.168855,0.147989,0.575660
1355,SSB0016,4,4,0.093883,0.131334,0.101215,0.673568
1365,SSB0016,4,4,0.179009,0.112012,0.249495,0.459484
1376,SSB0016,4,4,0.164027,0.200658,0.117518,0.517797
1416,SSB0016,4,4,0.128684,0.224253,0.171624,0.475439
1426,SSB0016,4,4,0.100964,0.271630,0.164274,0.463132
1437,SSB0016,4,4,0.103526,0.162113,0.152704,0.581658
1439,SSB0016,4,4,0.166233,0.225537,0.135506,0.472724
1446,SSB0016,1,4,0.047912,0.183408,0.293339,0.475341
1455,SSB0016,4,4,0.120104,0.223626,0.134412,0.521859
1469,SSB0016,4,4,0.142031,0.197437,0.152659,0.507873
1471,SSB0016,2,4,0.134289,0.358258,0.133848,0.373605
1477,SSB0016,3,4,0.118369,0.181270,0.292724,0.407638
1480,SSB0016,2,4,0.151825,0.208405,0.177147,0.462623
1486,SSB0016,4,4,0.205668,0.205793,0.226625,0.361913
1515,SSB0016,3,4,0.096457,0.336808,0.204256,0.362479
1518,SSB0016,2,3,0.122224,0.298923,0.322717,0.256136
1527,SSB0016,3,4,0.136635,0.275470,0.144787,0.443109
1543,SSB0016,2,2,0.142425,0.390368,0.188651,0.278556
1550,SSB0016,4,4,0.120543,0.188073,0.192578,0.498806
1558,SSB0016,1,4,0.124814,0.218629,0.132876,0.523681
1565,SSB0016,4,4,0.130156,0.202319,0.136609,0.530916
1571,SSB0016,4,4,0.192080,0.231770,0.166411,0.409739
1578,SSB0016,2,4,0.146148,0.237621,0.213949,0.402283
1583,SSB0016,1,4,0.162846,0.205509,0.168218,0.463427
1593,SSB0016,3,3,0.126400,0.239888,0.392118,0.241594
1597,SSB0016,3,4,0.090435,0.289232,0.239767,0.380566
1601,SSB0016,1,4,0.130763,0.165979,0.184936,0.518322
1610,SSB0016,2,4,0.117819,0.296153,0.257095,0.328933
1622,SSB0016,3,3,0.069079,0.280140,0.355467,0.295314
1625,SSB0016,4,4,0.089205,0.196194,0.236213,0.478388
1648,SSB0016,4,4,0.136480,0.211111,0.148336,0.504073
1651,SSB0016,4,4,0.137728,0.185670,0.160800,0.515803
1672,SSB0016,4,4,0.156670,0.116803,0.071563,0.654964
1676,SSB0016,2,2,0.165211,0.392654,0.210135,0.232001
1682,SSB0038,4,4,0.150748,0.241608,0.224382,0.383261
1684,SSB0038,3,3,0.101962,0.271306,0.318147,0.308585
1689,SSB0038,3,4,0.081419,0.273051,0.307479,0.338052
1697,SSB0038,2,4,0.131540,0.302973,0.102545,0.462942
1699,SSB0038,4,4,0.134965,0.239178,0.191265,0.434592
1704,SSB0038,4,4,0.104595,0.138325,0.221612,0.535467
1723,SSB0038,4,4,0.150723,0.135371,0.110819,0.603087
1731,SSB0038,3,3,0.116357,0.131417,0.436422,0.315805
1742,SSB0038,4,4,0.164663,0.232443,0.154727,0.448167
1745,SSB0038,1,4,0.230300,0.320814,0.117734,0.331151
1748,SSB0038,4,4,0.111936,0.172447,0.227099,0.488518
1754,SSB0038,2,2,0.164700,0.297467,0.256995,0.280839
1771,SSB0038,1,4,0.169089,0.222655,0.198290,0.409966
1784,SSB0038,4,4,0.129355,0.218241,0.113273,0.539131
1787,SSB0038,3,3,0.080781,0.276783,0.341217,0.301219
1793,SSB0038,4,4,0.134098,0.194685,0.144777,0.526440
1802,SSB0038,1,4,0.152325,0.150657,0.119235,0.577782
1805,SSB0038,4,4,0.116374,0.211133,0.210178,0.462316
1823,SSB0038,4,4,0.193299,0.155470,0.128270,0.522960
1831,SSB0038,4,4,0.135872,0.247965,0.124646,0.491517
1833,SSB0038,4,4,0.106411,0.207711,0.118112,0.567766
1841,SSB0038,4,4,0.091382,0.283757,0.173491,0.451370
1863,SSB0038,1,4,0.146792,0.264874,0.154361,0.433973
1865,SSB0038,4,4,0.119741,0.219078,0.128718,0.532462
1879,SSB0038,3,4,0.159580,0.309341,0.220992,0.310087
1902,SSB0005,4,4,0.142683,0.175858,0.252065,0.429394
1907,SSB0005,4,4,0.156919,0.173065,0.196576,0.473441
1917,SSB0005,4,4,0.156217,0.184565,0.152290,0.506928
1962,SSB0005,4,4,0.121358,0.156764,0.067887,0.653991
1965,SSB0005,4,4,0.145557,0.200850,0.262929,0.390664
1971,SSB0005,1,4,0.141348,0.240791,0.171005,0.446856
1989,SSB0038,1,4,0.234562,0.275249,0.123240,0.366948
2000,SSB0038,4,4,0.102951,0.251290,0.143268,0.502491
2011,SSB0038,4,4,0.117773,0.224268,0.171471,0.486488
2016,SSB0038,4,4,0.205029,0.172038,0.150279,0.472654
2019,SSB0038,4,4,0.106577,0.173344,0.137273,0.582807
2023,SSB0038,3,3,0.146980,0.203739,0.459025,0.190256
2034,SSB0038,1,4,0.287106,0.181852,0.113823,0.417219
2042,SSB0038,1,4,0.183571,0.157666,0.142642,0.516122
2078,SSB0038,4,4,0.179903,0.167609,0.132090,0.520398
2089,SSB0043,3,3,0.075128,0.255475,0.396555,0.272842
2091,SSB0043,2,3,0.063420,0.296576,0.371701,0.268303
2097,SSB0043,3,4,0.057031,0.255112,0.319481,0.368376
2105,SSB0043,2,2,0.125993,0.359958,0.176696,0.337353
2113,SSB0043,4,4,0.134978,0.194660,0.137855,0.532506
2117,SSB0043,2,4,0.138544,0.229927,0.245291,0.386237
2144,SSB0043,3,3,0.105790,0.234715,0.380450,0.279045
2148,SSB0043,2,4,0.145601,0.278200,0.282889,0.293310
2153,SSB0043,3,2,0.083760,0.368680,0.279877,0.267683
2165,SSB0043,2,2,0.159197,0.343781,0.164581,0.332441
2217,SSB0043,3,3,0.100116,0.228137,0.396298,0.275450
2224,SSB0043,3,2,0.111700,0.472806,0.212002,0.203491
2229,SSB0043,3,3,0.081293,0.226385,0.408655,0.283668
2231,SSB0043,4,4,0.103292,0.229663,0.193308,0.473737
2249,SSB0043,2,4,0.215549,0.262281,0.186817,0.335353
2254,SSB0043,1,4,0.281298,0.236017,0.150734,0.331951
2262,SSB0043,3,4,0.119575,0.331402,0.185309,0.363714
2265,SSB0043,4,4,0.127480,0.122547,0.108957,0.641016
2268,SSB0043,4,4,0.107219,0.164024,0.153758,0.574999
2270,SSB0043,2,3,0.121606,0.288421,0.311125,0.278848
2271,SSB0043,3,2,0.140863,0.362663,0.340290,0.156183
2293,SSB0043,2,4,0.085351,0.216357,0.323523,0.374769
2311,SSB0043,4,4,0.155836,0.148405,0.204233,0.491526
2332,SSB0043,2,4,0.097415,0.224128,0.158415,0.520042
2340,SSB0043,2,4,0.161918,0.285036,0.147403,0.405643
2344,SSB0043,4,4,0.099415,0.174608,0.154597,0.571379
2359,SSB0043,3,3,0.073255,0.228008,0.462501,0.236236
2372,SSB0043,1,4,0.118528,0.250947,0.187202,0.443323
2381,SSB0043,3,4,0.101470,0.179388,0.239724,0.479418
2399,SSB0043,2,2,0.176972,0.369847,0.142461,0.310720
2405,SSB0043,3,4,0.099480,0.291383,0.286357,0.322780
2412,SSB0057,4,4,0.143394,0.206900,0.236246,0.413460
2421,SSB0057,4,4,0.145700,0.079122,0.146476,0.628702
2429,SSB0057,4,4,0.134567,0.118765,0.136801,0.609868
2433,SSB0057,2,4,0.160240,0.316682,0.177877,0.345200
2440,SSB0057,1,4,0.242539,0.269708,0.179753,0.308000
2486,SSB0005,2,3,0.178838,0.276623,0.293669,0.250870
2495,SSB0005,2,4,0.164132,0.191600,0.205391,0.438877
2514,SSB0005,4,4,0.162257,0.136574,0.326555,0.374614
2537,SSB0005,4,4,0.139663,0.148296,0.172806,0.539235
2555,SSB0057,2,4,0.152703,0.230982,0.229343,0.386972
2566,SSB0057,1,4,0.183338,0.221123,0.123152,0.472388
2568,SSB0057,4,4,0.166341,0.146705,0.054681,0.632273
2583,SSB0057,4,4,0.132329,0.164526,0.243565,0.459580
2590,SSB0057,2,4,0.181384,0.171233,0.185492,0.461890
2597,SSB0073,4,4,0.115182,0.219194,0.099401,0.566223
2601,SSB0073,4,4,0.171742,0.144040,0.214799,0.469420
2605,SSB0073,2,4,0.110223,0.273100,0.232798,0.383879
2611,SSB0073,4,4,0.108985,0.202639,0.150544,0.537832
2613,SSB0073,4,4,0.174599,0.255990,0.194310,0.375102
2618,SSB0073,4,4,0.109330,0.130160,0.285323,0.475187
2635,SSB0073,4,4,0.196665,0.173500,0.107494,0.522341
2637,SSB0073,3,4,0.108190,0.182827,0.237142,0.471841
2639,SSB0073,4,4,0.118927,0.128785,0.182711,0.569578
2641,SSB0073,3,4,0.118278,0.250942,0.308917,0.321863
2660,SSB0073,2,4,0.217146,0.231881,0.165145,0.385827
2677,SSB0073,2,4,0.097805,0.241991,0.249397,0.410807
2688,SSB0073,2,4,0.168131,0.242433,0.268363,0.321073
2700,SSB0073,2,4,0.152351,0.168668,0.161871,0.517110
2721,SSB0073,3,4,0.119222,0.283831,0.270640,0.326307
2723,SSB0073,3,4,0.151938,0.193865,0.324704,0.329493
2727,SSB0073,1,4,0.283120,0.184514,0.142203,0.390163
2730,SSB0073,4,4,0.139850,0.157690,0.206290,0.496170
2738,SSB0073,2,4,0.111167,0.184808,0.136750,0.567274
2751,SSB0073,3,3,0.100232,0.271771,0.353722,0.274275
2755,SSB0073,1,4,0.170537,0.188395,0.317076,0.323992
2757,SSB0073,4,4,0.138122,0.152746,0.133610,0.575522
2762,SSB0073,4,4,0.148951,0.163430,0.174593,0.513026
2767,SSB0073,4,4,0.141625,0.158108,0.130226,0.570040
2787,SSB0073,4,4,0.230267,0.191322,0.114615,0.463795
2791,SSB0073,1,4,0.264014,0.174290,0.183165,0.378531
2793,SSB0073,1,4,0.258675,0.188560,0.122953,0.429812
2809,SSB0073,4,4,0.133419,0.153582,0.148610,0.564389
2819,SSB0073,2,4,0.127274,0.276118,0.231667,0.364941
2823,SSB0073,2,4,0.102113,0.228840,0.145232,0.523815
2852,SSB0073,1,4,0.223561,0.209963,0.194262,0.372214
2854,SSB0073,1,4,0.234861,0.245434,0.138533,0.381172
2857,SSB0073,4,4,0.086520,0.130169,0.147740,0.635570
2888,SSB0073,4,4,0.117311,0.145347,0.174942,0.562399
2901,SSB0073,4,4,0.148392,0.134292,0.198991,0.518325
2907,SSB0073,4,4,0.093896,0.118616,0.250246,0.537242
2919,SSB0073,2,4,0.121124,0.299922,0.200258,0.378695
2926,SSB0073,4,4,0.158729,0.181733,0.190723,0.468815
2931,SSB0073,1,4,0.159710,0.210209,0.174634,0.455447
2949,SSB0073,2,3,0.144997,0.255057,0.326456,0.273490
2963,SSB0073,1,4,0.162707,0.124733,0.109251,0.603310
2969,SSB0073,1,4,0.252758,0.223766,0.210078,0.313397
2973,SSB0073,2,4,0.214225,0.257606,0.194523,0.333646
2975,SSB0073,4,4,0.116154,0.146925,0.128374,0.608546
2982,SSB0073,2,4,0.109323,0.242478,0.297241,0.350957
2988,SSB0073,4,4,0.139128,0.099580,0.160598,0.600694
2991,SSB0073,2,4,0.201535,0.277761,0.226888,0.293816
2995,SSB0073,1,4,0.213397,0.164821,0.148610,0.473172
3027,SSB0122,2,4,0.137293,0.325844,0.138523,0.398340
3033,SSB0122,4,4,0.179415,0.228216,0.085236,0.507132
3048,SSB0122,4,4,0.136794,0.299843,0.093121,0.470242
3069,SSB0122,4,4,0.109623,0.154099,0.178859,0.557419
3073,SSB0122,1,4,0.170926,0.225292,0.207566,0.396215
3092,SSB0122,1,4,0.210164,0.298852,0.080341,0.410642
3099,SSB0122,1,2,0.281108,0.297865,0.185887,0.235141
3104,SSB0122,3,3,0.060715,0.287853,0.456136,0.195296
3107,SSB0122,4,4,0.122494,0.190830,0.226719,0.459958
3122,SSB0122,4,4,0.104138,0.280897,0.092051,0.522914
3127,SSB0122,4,4,0.114698,0.187566,0.144449,0.553286
3144,SSB0005,2,4,0.129428,0.201914,0.160410,0.508248
3153,SSB0005,1,4,0.177809,0.173749,0.120064,0.528379
3164,SSB0005,1,4,0.203376,0.232391,0.150388,0.413845
3166,SSB0005,1,4,0.223484,0.173918,0.147544,0.455054
3170,SSB0005,4,4,0.170846,0.163920,0.217336,0.447897
3172,SSB0005,2,4,0.133573,0.282741,0.291100,0.292587
3174,SSB0005,3,4,0.100112,0.183284,0.354935,0.361669
3177,SSB0005,1,4,0.200225,0.160357,0.089797,0.549621
3189,SSB0005,4,4,0.123276,0.196910,0.153484,0.526330
3192,SSB0005,4,4,0.140614,0.193827,0.207189,0.458371
3199,SSB0005,2,4,0.166806,0.202984,0.220313,0.409897
3209,SSB0005,1,4,0.222836,0.175578,0.091403,0.510182
3220,SSB0011,4,4,0.088930,0.208135,0.257676,0.445259
3235,SSB0011,2,3,0.161344,0.226804,0.308034,0.303818
3242,SSB0011,4,4,0.107852,0.098949,0.208807,0.584392
3262,SSB0122,1,4,0.264513,0.109545,0.082175,0.543766
3279,SSB0122,1,4,0.144482,0.131704,0.107482,0.616332
3285,SSB0122,4,4,0.140720,0.182041,0.149111,0.528129
3305,SSB0122,1,4,0.180125,0.136769,0.235906,0.447201
3310,SSB0145,2,4,0.118667,0.244455,0.203018,0.433860
3331,SSB0145,4,3,0.105487,0.217359,0.357299,0.319855
3335,SSB0145,2,2,0.186191,0.425397,0.081532,0.306880
3338,SSB0145,4,4,0.229310,0.148875,0.124995,0.496820
3346,SSB0145,4,4,0.096350,0.219216,0.128439,0.555995
3351,SSB0145,1,2,0.101077,0.396827,0.233004,0.269092
3371,SSB0145,3,4,0.111781,0.257501,0.220803,0.409915
3385,SSB0145,4,4,0.128368,0.182973,0.163112,0.525547
3392,SSB0145,4,4,0.134845,0.248967,0.084070,0.532118
3397,SSB0145,1,2,0.269132,0.302665,0.153712,0.274491
3404,SSB0145,2,4,0.156095,0.290079,0.252935,0.300891
3421,SSB0145,4,4,0.069454,0.183163,0.144959,0.602423
3440,SSB0145,2,2,0.129730,0.373502,0.211606,0.285162
3448,SSB0145,1,4,0.169674,0.192124,0.126428,0.511773
3452,SSB0145,4,4,0.214453,0.153382,0.179120,0.453045
3454,SSB0145,4,4,0.148695,0.137916,0.086640,0.626750
3459,SSB0145,3,4,0.123274,0.301503,0.151082,0.424141
3462,SSB0145,4,4,0.110118,0.216220,0.162646,0.511017
3499,SSB0145,4,1,0.365426,0.294722,0.056171,0.283681
3509,SSB0145,3,2,0.088672,0.340689,0.295032,0.275608
3512,SSB0145,4,4,0.102438,0.094746,0.300004,0.502813
3519,SSB0145,2,4,0.108786,0.248929,0.294600,0.347685
3526,SSB0145,2,4,0.124226,0.288344,0.220394,0.367037
3529,SSB0145,2,2,0.183611,0.324227,0.282518,0.209644
3538,SSB0145,3,4,0.121799,0.132198,0.148943,0.597060
3549,SSB0145,4,4,0.147282,0.126187,0.102035,0.624496
3554,SSB0145,2,2,0.161495,0.313181,0.264853,0.260471
3573,SSB0145,4,4,0.129300,0.210340,0.080313,0.580047
3574,SSB0145,2,4,0.168997,0.288071,0.203965,0.338967
3579,SSB0145,2,4,0.242262,0.149818,0.113244,0.494676
3584,SSB0145,4,4,0.085757,0.209575,0.168580,0.536089
3588,SSB0145,2,4,0.077509,0.238000,0.112573,0.571917
3596,SSB0145,4,4,0.127556,0.064320,0.098651,0.709473
3611,SSB0145,4,4,0.129694,0.148392,0.184484,0.537430
3624,SSB0145,4,4,0.232800,0.242578,0.179664,0.344959
3634,SSB0145,4,4,0.194081,0.129502,0.134824,0.541593
3638,SSB0145,2,4,0.128853,0.203297,0.206413,0.461436
3659,SSB0145,3,4,0.132290,0.173835,0.207845,0.486030
3666,SSB0145,4,4,0.164150,0.091055,0.135733,0.609063
3671,SSB0145,4,4,0.131738,0.090366,0.163915,0.613981
3703,SSB0145,4,4,0.206092,0.162124,0.294291,0.337493
3708,SSB0145,2,4,0.132846,0.142893,0.138745,0.585516
3721,SSB0145,4,4,0.119204,0.205318,0.168136,0.507342
3724,SSB0145,4,4,0.131459,0.244109,0.097829,0.526603
3738,SSB0145,2,4,0.201687,0.225457,0.144669,0.428187
3750,SSB0145,2,4,0.166370,0.320807,0.170341,0.342482
3773,SSB0200,4,4,0.185706,0.098906,0.026423,0.688965
3779,SSB0200,3,4,0.074542,0.239275,0.282007,0.404176
3809,SSB0200,3,2,0.104270,0.369729,0.308728,0.217273
3813,SSB0200,2,2,0.148929,0.370361,0.298247,0.182463
3837,SSB0200,2,2,0.062724,0.608555,0.245103,0.083618
3845,SSB0200,4,4,0.153748,0.281766,0.255828,0.308658
3852,SSB0200,3,2,0.099009,0.489062,0.220355,0.191575
3857,SSB0200,2,3,0.068128,0.283010,0.357161,0.291701
3865,SSB0200,4,4,0.150063,0.169042,0.167724,0.513170
3885,SSB0200,2,4,0.115247,0.143580,0.346279,0.394893
3888,SSB0200,4,4,0.174058,0.188232,0.123725,0.513985
3893,SSB0200,1,4,0.143853,0.127561,0.156558,0.572029
3897,SSB0200,4,4,0.095286,0.256251,0.213601,0.434862
3900,SSB0200,2,4,0.154360,0.282357,0.144196,0.419087
3909,SSB0200,1,4,0.266808,0.166279,0.106601,0.460313
3916,SSB0200,2,2,0.232146,0.361632,0.110121,0.296101
3941,SSB0200,4,2,0.167142,0.355225,0.159507,0.318126
3947,SSB0200,3,4,0.228011,0.183268,0.146150,0.442571
3957,SSB0200,4,4,0.130313,0.168986,0.170623,0.530077
3976,SSB0200,3,4,0.266342,0.184178,0.150469,0.399010
4001,SSB0241,4,4,0.168352,0.152300,0.069849,0.609499
4006,SSB0241,4,4,0.111079,0.123511,0.227839,0.537571
4011,SSB0241,1,4,0.148146,0.260086,0.171997,0.419771
4037,SSB0241,3,4,0.111129,0.155734,0.203124,0.530013
4049,SSB0011,4,4,0.159268,0.151486,0.109145,0.580102
4051,SSB0011,1,4,0.132811,0.170095,0.240236,0.456857
4066,SSB0011,4,4,0.186826,0.182513,0.080330,0.550330
4074,SSB0011,2,2,0.159091,0.340900,0.236993,0.263015
4077,SSB0011,4,4,0.099511,0.217930,0.159765,0.522793
4092,SSB0011,4,4,0.212840,0.119332,0.159132,0.508696
4098,SSB0011,4,4,0.133173,0.141980,0.157843,0.567004
4109,SSB0241,2,4,0.078556,0.279110,0.263085,0.379248
4110,SSB0241,1,4,0.214873,0.245110,0.145481,0.394536
4116,SSB0241,1,4,0.127137,0.207713,0.139026,0.526125
4126,SSB0241,4,4,0.134111,0.179690,0.177139,0.509060
4133,SSB0241,2,4,0.206999,0.258015,0.199292,0.335695
4137,SSB0241,4,4,0.100845,0.176517,0.189492,0.533146
4147,SSB0241,3,3,0.173087,0.184211,0.378048,0.264654
4160,SSB0241,2,4,0.209940,0.218891,0.224766,0.346403
4176,SSB0241,4,4,0.130421,0.266216,0.223829,0.379535
4181,SSB0241,4,4,0.093358,0.144876,0.182948,0.578818
4183,SSB0241,4,4,0.187094,0.091393,0.107368,0.614145
4191,SSB0241,4,4,0.109045,0.202234,0.218636,0.470085
4194,SSB0241,2,2,0.075374,0.351016,0.240964,0.332647
4196,SSB0241,2,4,0.202499,0.203297,0.094234,0.499971
4221,SSB0241,4,4,0.124990,0.120025,0.158963,0.596022
4226,SSB0241,4,4,0.136300,0.150386,0.147347,0.565967
4235,SSB0241,2,4,0.137250,0.209347,0.265058,0.388345
4247,SSB0241,4,4,0.143862,0.153462,0.056601,0.646075
4266,SSB0241,3,3,0.121222,0.204502,0.374491,0.299785
4287,SSB0241,4,4,0.161252,0.194827,0.129064,0.514856
4291,SSB0241,4,4,0.129504,0.286655,0.136409,0.447432
4310,SSB0241,4,4,0.129835,0.254212,0.304111,0.311843
4314,SSB0241,4,4,0.100131,0.224456,0.220598,0.454816
4326,SSB0241,4,4,0.155600,0.224678,0.183229,0.436493
4344,SSB0241,3,4,0.098236,0.190309,0.328638,0.382817
4349,SSB0241,4,3,0.055627,0.158444,0.442771,0.343158
4364,SSB0241,2,4,0.188632,0.261862,0.152138,0.397368
4395,SSB0241,2,4,0.189446,0.299261,0.139036,0.372257
4408,SSB0241,4,4,0.095021,0.146667,0.171473,0.586839
4419,SSB0241,1,4,0.152620,0.150942,0.123640,0.572799
4422,SSB0241,1,4,0.109287,0.153043,0.118764,0.618905
4423,SSB0241,1,4,0.125335,0.116994,0.173273,0.584398
4428,SSB0241,3,4,0.152218,0.189248,0.219567,0.438967
4439,SSB0241,2,2,0.140993,0.362477,0.138116,0.358415
4447,SSB0241,2,2,0.145678,0.343874,0.190554,0.319894
4451,SSB0241,3,4,0.137461,0.207752,0.287473,0.367314
4464,SSB0241,2,2,0.152245,0.353246,0.152546,0.341964
4492,SSB0241,2,2,0.188521,0.396704,0.163079,0.251697
4496,SSB0241,2,2,0.136377,0.349005,0.171251,0.343368
4503,SSB0241,4,4,0.115458,0.249568,0.115013,0.519961
4505,SSB0241,4,4,0.175258,0.170864,0.111239,0.542639
4520,SSB0241,3,3,0.087245,0.141372,0.409702,0.361681
4541,SSB0241,2,4,0.105597,0.211466,0.182813,0.500123
4548,SSB0241,4,4,0.149652,0.162390,0.243871,0.444087
4552,SSB0241,2,4,0.122533,0.245477,0.186388,0.445601
4556,SSB0241,4,4,0.165196,0.179841,0.142291,0.512672
4558,SSB0241,3,3,0.132359,0.241370,0.349060,0.277211
4560,SSB0241,4,4,0.131353,0.252197,0.216044,0.400405
4579,SSB0241,4,4,0.145214,0.084203,0.083063,0.687521
4583,SSB0241,4,4,0.100695,0.075872,0.193165,0.630268
4591,SSB0241,4,4,0.086171,0.124318,0.119095,0.670416
4600,SSB0241,2,2,0.141961,0.408738,0.153104,0.296197
4615,SSB0241,3,4,0.145044,0.249587,0.187499,0.417870
4619,SSB0241,1,4,0.212042,0.206834,0.128646,0.452478
4624,SSB0241,2,4,0.193272,0.287563,0.177276,0.341889
4639,SSB0241,1,4,0.138971,0.172815,0.140570,0.547643
4674,SSB0241,2,4,0.167787,0.281688,0.101792,0.448734
4683,SSB0241,1,4,0.141479,0.183155,0.312755,0.362612
4688,SSB0241,4,4,0.139518,0.169373,0.109403,0.581706
4694,SSB0241,1,4,0.175755,0.201700,0.154129,0.468416
4701,SSB0241,4,4,0.093167,0.223290,0.160181,0.523362
4708,SSB0261,4,4,0.115228,0.295688,0.119338,0.469746
4710,SSB0261,4,4,0.121403,0.223684,0.190184,0.464730
4724,SSB0261,3,4,0.123968,0.354099,0.160844,0.361089
4726,SSB0261,1,4,0.170518,0.277605,0.258183,0.293694
4735,SSB0261,3,4,0.120654,0.263129,0.260952,0.355264
4738,SSB0261,4,4,0.159514,0.244803,0.157455,0.438228
4741,SSB0261,3,3,0.063998,0.280154,0.375601,0.280247
4746,SSB0261,4,4,0.196185,0.239328,0.138971,0.425516
4756,SSB0261,4,4,0.092151,0.229054,0.179425,0.499371
4767,SSB0261,4,4,0.146383,0.203289,0.200678,0.449650
4783,SSB0261,2,2,0.176995,0.342538,0.161609,0.318858
4805,SSB0261,4,4,0.155737,0.151913,0.113734,0.578616
4839,SSB0261,2,2,0.157145,0.369464,0.178819,0.294572
4841,SSB0261,2,2,0.271852,0.451328,0.083650,0.193170
4856,SSB0261,1,4,0.214942,0.206570,0.199333,0.379154
4877,SSB0261,4,4,0.123194,0.246426,0.243674,0.386706
4882,SSB0261,4,4,0.089924,0.163044,0.206363,0.540669
4896,SSB0261,3,4,0.095853,0.216092,0.292259,0.395796
4900,SSB0261,4,4,0.155272,0.219298,0.130332,0.495099
4909,SSB0261,1,4,0.112605,0.248241,0.148629,0.490525
4921,SSB0261,3,4,0.125591,0.295268,0.233993,0.345148
4923,SSB0261,3,3,0.084483,0.269397,0.416164,0.229956
4931,SSB0261,1,4,0.150167,0.280602,0.144744,0.424488
4934,SSB0261,3,4,0.256624,0.158981,0.154502,0.429893
4942,SSB0261,4,4,0.101874,0.140193,0.167595,0.590338
4959,SSB0261,4,4,0.134334,0.292412,0.129612,0.443642
4967,SSB0261,4,4,0.160546,0.216017,0.156395,0.467041
4971,SSB0261,2,4,0.153784,0.215289,0.121302,0.509625
4992,SSB0261,2,3,0.137240,0.275205,0.324219,0.263336
5014,SSB0261,1,4,0.176262,0.254927,0.155753,0.413059
5027,SSB0261,4,4,0.108017,0.170607,0.106775,0.614600
5044,SSB0261,4,4,0.154214,0.213532,0.196356,0.435898
5065,SSB0261,4,4,0.086621,0.115368,0.058033,0.739978
5073,SSB0261,2,4,0.104040,0.205206,0.180645,0.510108
5105,SSB0261,3,3,0.057350,0.311252,0.348988,0.282410
5107,SSB0261,1,4,0.147759,0.259939,0.159255,0.433047
5115,SSB0261,4,4,0.265642,0.103198,0.138050,0.493109
5118,SSB0261,3,4,0.109658,0.280296,0.175280,0.434765
5129,SSB0261,1,4,0.138411,0.283795,0.176923,0.400871
5132,SSB0261,3,4,0.059856,0.320374,0.264430,0.355341
5139,SSB0261,2,4,0.106431,0.309329,0.204493,0.379747
5146,SSB0261,4,4,0.124633,0.198476,0.151522,0.525369
5164,SSB0261,3,4,0.129784,0.235202,0.144013,0.491001
5168,SSB0261,4,4,0.175329,0.176490,0.107985,0.540197
5171,SSB0261,4,4,0.216856,0.225172,0.091420,0.466551
5181,SSB0261,2,2,0.128093,0.348223,0.240260,0.283424
5186,SSB0261,4,4,0.106351,0.202602,0.318706,0.372341
5188,SSB0261,3,4,0.065874,0.233447,0.334633,0.366047
5194,SSB0261,2,2,0.169028,0.494282,0.103301,0.233389
5201,SSB0261,4,4,0.086542,0.156440,0.112508,0.644510
5211,SSB0261,2,2,0.067171,0.399805,0.324369,0.208655
5218,SSB0261,4,4,0.169048,0.158149,0.140270,0.532532
5250,SSB0261,4,4,0.099855,0.155358,0.155864,0.588924
5252,SSB0261,3,4,0.129106,0.359037,0.131780,0.380077
5260,SSB0261,3,4,0.136631,0.259564,0.294324,0.309482
5275,SSB0261,2,2,0.161559,0.388743,0.194320,0.255379
5278,SSB0261,2,2,0.171998,0.366001,0.098602,0.363398
5286,SSB0261,3,4,0.125448,0.340979,0.136081,0.397491
5305,SSB0267,3,4,0.096197,0.245521,0.314514,0.343769
5313,SSB0267,3,4,0.060741,0.165935,0.350615,0.422709
5318,SSB0267,1,4,0.161588,0.256826,0.164886,0.416700
5329,SSB0267,3,3,0.059987,0.205123,0.435224,0.299666
5362,SSB0267,3,3,0.066710,0.231348,0.369322,0.332620
5395,SSB0267,4,4,0.215185,0.168798,0.093238,0.522779
5403,SSB0267,2,2,0.214320,0.332338,0.138907,0.314435
5406,SSB0267,4,4,0.135435,0.184421,0.088504,0.591639
5422,SSB0267,3,4,0.141295,0.258281,0.243705,0.356720
5431,SSB0011,4,4,0.163632,0.214700,0.087199,0.534469
5435,SSB0011,4,4,0.210986,0.193536,0.150216,0.445261
5448,SSB0011,4,4,0.087073,0.140124,0.149020,0.623784
5459,SSB0011,1,4,0.286448,0.119198,0.121132,0.473223
5461,SSB0011,4,4,0.119617,0.123246,0.164506,0.592631
5483,SSB0011,4,4,0.128169,0.102850,0.124671,0.644310
5485,SSB0011,4,4,0.283184,0.091124,0.088810,0.536883
5489,SSB0267,4,4,0.020136,0.079248,0.359328,0.541287
5492,SSB0267,4,3,0.077290,0.111283,0.445781,0.365646
5506,SSB0267,1,4,0.253116,0.250482,0.220874,0.275527
5513,SSB0267,3,3,0.093843,0.277131,0.318360,0.310666
5517,SSB0267,3,4,0.071206,0.144966,0.386777,0.397051
5520,SSB0267,4,4,0.171786,0.173189,0.139401,0.515623
5522,SSB0267,4,4,0.132493,0.196194,0.196533,0.474781
5533,SSB0267,4,4,0.095698,0.162718,0.172743,0.568841
5544,SSB0267,1,4,0.207958,0.225162,0.229024,0.337855
5551,SSB0267,4,4,0.078089,0.238360,0.196953,0.486598
5554,SSB0267,4,4,0.122613,0.201482,0.201353,0.474552
5562,SSB0267,4,4,0.106506,0.188775,0.122828,0.581890
5576,SSB0267,4,4,0.152455,0.144717,0.137825,0.565003
5578,SSB0267,4,4,0.106883,0.240520,0.146401,0.506196
5579,SSB0267,4,4,0.103306,0.238631,0.123669,0.534394
5583,SSB0267,2,4,0.141305,0.260945,0.150953,0.446798
5585,SSB0267,3,4,0.170295,0.241912,0.213616,0.374176
5602,SSB0267,4,4,0.142377,0.187004,0.189968,0.480651
5609,SSB0267,1,4,0.150780,0.292824,0.132548,0.423848
5612,SSB0267,4,4,0.158430,0.162168,0.142280,0.537122
5614,SSB0267,4,4,0.093484,0.127300,0.177762,0.601453
5640,SSB0267,3,3,0.072233,0.237156,0.356516,0.334095
5648,SSB0267,3,4,0.197664,0.335088,0.119907,0.347340
5689,SSB0267,2,2,0.201660,0.321255,0.205003,0.272083
5710,SSB0267,3,4,0.101562,0.309930,0.270278,0.318230
5717,SSB0267,1,4,0.171896,0.252244,0.120282,0.455579
5720,SSB0267,4,4,0.102671,0.260821,0.126914,0.509594
5723,SSB0267,4,3,0.039846,0.171173,0.399142,0.389838
5727,SSB0267,3,4,0.189882,0.184909,0.231151,0.394058
5733,SSB0267,1,4,0.150665,0.276020,0.158113,0.415202
5740,SSB0267,4,4,0.158563,0.150660,0.133419,0.557358
5751,SSB0267,3,4,0.093950,0.247459,0.274526,0.384066
5761,SSB0267,4,4,0.153609,0.209099,0.123251,0.514042
5767,SSB0267,2,4,0.135916,0.194897,0.246569,0.422617
5790,SSB0267,4,4,0.155775,0.244258,0.117449,0.482518
5796,SSB0267,2,4,0.099668,0.259497,0.229829,0.411005
5798,SSB0267,4,4,0.125438,0.201716,0.214593,0.458253
5804,SSB0267,4,4,0.080043,0.155250,0.259796,0.504911
5812,SSB0267,1,4,0.160714,0.222252,0.186552,0.430483
5824,SSB0273,2,4,0.155472,0.355208,0.116714,0.372606
5830,SSB0273,1,4,0.141237,0.323734,0.149193,0.385836
5831,SSB0273,1,4,0.128862,0.272831,0.205877,0.392430
5833,SSB0273,1,4,0.125997,0.256856,0.150448,0.466699
5836,SSB0273,3,4,0.130794,0.265502,0.153416,0.450288
5840,SSB0273,4,4,0.146357,0.206899,0.184425,0.462319
5852,SSB0273,4,4,0.106996,0.243113,0.111498,0.538392
5857,SSB0273,4,4,0.160661,0.251075,0.127735,0.460528
5858,SSB0273,3,2,0.109303,0.368685,0.168029,0.353983
5860,SSB0273,1,2,0.170978,0.372708,0.264256,0.192058
5862,SSB0273,4,4,0.152369,0.286922,0.160129,0.400580
5864,SSB0273,1,4,0.283810,0.267449,0.082225,0.366516
5871,SSB0273,1,4,0.160771,0.231320,0.119171,0.488738
5877,SSB0273,4,4,0.146028,0.244666,0.139330,0.469976
5888,SSB0273,1,1,0.322720,0.294095,0.114935,0.268250
5895,SSB0273,4,4,0.209634,0.212588,0.103890,0.473888
5902,SSB0273,2,4,0.152883,0.284838,0.098910,0.463369
5905,SSB0273,4,4,0.219861,0.080978,0.094779,0.604382
5911,SSB0273,2,4,0.179605,0.321093,0.107308,0.391993
5916,SSB0273,3,4,0.097787,0.245992,0.168430,0.487792
5918,SSB0273,1,4,0.285557,0.195996,0.125521,0.392926
5929,SSB0273,4,4,0.134493,0.196378,0.084603,0.584525
5932,SSB0273,4,4,0.179041,0.244023,0.122091,0.454845
5934,SSB0273,3,4,0.135822,0.214550,0.250172,0.399455
5942,SSB0273,4,4,0.109137,0.294804,0.126520,0.469539
5960,SSB0273,3,4,0.087835,0.231247,0.330713,0.350204
5963,SSB0273,2,4,0.096030,0.219919,0.069970,0.614082
5968,SSB0273,4,4,0.162168,0.238703,0.117091,0.482038
5997,SSB0273,1,4,0.228779,0.158883,0.071764,0.540573
6000,SSB0273,4,4,0.125780,0.207816,0.128537,0.537866
6010,SSB0273,4,4,0.167523,0.227638,0.157791,0.447049
6035,SSB0273,4,4,0.154991,0.174879,0.080933,0.589198
6041,SSB0273,4,4,0.137922,0.262852,0.123234,0.475992
6048,SSB0273,4,4,0.367380,0.104370,0.018976,0.509273
6057,SSB0273,4,4,0.111386,0.301869,0.155646,0.431098
6060,SSB0273,3,3,0.131594,0.240260,0.356953,0.271193
6068,SSB0273,4,4,0.134790,0.211857,0.113457,0.539897
6070,SSB0273,1,4,0.224488,0.222297,0.144983,0.408232
6086,SSB0273,4,4,0.165113,0.255277,0.107669,0.471940
6106,SSB0273,4,4,0.142790,0.211918,0.067756,0.577536
6111,SSB0273,4,4,0.130000,0.249938,0.085884,0.534178
6113,SSB0273,1,2,0.227109,0.370471,0.123726,0.278693
6114,SSB0273,4,4,0.105836,0.186685,0.285207,0.422272
6121,SSB0273,1,4,0.215051,0.238664,0.093595,0.452690
6128,SSB0273,3,4,0.166676,0.286630,0.128911,0.417783
6131,SSB0273,2,2,0.162334,0.396880,0.086733,0.354053
6133,SSB0273,3,4,0.142283,0.189418,0.170286,0.498013
6155,SSB0273,4,4,0.128726,0.219626,0.146670,0.504977
6159,SSB0273,1,4,0.108475,0.317875,0.194300,0.379350
6168,SSB0273,4,4,0.137252,0.238448,0.118061,0.506238
6170,SSB0273,1,2,0.246686,0.320278,0.120941,0.312096
6181,SSB0287,1,4,0.284004,0.216063,0.105243,0.394690
6183,SSB0287,4,4,0.150231,0.134244,0.044577,0.670948
6184,SSB0287,3,4,0.150231,0.134244,0.044577,0.670948
6188,SSB0287,1,2,0.204194,0.349639,0.114476,0.331691
6190,SSB0287,4,4,0.193851,0.229414,0.169584,0.407151
6208,SSB0287,3,3,0.068645,0.193741,0.519836,0.217778
6212,SSB0287,4,4,0.112153,0.199735,0.194741,0.493371
6214,SSB0287,3,4,0.218141,0.236334,0.264259,0.281266
6217,SSB0287,2,2,0.165951,0.308623,0.243214,0.282212
6224,SSB0287,4,4,0.173597,0.116586,0.025607,0.684209
6237,SSB0287,2,3,0.123493,0.205996,0.445890,0.224621
6246,SSB0287,2,2,0.126495,0.300748,0.276563,0.296195
6274,SSB0287,2,2,0.190337,0.311918,0.224356,0.273389
6277,SSB0287,1,4,0.148519,0.139515,0.127305,0.584661
6289,SSB0287,3,3,0.088200,0.249900,0.426718,0.235182
6308,SSB0287,2,4,0.145368,0.271421,0.121479,0.461732
6310,SSB0287,4,4,0.141198,0.165092,0.149548,0.544163
6315,SSB0287,1,4,0.160596,0.186381,0.089646,0.563377
6320,SSB0287,4,4,0.126521,0.271420,0.172885,0.429174
6328,SSB0011,4,4,0.234104,0.139857,0.134839,0.491199
6338,SSB0011,3,4,0.116236,0.265262,0.284658,0.333843
6353,SSB0011,1,2,0.159165,0.333822,0.200935,0.306079
6376,SSB0011,4,4,0.173438,0.134038,0.104130,0.588394
6380,SSB0011,4,2,0.136054,0.352867,0.161597,0.349482
6388,SSB0011,3,4,0.141586,0.269812,0.275877,0.312725
6391,SSB0011,4,4,0.126926,0.236594,0.167071,0.469410
6402,SSB0287,1,4,0.159025,0.184559,0.108807,0.547609
6417,SSB0287,4,4,0.172834,0.236781,0.043606,0.546780
6434,SSB0287,4,4,0.110717,0.185648,0.174988,0.528648
6471,SSB0287,2,3,0.148762,0.188669,0.368807,0.293761
6478,SSB0287,4,4,0.177851,0.202609,0.088015,0.531525
6492,SSB0287,2,2,0.139580,0.370843,0.229101,0.260476
6498,SSB0287,1,4,0.171341,0.183342,0.142650,0.502668
6504,SSB0287,4,4,0.138538,0.159480,0.134385,0.567597
6507,SSB0287,4,4,0.235899,0.228136,0.067231,0.468735
6510,SSB0287,4,4,0.120682,0.112461,0.240238,0.526619
6514,SSB0287,4,4,0.178331,0.132185,0.114457,0.575028
6521,SSB0287,2,2,0.209033,0.359912,0.159657,0.271398
6531,SSB0287,4,4,0.107274,0.173888,0.128726,0.590112
6533,SSB0287,4,4,0.161543,0.184472,0.138208,0.515776
6547,SSB0287,1,4,0.200013,0.221350,0.162719,0.415918
6553,SSB0287,4,4,0.205714,0.140760,0.142158,0.511368
6562,SSB0287,4,4,0.147240,0.258249,0.093137,0.501374
6564,SSB0287,2,4,0.087541,0.119913,0.190170,0.602376
6583,SSB0287,4,4,0.163518,0.091354,0.056049,0.689079
6586,SSB0287,4,4,0.133427,0.117601,0.146838,0.602133
6605,SSB0287,4,4,0.157930,0.194843,0.262373,0.384855
6619,SSB0287,4,4,0.130876,0.203894,0.092557,0.572672
6635,SSB0287,1,4,0.209243,0.277623,0.223443,0.289690
6641,SSB0287,4,4,0.128021,0.229998,0.191787,0.450194
6643,SSB0287,4,4,0.155433,0.175525,0.050320,0.618722
6661,SSB0288,4,4,0.168785,0.224429,0.157967,0.448819
6669,SSB0288,4,4,0.143537,0.141287,0.144006,0.571171
6678,SSB0288,4,4,0.085965,0.141696,0.140332,0.632007
6716,SSB0288,3,4,0.258290,0.187947,0.237043,0.316719
6719,SSB0288,4,4,0.137537,0.222141,0.125335,0.514987
6729,SSB0288,4,3,0.077265,0.154767,0.404463,0.363504
6753,SSB0288,4,4,0.193767,0.112315,0.112725,0.581194
6757,SSB0288,4,4,0.185554,0.147494,0.211222,0.455730
6762,SSB0288,4,4,0.113425,0.204155,0.303982,0.378437
6767,SSB0288,1,4,0.201436,0.155781,0.103680,0.539104
6785,SSB0307,3,3,0.102352,0.280941,0.322209,0.294498
6801,SSB0307,4,4,0.241252,0.245750,0.189411,0.323587
6808,SSB0307,2,4,0.209790,0.244188,0.158898,0.387123
6817,SSB0307,3,4,0.110171,0.227029,0.327283,0.335517
6822,SSB0307,1,2,0.103080,0.365156,0.194655,0.337110
6826,SSB0307,1,4,0.271205,0.251017,0.132365,0.345412
6828,SSB0307,3,2,0.034589,0.379064,0.350328,0.236018
6842,SSB0307,1,4,0.144219,0.269743,0.233617,0.352420
6850,SSB0307,3,4,0.087611,0.221207,0.240354,0.450828
6860,SSB0307,4,4,0.117682,0.200963,0.126093,0.555261
6863,SSB0307,4,4,0.168073,0.236246,0.267543,0.328138
6888,SSB0307,3,3,0.097150,0.159794,0.393662,0.349394
6893,SSB0307,1,4,0.157632,0.242189,0.174826,0.425353
6905,SSB0307,3,3,0.070744,0.254421,0.367715,0.307120
6912,SSB0307,4,4,0.117262,0.189355,0.143372,0.550011
6917,SSB0307,4,4,0.120234,0.195758,0.193655,0.490354
6927,SSB0307,3,3,0.076803,0.152158,0.392373,0.378667
6932,SSB0307,2,4,0.106959,0.303718,0.162063,0.427260
6953,SSB0307,1,4,0.122523,0.241702,0.253884,0.381891
6957,SSB0307,3,4,0.134766,0.278925,0.242079,0.344230
6961,SSB0307,1,4,0.156352,0.221778,0.240523,0.381347
6974,SSB0307,4,4,0.213051,0.222903,0.184295,0.379751
6977,SSB0307,4,4,0.087668,0.237569,0.217689,0.457073
6988,SSB0307,2,4,0.105496,0.259600,0.232313,0.402591
6991,SSB0307,3,3,0.126669,0.255154,0.331240,0.286937
6998,SSB0307,2,4,0.131012,0.303832,0.229465,0.335690
7007,SSB0307,2,4,0.202572,0.235224,0.280392,0.281812
7011,SSB0307,4,4,0.083905,0.232215,0.155930,0.527951
7014,SSB0307,4,4,0.125265,0.198603,0.203802,0.472331
7031,SSB0307,2,3,0.140440,0.209216,0.353942,0.296402
7045,SSB0307,4,4,0.127562,0.264131,0.175100,0.433207
7051,SSB0307,2,2,0.154652,0.335471,0.227898,0.281979
7059,SSB0307,2,4,0.096368,0.332468,0.224309,0.346855
7073,SSB0307,2,4,0.085192,0.260958,0.299118,0.354733
7089,SSB0307,1,4,0.128227,0.226604,0.118497,0.526673
7110,SSB0307,2,4,0.140105,0.312184,0.187568,0.360144
7115,SSB0307,4,4,0.146080,0.223824,0.189237,0.440859
7136,SSB0011,1,4,0.160409,0.125042,0.179859,0.534691
7144,SSB0011,1,3,0.175001,0.227823,0.336447,0.260729
7160,SSB0011,4,4,0.155493,0.118677,0.179446,0.546384
7210,SSB0307,3,4,0.091130,0.213049,0.311901,0.383920
7215,SSB0307,4,4,0.075103,0.191486,0.211164,0.522247
7221,SSB0307,2,2,0.089019,0.356025,0.247280,0.307676
7243,SSB0307,2,2,0.144026,0.409468,0.187562,0.258944
7257,SSB0307,3,4,0.102002,0.263801,0.240084,0.394113
7273,SSB0307,2,4,0.120482,0.246790,0.222746,0.409982
7283,SSB0307,4,4,0.091867,0.182230,0.189298,0.536606
7290,SSB0307,2,4,0.163254,0.125195,0.285086,0.426465
7295,SSB0307,3,4,0.109711,0.208488,0.251238,0.430563
7298,SSB0307,4,4,0.149209,0.159879,0.123288,0.567623
7311,SSB0307,4,4,0.118167,0.224421,0.213788,0.443624
7320,SSB0307,2,4,0.140714,0.343661,0.159146,0.356479
7330,SSB0307,4,4,0.123646,0.226364,0.161333,0.488657
7332,SSB0307,3,4,0.111460,0.249441,0.317529,0.321571
7336,SSB0307,2,4,0.078712,0.227061,0.311745,0.382481
7354,SSB0307,3,4,0.165210,0.233644,0.199682,0.401465
7358,SSB0307,2,2,0.144452,0.300737,0.260333,0.294478
7368,SSB0307,3,4,0.106977,0.250171,0.311413,0.331439
7374,SSB0307,2,2,0.139835,0.355244,0.253475,0.251446
7382,SSB0307,2,4,0.133765,0.330169,0.151256,0.384811
7389,SSB0309,4,4,0.223513,0.215292,0.109249,0.451946
7396,SSB0309,2,4,0.112880,0.325566,0.163835,0.397719
7410,SSB0309,4,4,0.099016,0.158742,0.102716,0.639526
7420,SSB0309,4,4,0.139074,0.153141,0.092537,0.615247
7438,SSB0309,3,4,0.193837,0.211514,0.163283,0.431367
7451,SSB0309,4,4,0.176056,0.200885,0.150388,0.472671
7453,SSB0309,2,4,0.154252,0.180602,0.120736,0.544410
7484,SSB0309,3,4,0.191999,0.195502,0.193505,0.418994
7488,SSB0309,4,4,0.110728,0.132639,0.124678,0.631956
7496,SSB0309,3,4,0.138459,0.281305,0.266306,0.313930
7500,SSB0309,3,4,0.119309,0.254914,0.280581,0.345195
7502,SSB0309,3,3,0.091975,0.275558,0.417033,0.215435
7503,SSB0309,4,4,0.138501,0.091782,0.076724,0.692993
7511,SSB0309,1,4,0.221919,0.150627,0.121129,0.506325
7519,SSB0309,4,4,0.112403,0.125986,0.162852,0.598759
7530,SSB0309,4,3,0.073569,0.166308,0.494008,0.266116
7531,SSB0309,4,4,0.078074,0.185971,0.262307,0.473648
7538,SSB0309,2,4,0.126086,0.301562,0.253502,0.318850
7547,SSB0309,3,4,0.108913,0.165112,0.245129,0.480846
7554,SSB0309,3,3,0.117923,0.124679,0.383754,0.373643
7561,SSB0309,4,4,0.127929,0.387439,0.090290,0.394343
7566,SSB0316,3,4,0.266021,0.131402,0.101356,0.501220
7593,SSB0316,4,4,0.121467,0.155408,0.181016,0.542108
7606,SSB0316,4,4,0.170789,0.205543,0.162351,0.461317
7611,SSB0316,2,4,0.132422,0.327152,0.126970,0.413456
7624,SSB0316,3,4,0.077877,0.243022,0.180767,0.498335
7626,SSB0316,2,2,0.147034,0.520342,0.132239,0.200385
7640,SSB0316,4,4,0.089507,0.243165,0.169831,0.497497
7642,SSB0316,2,4,0.169853,0.160235,0.165649,0.504263
7653,SSB0316,3,4,0.123818,0.226614,0.208307,0.441262
7660,SSB0316,4,4,0.168881,0.197610,0.098325,0.535184
7671,SSB0316,4,4,0.118300,0.166515,0.121846,0.593338
7678,SSB0316,1,4,0.175901,0.129879,0.095095,0.599125
7687,SSB0316,1,2,0.224595,0.472275,0.066742,0.236388
7690,SSB0316,4,4,0.189159,0.151792,0.119138,0.539912
7693,SSB0316,2,4,0.122618,0.324409,0.202189,0.350784
7701,SSB0316,4,4,0.149187,0.131326,0.127927,0.591560
7732,SSB0316,4,4,0.098975,0.199341,0.152101,0.549584
7741,SSB0316,4,4,0.119105,0.308462,0.154351,0.418082
7743,SSB0316,4,4,0.155942,0.144291,0.234930,0.464838
7745,SSB0316,4,4,0.104986,0.175355,0.158047,0.561612
7753,SSB0316,4,4,0.071936,0.126050,0.149956,0.652058
7763,SSB0011,4,4,0.130161,0.159478,0.073547,0.636814
7779,SSB0012,1,4,0.187709,0.192425,0.191413,0.428452
7781,SSB0012,3,3,0.255930,0.167464,0.330608,0.245999
7788,SSB0012,2,4,0.165913,0.238691,0.118056,0.477341
7798,SSB0012,4,4,0.226652,0.134596,0.120808,0.517944
7802,SSB0012,3,4,0.125978,0.181016,0.266847,0.426159
7816,SSB0012,3,4,0.116333,0.179592,0.291786,0.412288
7819,SSB0012,2,4,0.143903,0.136231,0.272662,0.447204
7828,SSB0316,2,4,0.128206,0.279456,0.202708,0.389630
7832,SSB0316,4,4,0.143850,0.366276,0.097458,0.392416
7842,SSB0316,4,4,0.183652,0.201494,0.153904,0.460950
7860,SSB0316,3,4,0.055466,0.225704,0.297486,0.421344
7867,SSB0316,2,4,0.132244,0.263502,0.119761,0.484493
7888,SSB0316,4,4,0.127135,0.195460,0.248631,0.428774
7891,SSB0316,3,4,0.111881,0.187882,0.202449,0.497787
7907,SSB0316,4,4,0.172481,0.234896,0.214444,0.378180
7911,SSB0316,2,2,0.120315,0.312499,0.269036,0.298150
7934,SSB0323,2,3,0.145651,0.239826,0.332596,0.281926
7948,SSB0323,2,2,0.145811,0.387167,0.177447,0.289575
7972,SSB0323,1,4,0.193697,0.137409,0.174957,0.493937
7981,SSB0323,4,4,0.107829,0.234570,0.178372,0.479229
8019,SSB0323,4,4,0.157551,0.201000,0.117338,0.524110
8026,SSB0323,3,4,0.162715,0.219382,0.245324,0.372579
8028,SSB0323,2,4,0.126901,0.252238,0.279351,0.341510
8036,SSB0323,2,4,0.124872,0.181001,0.222404,0.471723
8041,SSB0323,4,4,0.118078,0.179210,0.171005,0.531707
8049,SSB0323,4,4,0.208712,0.159375,0.137211,0.494703
8068,SSB0323,1,4,0.208044,0.167097,0.100518,0.524341
8072,SSB0323,2,4,0.143080,0.254823,0.195893,0.406204
8082,SSB0323,4,4,0.136649,0.171017,0.146646,0.545689
8099,SSB0323,1,4,0.221315,0.165134,0.101607,0.511944
8104,SSB0323,4,4,0.121469,0.216288,0.189956,0.472288
8110,SSB0323,2,4,0.214603,0.234339,0.094941,0.456118
8123,SSB0323,2,4,0.187071,0.207821,0.201291,0.403818
8133,SSB0323,4,4,0.141273,0.163981,0.162552,0.532194
8142,SSB0323,1,4,0.210054,0.206950,0.065938,0.517058
8166,SSB0323,4,4,0.122099,0.199018,0.129200,0.549684
8201,SSB0323,4,4,0.244690,0.178253,0.151269,0.425788
8205,SSB0323,1,4,0.229049,0.146524,0.107269,0.517157
8212,SSB0323,4,4,0.157536,0.150065,0.195219,0.497180
8218,SSB0323,4,4,0.099363,0.247137,0.165477,0.488023
8223,SSB0323,4,4,0.152921,0.184724,0.131706,0.530649
8257,SSB0323,1,4,0.215907,0.146461,0.125378,0.512254
8284,SSB0323,4,4,0.192355,0.164833,0.177392,0.465419
8310,SSB0323,3,4,0.111031,0.224299,0.190649,0.474021
8321,SSB0323,4,4,0.242979,0.181809,0.102180,0.473032
8342,SSB0323,4,4,0.150913,0.127212,0.158522,0.563353
8359,SSB0323,1,4,0.197055,0.245403,0.138228,0.419315
8360,SSB0323,4,4,0.185604,0.206291,0.133823,0.474282
8388,SSB0323,4,4,0.147114,0.148048,0.117418,0.587420
8401,SSB0323,4,4,0.115046,0.229830,0.147259,0.507864
8405,SSB0323,2,4,0.104625,0.304921,0.174383,0.416071
8426,SSB0323,4,4,0.095213,0.150598,0.175923,0.578266
8439,SSB0323,4,4,0.123439,0.175146,0.213481,0.487935
8441,SSB0323,3,4,0.127215,0.200217,0.207252,0.465316
8449,SSB0323,4,4,0.108192,0.241044,0.134114,0.516650
8453,SSB0323,4,4,0.165590,0.164606,0.126690,0.543114
8457,SSB0323,2,4,0.123274,0.247626,0.173310,0.455790
8465,SSB0323,4,4,0.139327,0.163970,0.128519,0.568184
8470,SSB0338,4,4,0.083946,0.144042,0.304293,0.467719
8484,SSB0338,4,4,0.157733,0.130348,0.094533,0.617386
8492,SSB0338,4,4,0.093555,0.166006,0.128859,0.611581
8497,SSB0338,3,4,0.094903,0.156512,0.185330,0.563254
8500,SSB0338,4,4,0.113205,0.115235,0.220890,0.550670
8503,SSB0338,2,4,0.102772,0.224886,0.227038,0.445304
8517,SSB0338,1,4,0.204168,0.181407,0.107942,0.506483
8520,SSB0338,2,3,0.017981,0.222983,0.443518,0.315517
8528,SSB0338,3,4,0.037126,0.278613,0.258380,0.425881
8533,SSB0338,4,4,0.117395,0.137299,0.160737,0.584569
8542,SSB0338,3,4,0.174009,0.135415,0.158826,0.531749
8546,SSB0338,4,4,0.146022,0.138919,0.119075,0.595984
8557,SSB0338,2,4,0.117952,0.255368,0.142565,0.484115
8559,SSB0338,4,4,0.217947,0.202641,0.113053,0.466358
8576,SSB0338,4,4,0.106828,0.115390,0.249384,0.528399
8579,SSB0338,4,4,0.133867,0.137267,0.086301,0.642565
8585,SSB0338,3,3,0.080457,0.137094,0.433420,0.349030
8600,SSB0338,4,4,0.144869,0.176168,0.105923,0.573040
8610,SSB0338,1,4,0.259894,0.310366,0.069577,0.360162
