speaker_id,pinyin,syllable_base,true_tone,predicted_tone,probability_t1,probability_t2,probability_t3,probability_t4,duration_seconds
SSB0005,jiang1,jiang,1,1,0.294524,0.177770,0.289909,0.237796,0.280
SSB0005,wei2,wei,2,1,0.359663,0.187971,0.266272,0.186094,0.300
SSB0005,dai4,dai,4,3,0.135200,0.191570,0.391738,0.281492,0.200
SSB0005,ye2,ye,2,3,0.080165,0.219433,0.552844,0.147558,0.220
SSB0005,ta1,ta,1,4,0.182377,0.113465,0.337814,0.366344,0.220
SSB0005,hui4,hui,4,1,0.394430,0.125081,0.256028,0.224460,0.440
SSB0005,lai2,lai,2,3,0.131475,0.254814,0.458326,0.155384,0.220
SSB0338,wei4,wei,4,4,0.232743,0.170441,0.271809,0.325006,0.220
SSB0338,wo3,wo,3,3,0.041641,0.194618,0.583656,0.180085,0.340
SSB0338,jiu4,jiu,4,4,0.099282,0.077326,0.378591,0.444801,0.160
SSB0338,dui4,dui,4,1,0.453306,0.051559,0.050985,0.444150,0.300
SSB0338,you3,you,3,3,0.024797,0.209678,0.692846,0.072679,0.280
SSB0338,zai4,zai,4,1,0.411114,0.233179,0.064298,0.291409,0.220
SSB0338,ni2,ni,2,2,0.238713,0.636800,0.076321,0.048167,0.140
SSB0338,mai3,mai,3,4,0.095882,0.085075,0.380043,0.439001,0.240
SSB0338,zai4,zai,4,3,0.030489,0.049738,0.602739,0.317033,0.180
SSB0012,shi4,shi,4,1,0.503483,0.003656,0.036020,0.456841,0.960
SSB0012,xiang4,xiang,4,4,0.221070,0.167305,0.256050,0.355575,0.200
SSB0012,wo3,wo,3,2,0.262542,0.311344,0.183546,0.242568,0.140
SSB0012,jiu4,jiu,4,4,0.237688,0.196039,0.208838,0.357435,0.340
SSB0012,dao4,dao,4,4,0.225044,0.246552,0.260561,0.267843,0.180
SSB0012,jiu4,jiu,4,4,0.303503,0.138508,0.128925,0.429064,0.320
SSB0012,jiu4,jiu,4,4,0.268078,0.209163,0.210712,0.312047,0.280
SSB0012,wo3,wo,3,2,0.246362,0.322920,0.223388,0.207330,0.180
SSB0012,wo2,wo,2,2,0.316965,0.392937,0.131684,0.158414,0.180
SSB0005,rang4,rang,4,1,0.488027,0.097971,0.088190,0.325812,0.340
SSB0005,ye3,ye,3,3,0.062351,0.267983,0.612311,0.057356,0.440
SSB0005,zai4,zai,4,1,0.318362,0.305394,0.169511,0.206732,0.200
SSB0005,lai2,lai,2,3,0.100493,0.222272,0.549941,0.127293,0.220
SSB0005,er2,er,2,2,0.289983,0.529481,0.002815,0.177720,0.200
SSB0005,zai4,zai,4,3,0.189304,0.211974,0.323374,0.275349,0.220
SSB0005,yao4,yao,4,1,0.362229,0.215042,0.193918,0.228811,0.280
SSB0339,wo3,wo,3,2,0.034776,0.673606,0.001300,0.290319,0.140
SSB0339,zai4,zai,4,4,0.169187,0.104835,0.361773,0.364206,0.140
SSB0339,wo3,wo,3,2,0.290301,0.437838,0.119860,0.152000,0.140
SSB0339,hen3,hen,3,3,0.036427,0.102612,0.552848,0.308113,0.180
SSB0339,bei4,bei,4,4,0.079525,0.053618,0.271590,0.595267,0.140
SSB0339,jiu4,jiu,4,4,0.177666,0.117863,0.181650,0.522821,0.160
SSB0339,yong4,yong,4,2,0.236213,0.426839,0.162834,0.174114,0.140
SSB0339,lai2,lai,2,2,0.265112,0.361803,0.193554,0.179531,0.160
SSB0339,ye3,ye,3,3,0.073358,0.131433,0.485453,0.309756,0.160
SSB0339,wo3,wo,3,1,0.472464,0.034021,0.470666,0.022849,0.120
SSB0339,wo2,wo,2,2,0.329817,0.407446,0.150064,0.112673,0.160
SSB0339,hai2,hai,2,3,0.097654,0.290452,0.360023,0.251870,0.200
SSB0339,lai2,lai,2,2,0.212999,0.526964,0.125435,0.134602,0.160
SSB0339,ye3,ye,3,3,0.153652,0.193493,0.443188,0.209667,0.140
SSB0339,lai2,lai,2,2,0.339846,0.400819,0.129450,0.129884,0.180
SSB0339,cong2,cong,2,4,0.033901,0.005248,0.172789,0.788061,0.160
SSB0339,hao3,hao,3,1,0.792609,0.030612,0.000155,0.176624,0.320
SSB0339,dou1,dou,1,1,0.285220,0.217280,0.249948,0.247552,0.340
SSB0339,deng3,deng,3,3,0.012443,0.012888,0.940868,0.033801,0.160
SSB0339,he2,he,2,3,0.095594,0.218448,0.490823,0.195136,0.200
SSB0339,zhe4,zhe,4,4,0.210241,0.105104,0.151516,0.533139,0.140
SSB0339,zou3,zou,3,1,0.310681,0.263842,0.120865,0.304612,0.160
SSB0339,ni3,ni,3,2,0.000018,0.746981,0.253001,0.000000,0.360
SSB0339,he2,he,2,3,0.146387,0.233523,0.373236,0.246854,0.180
SSB0339,you2,you,2,4,0.194683,0.189204,0.307304,0.308809,0.160
SSB0339,an4,an,4,4,0.120249,0.109998,0.249786,0.519967,0.180
SSB0339,zuo4,zuo,4,4,0.261198,0.257600,0.202900,0.278302,0.220
SSB0339,wo3,wo,3,3,0.209989,0.247480,0.362548,0.179983,0.300
SSB0339,lai2,lai,2,3,0.206018,0.262442,0.339980,0.191560,0.180
SSB0339,qing2,qing,2,1,0.745867,0.032311,0.000463,0.221360,0.340
SSB0339,qing3,qing,3,4,0.005966,0.000407,0.039816,0.953810,0.180
SSB0339,ke3,ke,3,4,0.011742,0.001635,0.063279,0.923345,0.160
SSB0339,ke3,ke,3,4,0.150505,0.174644,0.084049,0.590802,0.200
SSB0339,jiu4,jiu,4,4,0.189211,0.144143,0.081210,0.585436,0.180
SSB0339,neng2,neng,2,3,0.066435,0.108834,0.626490,0.198242,0.160
SSB0339,bie2,bie,2,2,0.300894,0.372973,0.164911,0.161222,0.140
SSB0339,you3,you,3,3,0.014022,0.059715,0.791617,0.134646,0.180
SSB0339,na4,na,4,2,0.241033,0.315248,0.296289,0.147430,0.140
SSB0339,ta1,ta,1,4,0.274919,0.246444,0.183075,0.295561,0.140
SSB0339,wo3,wo,3,4,0.067800,0.348178,0.007183,0.576839,0.160
SSB0339,geng4,geng,4,1,0.768387,0.137401,0.003546,0.090666,0.200
SSB0339,rang4,rang,4,2,0.247852,0.377533,0.267913,0.106702,0.140
SSB0339,shi4,shi,4,4,0.287248,0.259364,0.098597,0.354791,0.180
SSB0339,dan4,dan,4,4,0.076292,0.036516,0.130856,0.756337,0.140
SSB0339,zai4,zai,4,4,0.059221,0.023247,0.316358,0.601175,0.140
SSB0339,shi4,shi,4,1,0.674273,0.098512,0.002695,0.224520,0.220
SSB0339,dan4,dan,4,4,0.138643,0.171275,0.335091,0.354991,0.180
SSB0339,he2,he,2,1,0.406623,0.196632,0.208515,0.188230,0.280
SSB0339,gai1,gai,1,2,0.331952,0.403603,0.117794,0.146651,0.160
SSB0339,dao4,dao,4,3,0.164231,0.257310,0.378304,0.200155,0.260
SSB0339,jiao4,jiao,4,4,0.345973,0.060952,0.027349,0.565727,0.280
SSB0339,lai2,lai,2,2,0.280683,0.461798,0.086144,0.171375,0.180
SSB0339,shi4,shi,4,3,0.126361,0.191491,0.390911,0.291237,0.180
SSB0339,wo3,wo,3,2,0.208667,0.357809,0.233782,0.199742,0.140
SSB0339,ting1,ting,1,4,0.284187,0.090607,0.055186,0.570021,0.320
SSB0339,wo3,wo,3,1,0.594768,0.053366,0.022309,0.329556,0.300
SSB0339,hai2,hai,2,3,0.110672,0.223742,0.519966,0.145620,0.200
SSB0339,wo2,wo,2,2,0.255575,0.542886,0.144994,0.056546,0.120
SSB0339,ke3,ke,3,4,0.003353,0.000276,0.041850,0.954521,0.160
SSB0339,ke3,ke,3,4,0.041614,0.056373,0.135048,0.766965,0.220
SSB0341,zhe4,zhe,4,3,0.186934,0.291451,0.390938,0.130677,0.260
SSB0341,jiu4,jiu,4,1,0.664856,0.092117,0.073027,0.170000,0.320
SSB0341,wo3,wo,3,3,0.003812,0.421131,0.568473,0.006585,0.400
SSB0341,neng2,neng,2,3,0.067250,0.190008,0.610978,0.131764,0.200
SSB0341,jian1,jian,1,4,0.370145,0.147591,0.051853,0.430410,0.320
SSB0341,wo2,wo,2,2,0.433597,0.483715,0.026449,0.056239,0.200
SSB0341,you4,you,4,4,0.153480,0.209739,0.258232,0.378549,0.180
SSB0341,ta1,ta,1,1,0.366612,0.283488,0.154044,0.195856,0.180
SSB0341,wo3,wo,3,1,0.927360,0.072420,0.000139,0.000081,0.220
SSB0341,ni2,ni,2,2,0.310122,0.626823,0.052158,0.010897,0.160
SSB0341,zai4,zai,4,4,0.383419,0.073781,0.013087,0.529713,0.280
SSB0341,ni3,ni,3,3,0.044724,0.119716,0.605549,0.230011,0.180
SSB0341,qu4,qu,4,4,0.426762,0.030895,0.003424,0.538919,0.280
SSB0341,qing3,qing,3,4,0.048333,0.004400,0.089669,0.857599,0.180
SSB0012,wo2,wo,2,2,0.220304,0.613759,0.103729,0.062208,0.120
SSB0012,cong2,cong,2,2,0.254937,0.265889,0.221266,0.257908,0.180
SSB0012,jiu4,jiu,4,1,0.314612,0.274744,0.186833,0.223810,0.240
SSB0012,ta1,ta,1,2,0.311023,0.368677,0.147274,0.173026,0.180
SSB0012,zai4,zai,4,4,0.219219,0.164191,0.220839,0.395751,0.400
SSB0012,wo3,wo,3,2,0.258286,0.524819,0.097091,0.119804,0.140
SSB0012,dan4,dan,4,2,0.276644,0.319162,0.187532,0.216662,0.180
SSB0012,chao1,chao,1,4,0.291224,0.198527,0.186197,0.324051,0.220
SSB0012,bing4,bing,4,3,0.165472,0.246995,0.343959,0.243574,0.220
SSB0012,yu3,yu,3,3,0.184774,0.264812,0.304876,0.245538,0.180
SSB0012,wo2,wo,2,2,0.219914,0.692449,0.043555,0.044083,0.140
SSB0012,jiu4,jiu,4,4,0.264683,0.176305,0.222901,0.336111,0.360
SSB0012,he2,he,2,3,0.136033,0.322741,0.428100,0.113126,0.420
SSB0012,wo3,wo,3,3,0.120672,0.202488,0.506169,0.170671,0.600
SSB0012,shi4,shi,4,1,0.414649,0.223220,0.082364,0.279768,0.220
SSB0012,wo2,wo,2,2,0.232271,0.377957,0.233756,0.156016,0.200
SSB0012,zhi3,zhi,3,3,0.101535,0.210678,0.431987,0.255799,0.220
SSB0012,zhe4,zhe,4,4,0.234718,0.179165,0.227147,0.358971,0.180
SSB0012,zhe4,zhe,4,2,0.297036,0.303857,0.163716,0.235391,0.180
SSB0012,tai4,tai,4,1,0.582763,0.117620,0.088120,0.211497,0.340
SSB0012,jiu4,jiu,4,2,0.158981,0.543067,0.079206,0.218746,0.260
SSB0012,dui4,dui,4,3,0.253319,0.151810,0.338658,0.256213,0.240
SSB0012,wo3,wo,3,3,0.044558,0.303715,0.564958,0.086769,0.300
SSB0012,ye3,ye,3,3,0.054934,0.305388,0.561782,0.077896,0.300
SSB0012,wo3,wo,3,3,0.274401,0.250311,0.294636,0.180652,0.340
SSB0012,hui4,hui,4,1,0.389502,0.112640,0.133440,0.364418,0.320
SSB0012,cong2,cong,2,4,0.276961,0.216530,0.196536,0.309973,0.200
SSB0016,wo3,wo,3,3,0.224515,0.279179,0.321814,0.174493,0.200
SSB0016,ni3,ni,3,3,0.203985,0.201775,0.318065,0.276175,0.160
SSB0016,ni3,ni,3,3,0.144817,0.167109,0.392602,0.295473,0.140
SSB0016,shi4,shi,4,4,0.242878,0.172401,0.225513,0.359207,0.180
SSB0016,wo3,wo,3,3,0.011705,0.306283,0.641381,0.040630,0.400
SSB0016,shi4,shi,4,4,0.330109,0.177485,0.055008,0.437398,0.220
SSB0016,bei4,bei,4,4,0.001646,0.006072,0.008255,0.984026,0.460
SSB0016,zhe4,zhe,4,3,0.114403,0.143867,0.446181,0.295549,0.160
SSB0016,dui4,dui,4,1,0.537582,0.118663,0.074445,0.269310,0.340
SSB0016,dan4,dan,4,3,0.207802,0.226250,0.290863,0.275084,0.160
SSB0016,zuo4,zuo,4,4,0.204789,0.254309,0.258387,0.282514,0.320
SSB0016,dan4,dan,4,3,0.162212,0.187200,0.329578,0.321010,0.160
SSB0016,zuo4,zuo,4,4,0.314192,0.164817,0.032833,0.488158,0.240
SSB0016,ta1,ta,1,3,0.009240,0.108067,0.794066,0.088627,0.140
SSB0016,dan4,dan,4,3,0.174892,0.206178,0.328586,0.290344,0.180
SSB0016,yao4,yao,4,1,0.322284,0.220011,0.222402,0.235303,0.200
SSB0016,wo2,wo,2,2,0.156683,0.804880,0.013068,0.025368,0.140
SSB0016,ba3,ba,3,3,0.031938,0.144096,0.703341,0.120625,0.200
SSB0016,quan2,quan,2,4,0.263569,0.197836,0.083174,0.455420,0.260
SSB0016,huan4,huan,4,3,0.247574,0.172886,0.306177,0.273363,0.260
SSB0016,ke3,ke,3,3,0.127189,0.269990,0.327816,0.275005,0.280
SSB0016,wo2,wo,2,2,0.322073,0.360878,0.147448,0.169601,0.160
SSB0016,ni3,ni,3,4,0.227194,0.246624,0.252977,0.273206,0.120
SSB0016,wo2,wo,2,2,0.310015,0.552671,0.059540,0.077774,0.140
SSB0016,dan4,dan,4,3,0.165564,0.194375,0.343615,0.296446,0.140
SSB0016,dou1,dou,1,4,0.348397,0.149118,0.153426,0.349059,0.300
SSB0016,meng4,meng,4,4,0.135663,0.021963,0.020281,0.822094,0.380
SSB0016,fang4,fang,4,3,0.150057,0.161504,0.372093,0.316345,0.220
SSB0016,you2,you,2,3,0.155392,0.311090,0.360712,0.172806,0.340
SSB0016,shuang1,shuang,1,1,0.286462,0.228778,0.267470,0.217290,0.200
SSB0016,wo3,wo,3,3,0.050554,0.374300,0.467574,0.107572,0.380
SSB0016,you3,you,3,3,0.108238,0.132427,0.481649,0.277686,0.140
SSB0016,tian1,tian,1,4,0.205699,0.228777,0.261978,0.303546,0.200
SSB0016,ni2,ni,2,2,0.203877,0.678093,0.049402,0.068628,0.140
SSB0016,ye3,ye,3,3,0.037515,0.210875,0.626227,0.125383,0.220
SSB0016,qu4,qu,4,4,0.210941,0.197735,0.181469,0.409855,0.300
SSB0016,na4,na,4,3,0.271391,0.197085,0.277577,0.253947,0.220
SSB0016,zai4,zai,4,3,0.200323,0.208627,0.352027,0.239024,0.200
SSB0016,jin4,jin,4,4,0.220356,0.005014,0.018405,0.756225,0.520
SSB0016,tong2,tong,2,2,0.355115,0.394727,0.119038,0.131120,0.200
SSB0038,dui4,dui,4,2,0.291183,0.292438,0.175562,0.240818,0.120
SSB0038,ben3,ben,3,3,0.187506,0.278487,0.293281,0.240726,0.200
SSB0038,ba3,ba,3,3,0.016610,0.173463,0.743861,0.066066,0.220
SSB0038,cai2,cai,2,2,0.251093,0.364465,0.103966,0.280475,0.160
SSB0038,zhe4,zhe,4,2,0.279415,0.406860,0.158161,0.155564,0.140
SSB0038,dui4,dui,4,4,0.240930,0.164876,0.247348,0.346846,0.140
SSB0038,shi4,shi,4,4,0.320936,0.183810,0.112058,0.383196,0.160
SSB0038,yang3,yang,3,3,0.034872,0.118018,0.652689,0.194421,0.180
SSB0038,zuo4,zuo,4,2,0.326677,0.407037,0.122412,0.143875,0.160
SSB0038,dou1,dou,1,2,0.269863,0.503462,0.107300,0.119374,0.140
SSB0038,dui4,dui,4,4,0.188420,0.165229,0.320748,0.325603,0.140
SSB0038,he2,he,2,3,0.240178,0.244698,0.277903,0.237220,0.180
SSB0038,yao1,yao,1,3,0.204834,0.200118,0.320226,0.274822,0.240
SSB0038,jiu4,jiu,4,2,0.335090,0.404778,0.086205,0.173927,0.180
SSB0038,ni3,ni,3,3,0.063477,0.289945,0.487669,0.158910,0.280
SSB0038,zai4,zai,4,1,0.291887,0.223245,0.199499,0.285369,0.140
SSB0038,shuo1,shuo,1,1,0.336743,0.207103,0.141033,0.315121,0.160
SSB0038,bei4,bei,4,1,0.361298,0.238776,0.128750,0.271176,0.240
SSB0038,zai4,zai,4,4,0.241055,0.107044,0.204457,0.447444,0.160
SSB0038,zai4,zai,4,2,0.217053,0.389098,0.203448,0.190401,0.180
SSB0038,zuo4,zuo,4,1,0.306159,0.264636,0.158968,0.270237,0.160
SSB0038,dan4,dan,4,2,0.236701,0.268823,0.264953,0.229523,0.160
SSB0038,jiang1,jiang,1,1,0.345254,0.325291,0.147285,0.182169,0.220
SSB0038,dui4,dui,4,2,0.277154,0.370259,0.155333,0.197254,0.160
SSB0038,wo3,wo,3,2,0.303808,0.389656,0.143743,0.162793,0.140
SSB0005,shi4,shi,4,3,0.252022,0.130484,0.548086,0.069408,0.700
SSB0005,zhe4,zhe,4,3,0.142539,0.160414,0.395928,0.301119,0.180
SSB0005,zai4,zai,4,1,0.321617,0.170033,0.247320,0.261030,0.360
SSB0005,shi4,shi,4,4,0.331712,0.038784,0.047500,0.582005,0.440
SSB0005,jiu4,jiu,4,3,0.123618,0.249567,0.489577,0.137238,0.540
SSB0005,la1,la,1,3,0.263507,0.224946,0.352143,0.159404,0.260
SSB0038,dou1,dou,1,2,0.329397,0.446719,0.118728,0.105156,0.160
SSB0038,rang4,rang,4,2,0.268512,0.377560,0.165227,0.188701,0.160
SSB0038,shi4,shi,4,1,0.350147,0.285599,0.119360,0.244894,0.180
SSB0038,zuo4,zuo,4,1,0.321418,0.290241,0.157174,0.231167,0.220
SSB0038,dui4,dui,4,4,0.290987,0.215603,0.168735,0.324675,0.140
SSB0038,you3,you,3,2,0.269017,0.350372,0.230872,0.149739,0.140
SSB0038,ta1,ta,1,1,0.319656,0.279183,0.158418,0.242743,0.140
SSB0038,xin1,xin,1,4,0.301434,0.170672,0.183341,0.344554,0.200
SSB0038,zai4,zai,4,1,0.322913,0.244614,0.110096,0.322377,0.200
SSB0043,wo3,wo,3,3,0.101747,0.136904,0.432815,0.328533,0.140
SSB0043,wo2,wo,2,3,0.020511,0.254920,0.624635,0.099934,0.240
SSB0043,wo3,wo,3,3,0.032614,0.332836,0.523276,0.111275,0.360
SSB0043,ni2,ni,2,2,0.292886,0.537162,0.100023,0.069929,0.140
SSB0043,dui4,dui,4,4,0.281687,0.188622,0.194556,0.335135,0.340
SSB0043,lai2,lai,2,2,0.199105,0.327587,0.314131,0.159177,0.320
SSB0043,wo3,wo,3,3,0.199129,0.287877,0.302881,0.210113,0.180
SSB0043,lai2,lai,2,3,0.137098,0.375571,0.378350,0.108981,0.200
SSB0043,wo3,wo,3,3,0.084283,0.361597,0.452274,0.101847,0.360
SSB0043,you2,you,2,2,0.379960,0.405688,0.119657,0.094695,0.180
SSB0043,ni3,ni,3,2,0.207407,0.332272,0.295416,0.164904,0.220
SSB0043,ye3,ye,3,2,0.072571,0.772434,0.137193,0.017801,0.200
SSB0043,wo3,wo,3,3,0.185902,0.291729,0.323846,0.198524,0.160
SSB0043,jiu4,jiu,4,1,0.300402,0.247474,0.215419,0.236705,0.220
SSB0043,cong2,cong,2,2,0.273463,0.326817,0.223648,0.176072,0.140
SSB0043,ta1,ta,1,1,0.453475,0.311428,0.118756,0.116342,0.220
SSB0043,ni3,ni,3,3,0.190990,0.269339,0.329942,0.209729,0.140
SSB0043,jiu4,jiu,4,4,0.349268,0.103563,0.100904,0.446265,0.340
SSB0043,zhe4,zhe,4,3,0.168452,0.190507,0.333351,0.307690,0.140
SSB0043,yi2,yi,2,3,0.221450,0.297889,0.318641,0.162019,0.340
SSB0043,hen3,hen,3,3,0.033427,0.396009,0.539024,0.031541,0.320
SSB0043,er2,er,2,2,0.258375,0.342012,0.224573,0.175040,0.120
SSB0043,qu4,qu,4,4,0.212700,0.124686,0.225826,0.436788,0.160
SSB0043,hai2,hai,2,2,0.278036,0.363664,0.208631,0.149669,0.120
SSB0043,hai2,hai,2,1,0.397492,0.282350,0.130121,0.190037,0.200
SSB0043,hui4,hui,4,3,0.215438,0.235258,0.278483,0.270821,0.160
SSB0043,ni3,ni,3,3,0.031319,0.275273,0.570447,0.122961,0.240
SSB0043,ta1,ta,1,2,0.238981,0.295015,0.264736,0.201267,0.160
SSB0043,wo3,wo,3,3,0.198613,0.209463,0.316981,0.274943,0.120
SSB0043,he2,he,2,2,0.245059,0.681718,0.044369,0.028854,0.140
SSB0043,ni3,ni,3,3,0.157967,0.253749,0.367888,0.220396,0.200
SSB0057,yao4,yao,4,3,0.128325,0.194510,0.415321,0.261845,0.200
SSB0057,zhe4,zhe,4,4,0.019589,0.008381,0.134125,0.837906,0.180
SSB0057,dui4,dui,4,4,0.412466,0.067605,0.033629,0.486300,0.300
SSB0057,er2,er,2,2,0.336663,0.363945,0.164551,0.134841,0.180
SSB0057,ge1,ge,1,1,0.367712,0.268962,0.171686,0.191641,0.280
SSB0005,wo2,wo,2,2,0.318560,0.364812,0.163535,0.153093,0.180
SSB0005,cong2,cong,2,1,0.365474,0.203926,0.245076,0.185524,0.420
SSB0005,yao4,yao,4,3,0.067947,0.065484,0.791183,0.075387,0.160
SSB0005,zai4,zai,4,3,0.136378,0.188842,0.397032,0.277749,0.220
SSB0057,lai2,lai,2,3,0.204973,0.262267,0.387104,0.145657,0.240
SSB0057,die1,die,1,1,0.487651,0.228331,0.052144,0.231873,0.280
SSB0057,zhi4,zhi,4,1,0.617723,0.079146,0.029941,0.273191,0.400
SSB0057,yao4,yao,4,3,0.123308,0.246618,0.328089,0.301985,0.300
SSB0057,cong2,cong,2,1,0.441815,0.104428,0.157152,0.296605,0.580
SSB0073,zhe4,zhe,4,4,0.286741,0.344663,0.009242,0.359354,0.320
SSB0073,shi4,shi,4,3,0.275327,0.255896,0.289694,0.179083,0.260
SSB0073,he2,he,2,3,0.186520,0.256467,0.394081,0.162933,0.380
SSB0073,shi4,shi,4,2,0.247721,0.305300,0.166120,0.280860,0.320
SSB0073,guo4,guo,4,1,0.407157,0.120390,0.201533,0.270919,0.400
SSB0073,zai4,zai,4,3,0.180903,0.156415,0.357151,0.305532,0.140
SSB0073,kan4,kan,4,1,0.535293,0.085666,0.046848,0.332193,0.260
SSB0073,xiang3,xiang,3,4,0.307931,0.261474,0.111598,0.318997,0.240
SSB0073,zai4,zai,4,4,0.091443,0.025653,0.244920,0.637984,0.160
SSB0073,yu3,yu,3,3,0.227511,0.272656,0.324232,0.175601,0.220
SSB0073,he2,he,2,1,0.324525,0.313662,0.113188,0.248625,0.120
SSB0073,er2,er,2,4,0.220836,0.212485,0.267481,0.299197,0.160
SSB0073,ji2,ji,2,3,0.156496,0.291370,0.390418,0.161716,0.220
SSB0073,hai2,hai,2,1,0.336846,0.195367,0.193519,0.274268,0.240
SSB0073,ye3,ye,3,1,0.294093,0.280587,0.201829,0.223490,0.180
SSB0073,dong3,dong,3,3,0.072213,0.141106,0.568392,0.218288,0.200
SSB0073,ge1,ge,1,1,0.375999,0.231006,0.166023,0.226971,0.260
SSB0073,dui4,dui,4,4,0.189100,0.180782,0.305205,0.324913,0.160
SSB0073,you2,you,2,2,0.251836,0.294512,0.207553,0.246099,0.160
SSB0073,ye3,ye,3,3,0.157826,0.240418,0.386381,0.215375,0.180
SSB0073,ge1,ge,1,1,0.311423,0.219367,0.172817,0.296393,0.240
SSB0073,zai4,zai,4,4,0.092289,0.059242,0.263842,0.584627,0.180
SSB0073,zai4,zai,4,3,0.144605,0.179507,0.444592,0.231295,0.140
SSB0073,zai4,zai,4,4,0.271642,0.197554,0.236294,0.294511,0.200
SSB0073,dao4,dao,4,1,0.337555,0.286908,0.154723,0.220814,0.220
SSB0073,ge1,ge,1,1,0.406230,0.226118,0.170250,0.197403,0.260
SSB0073,ge1,ge,1,1,0.557038,0.231859,0.040978,0.170125,0.280
SSB0073,dui4,dui,4,1,0.351625,0.253533,0.096670,0.298173,0.240
SSB0073,he2,he,2,3,0.141279,0.182235,0.402408,0.274079,0.160
SSB0073,hai2,hai,2,4,0.207565,0.255256,0.222089,0.315091,0.200
SSB0073,ge1,ge,1,2,0.256221,0.259156,0.228195,0.256429,0.240
SSB0073,ge1,ge,1,1,0.478961,0.309563,0.041945,0.169531,0.260
SSB0073,zai4,zai,4,4,0.100898,0.040452,0.301721,0.556929,0.160
SSB0073,dan4,dan,4,3,0.148370,0.162399,0.387541,0.301690,0.180
SSB0073,dui4,dui,4,4,0.269234,0.203848,0.196993,0.329925,0.140
SSB0073,xiang4,xiang,4,3,0.038332,0.046083,0.478122,0.437462,0.260
SSB0073,he2,he,2,2,0.238491,0.296341,0.193801,0.271368,0.220
SSB0073,rang4,rang,4,3,0.200400,0.236999,0.342492,0.220109,0.140
SSB0073,ge1,ge,1,1,0.322679,0.279122,0.169775,0.228423,0.220
SSB0073,he2,he,2,3,0.190091,0.251742,0.370996,0.187171,0.200
SSB0073,cheng1,cheng,1,4,0.342120,0.010046,0.007696,0.640138,0.320
SSB0073,ge1,ge,1,1,0.468230,0.239170,0.136098,0.156501,0.240
SSB0073,cai2,cai,2,2,0.289992,0.448985,0.178773,0.082249,0.160
SSB0073,jiu4,jiu,4,4,0.299435,0.212123,0.172527,0.315915,0.160
SSB0073,he2,he,2,3,0.187486,0.208647,0.372634,0.231234,0.160
SSB0073,zai4,zai,4,4,0.131347,0.050361,0.198766,0.619526,0.140
SSB0073,he2,he,2,1,0.390237,0.154059,0.190593,0.265111,0.300
SSB0073,ge1,ge,1,1,0.316976,0.217923,0.152764,0.312337,0.240
SSB0122,cai2,cai,2,1,0.414763,0.340486,0.086619,0.158132,0.200
SSB0122,dui4,dui,4,4,0.236823,0.113798,0.162887,0.486492,0.160
SSB0122,wei4,wei,4,2,0.302179,0.317064,0.138053,0.242704,0.140
SSB0122,dui4,dui,4,4,0.202358,0.185842,0.269380,0.342420,0.140
SSB0122,jiang1,jiang,1,2,0.244497,0.404685,0.196788,0.154030,0.160
SSB0122,ta1,ta,1,1,0.341298,0.289214,0.094992,0.274496,0.140
SSB0122,ge1,ge,1,2,0.289015,0.314042,0.170692,0.226250,0.160
SSB0122,yi3,yi,3,3,0.081962,0.278614,0.497501,0.141924,0.260
SSB0122,wei4,wei,4,1,0.299081,0.297185,0.140489,0.263245,0.140
SSB0122,shi4,shi,4,1,0.340303,0.277997,0.117032,0.264668,0.260
SSB0122,zai4,zai,4,4,0.286606,0.178480,0.177986,0.356929,0.160
SSB0005,qi2,qi,2,1,0.353587,0.206549,0.238238,0.201627,0.280
SSB0005,jiang1,jiang,1,4,0.237266,0.205596,0.270430,0.286708,0.240
SSB0005,ge1,ge,1,1,0.639225,0.128132,0.027258,0.205385,0.340
SSB0005,dou1,dou,1,1,0.309905,0.226442,0.197070,0.266583,0.240
SSB0005,zai4,zai,4,3,0.316039,0.140058,0.354068,0.189835,0.460
SSB0005,he2,he,2,3,0.086991,0.305039,0.431774,0.176197,0.280
SSB0005,you3,you,3,3,0.155738,0.239936,0.406425,0.197902,0.200
SSB0005,ta1,ta,1,4,0.120053,0.121538,0.215864,0.542545,0.180
SSB0005,dan4,dan,4,3,0.168883,0.222232,0.344015,0.264870,0.200
SSB0005,shi4,shi,4,3,0.217613,0.177634,0.515399,0.089354,0.520
SSB0005,cai2,cai,2,3,0.249167,0.219626,0.316232,0.214976,0.300
SSB0005,jiang1,jiang,1,1,0.371500,0.158624,0.100618,0.369258,0.260
SSB0011,bei4,bei,4,3,0.111477,0.158828,0.460872,0.268823,0.200
SSB0011,cong2,cong,2,3,0.108856,0.031581,0.775856,0.083706,0.400
SSB0011,dan4,dan,4,3,0.048729,0.078372,0.526677,0.346223,0.200
SSB0122,jiang1,jiang,1,1,0.416773,0.117671,0.077440,0.388115,0.260
SSB0122,jiang1,jiang,1,4,0.268452,0.159544,0.171496,0.400508,0.160
SSB0122,dui4,dui,4,2,0.294333,0.349727,0.126682,0.229258,0.180
SSB0122,dou1,dou,1,1,0.608827,0.091364,0.133690,0.166119,0.300
SSB0145,lai2,lai,2,2,0.246831,0.317069,0.254221,0.181878,0.180
SSB0145,bing4,bing,4,3,0.105880,0.252724,0.474618,0.166778,0.240
SSB0145,he2,he,2,4,0.291710,0.255984,0.127862,0.324444,0.160
SSB0145,zai4,zai,4,3,0.200854,0.236367,0.293839,0.268940,0.200
SSB0145,zui4,zui,4,2,0.264029,0.276745,0.195489,0.263737,0.220
SSB0145,ying1,ying,1,2,0.266301,0.371395,0.211256,0.151048,0.180
SSB0145,you3,you,3,3,0.099005,0.173419,0.466487,0.261088,0.180
SSB0145,dui4,dui,4,3,0.219840,0.253052,0.279749,0.247358,0.220
SSB0145,shi4,shi,4,1,0.408950,0.260389,0.053988,0.276673,0.200
SSB0145,dou1,dou,1,2,0.200976,0.531747,0.187314,0.079963,0.160
SSB0145,he2,he,2,2,0.249231,0.311360,0.247121,0.192287,0.240
SSB0145,qu4,qu,4,4,0.002942,0.000016,0.012538,0.984505,0.160
SSB0145,he2,he,2,4,0.290828,0.263766,0.151522,0.293884,0.240
SSB0145,ying1,ying,1,1,0.579804,0.181392,0.071149,0.167655,0.280
SSB0145,geng4,geng,4,4,0.243057,0.177006,0.218807,0.361130,0.140
SSB0145,shi4,shi,4,1,0.455227,0.148898,0.141438,0.254437,0.400
SSB0145,ke3,ke,3,1,0.351524,0.274056,0.061759,0.312661,0.200
SSB0145,you4,you,4,4,0.193088,0.206966,0.288488,0.311458,0.180
SSB0145,geng4,geng,4,2,0.283581,0.628971,0.032909,0.054540,0.140
SSB0145,yu3,yu,3,3,0.137033,0.267927,0.299188,0.295852,0.220
SSB0145,bing4,bing,4,3,0.205885,0.134099,0.355532,0.304484,0.200
SSB0145,lai2,lai,2,3,0.168669,0.292250,0.346750,0.192331,0.180
SSB0145,lai2,lai,2,2,0.294839,0.454490,0.145529,0.105142,0.200
SSB0145,yu2,yu,2,1,0.576975,0.290041,0.017897,0.115087,0.180
SSB0145,qie3,qie,3,4,0.229825,0.107539,0.175349,0.487287,0.200
SSB0145,shi4,shi,4,4,0.288484,0.154331,0.132958,0.424228,0.200
SSB0145,he2,he,2,4,0.280743,0.257555,0.161937,0.299765,0.160
SSB0145,shi4,shi,4,1,0.530347,0.120645,0.046336,0.302673,0.260
SSB0145,hen2,hen,2,4,0.181694,0.171767,0.286868,0.359672,0.160
SSB0145,you2,you,2,1,0.851179,0.046450,0.012343,0.090028,0.300
SSB0145,bei4,bei,4,4,0.251313,0.242068,0.213073,0.293547,0.160
SSB0145,ji2,ji,2,2,0.012590,0.401687,0.252218,0.333505,0.340
SSB0145,shi4,shi,4,4,0.069571,0.010905,0.013673,0.905852,0.380
SSB0145,dan4,dan,4,3,0.178801,0.204334,0.324565,0.292300,0.180
SSB0145,zai4,zai,4,2,0.207314,0.275781,0.259877,0.257028,0.220
SSB0145,zai4,zai,4,4,0.173437,0.161262,0.317366,0.347935,0.200
SSB0145,lai2,lai,2,1,0.481324,0.207439,0.144246,0.166992,0.200
SSB0145,gei3,gei,3,4,0.220427,0.143715,0.206117,0.429740,0.140
SSB0145,zai4,zai,4,4,0.105815,0.017443,0.221869,0.654873,0.300
SSB0145,jiu4,jiu,4,4,0.158665,0.084116,0.243928,0.513291,0.200
SSB0145,bian4,bian,4,4,0.135991,0.116319,0.352471,0.395220,0.160
SSB0145,fang2,fang,2,4,0.262676,0.182945,0.200811,0.353568,0.180
SSB0145,yong4,yong,4,4,0.245277,0.169797,0.178868,0.406058,0.220
SSB0145,qu4,qu,4,1,0.406208,0.273394,0.071362,0.249035,0.240
SSB0145,cong2,cong,2,4,0.265979,0.146279,0.186259,0.401483,0.220
SSB0145,lai2,lai,2,1,0.356158,0.349583,0.111777,0.182482,0.180
SSB0200,zai4,zai,4,4,0.213039,0.000635,0.000285,0.786041,0.300
SSB0200,ni3,ni,3,4,0.161459,0.080763,0.345018,0.412760,0.120
SSB0200,wo3,wo,3,2,0.235669,0.350581,0.241418,0.172332,0.160
SSB0200,you2,you,2,2,0.268482,0.479600,0.141350,0.110567,0.140
SSB0200,er2,er,2,2,0.002294,0.943915,0.053229,0.000561,0.180
SSB0200,yong4,yong,4,1,0.319277,0.256680,0.219933,0.204111,0.240
SSB0200,ni3,ni,3,2,0.229499,0.578074,0.119867,0.072560,0.120
SSB0200,he2,he,2,3,0.000100,0.029684,0.948770,0.021446,0.260
SSB0200,dui4,dui,4,1,0.287376,0.272387,0.201092,0.239145,0.220
SSB0200,he2,he,2,2,0.237957,0.278259,0.240655,0.243129,0.140
SSB0200,zai4,zai,4,4,0.220199,0.211233,0.269639,0.298929,0.180
SSB0200,jiang1,jiang,1,4,0.186946,0.188298,0.306337,0.318420,0.160
SSB0200,wei4,wei,4,4,0.135047,0.110588,0.351710,0.402655,0.180
SSB0200,he2,he,2,4,0.197155,0.198284,0.291965,0.312597,0.160
SSB0200,jiang1,jiang,1,4,0.318126,0.187426,0.147175,0.347272,0.300
SSB0200,er2,er,2,2,0.263853,0.290563,0.210582,0.235002,0.120
SSB0200,zai4,zai,4,2,0.320178,0.356739,0.102541,0.220542,0.180
SSB0200,ke3,ke,3,4,0.185201,0.045671,0.186910,0.582218,0.160
SSB0200,zai4,zai,4,3,0.160031,0.208157,0.375787,0.256025,0.200
SSB0200,ke3,ke,3,4,0.103401,0.036790,0.088603,0.771207,0.160
SSB0241,jin4,jin,4,1,0.667347,0.032611,0.005824,0.294218,0.240
SSB0241,bing4,bing,4,3,0.052046,0.167660,0.557218,0.223076,0.260
SSB0241,yin1,yin,1,2,0.344606,0.382966,0.132074,0.140353,0.180
SSB0241,jin3,jin,3,4,0.272901,0.174953,0.231442,0.320704,0.560
SSB0011,dui4,dui,4,1,0.521586,0.220456,0.024303,0.233655,0.220
SSB0011,dou1,dou,1,3,0.111379,0.217866,0.488551,0.182205,0.200
SSB0011,shi4,shi,4,4,0.291594,0.090264,0.096601,0.521541,0.200
SSB0011,he2,he,2,2,0.289571,0.399329,0.170335,0.140765,0.180
SSB0011,na4,na,4,4,0.186010,0.156331,0.244163,0.413496,0.160
SSB0011,kan4,kan,4,1,0.418863,0.192170,0.131366,0.257601,0.280
SSB0011,shi4,shi,4,1,0.543093,0.074608,0.014719,0.367580,0.260
SSB0241,cong2,cong,2,3,0.049363,0.309280,0.544782,0.096575,0.240
SSB0241,gai1,gai,1,1,0.381424,0.286260,0.091251,0.241065,0.280
SSB0241,jiang1,jiang,1,2,0.290001,0.292252,0.216696,0.201052,0.180
SSB0241,zai4,zai,4,4,0.177771,0.161907,0.287889,0.372434,0.200
SSB0241,he2,he,2,3,0.191427,0.230455,0.375792,0.202326,0.220
SSB0241,dan4,dan,4,4,0.234089,0.167366,0.216457,0.382088,0.200
SSB0241,yi3,yi,3,3,0.222056,0.248461,0.300572,0.228911,0.180
SSB0241,he2,he,2,3,0.074458,0.180180,0.615144,0.130218,0.260
SSB0241,wei4,wei,4,2,0.280588,0.338909,0.196387,0.184115,0.140
SSB0241,dan4,dan,4,3,0.099102,0.151561,0.455933,0.293404,0.180
SSB0241,dui4,dui,4,1,0.469752,0.053753,0.028196,0.448300,0.280
SSB0241,yao4,yao,4,3,0.066692,0.215857,0.549308,0.168143,0.220
SSB0241,he2,he,2,3,0.026982,0.438273,0.506314,0.028431,0.420
SSB0241,he2,he,2,1,0.423016,0.314372,0.094729,0.167883,0.300
SSB0241,zhe4,zhe,4,4,0.138151,0.089849,0.266252,0.505748,0.180
SSB0241,dui4,dui,4,4,0.257453,0.217020,0.243118,0.282409,0.180
SSB0241,ye2,ye,2,1,0.353929,0.135359,0.181133,0.329579,0.520
SSB0241,zai4,zai,4,4,0.253817,0.001135,0.003469,0.741579,0.420
SSB0241,dian3,dian,3,3,0.059780,0.256417,0.571862,0.111940,0.240
SSB0241,rang4,rang,4,3,0.188275,0.218987,0.312219,0.280519,0.160
SSB0241,yao4,yao,4,2,0.119617,0.615132,0.125506,0.139745,0.140
SSB0241,que4,que,4,3,0.000710,0.175543,0.820042,0.003705,0.260
SSB0241,wei4,wei,4,3,0.230629,0.284568,0.287588,0.197215,0.140
SSB0241,dui4,dui,4,2,0.262746,0.401372,0.142964,0.192918,0.220
SSB0241,ba3,ba,3,3,0.095516,0.158808,0.524983,0.220693,0.260
SSB0241,bing4,bing,4,3,0.007411,0.132854,0.787100,0.072635,0.240
SSB0241,he2,he,2,1,0.337373,0.208780,0.245105,0.208743,0.300
SSB0241,hai2,hai,2,1,0.283138,0.267799,0.246647,0.202417,0.300
SSB0241,shi4,shi,4,3,0.146017,0.145145,0.385131,0.323707,0.200
SSB0241,jiang1,jiang,1,1,0.338182,0.163113,0.169661,0.329045,0.400
SSB0241,zhi1,zhi,1,1,0.449623,0.058316,0.121568,0.370493,0.640
SSB0241,zheng1,zheng,1,4,0.249007,0.089820,0.323379,0.337794,0.700
SSB0241,ye3,ye,3,4,0.248211,0.174584,0.253707,0.323497,0.260
SSB0241,lai2,lai,2,2,0.326634,0.459011,0.112512,0.101844,0.160
SSB0241,er2,er,2,2,0.379399,0.448659,0.094783,0.077159,0.160
SSB0241,ye3,ye,3,1,0.353966,0.158950,0.273033,0.214051,0.420
SSB0241,er2,er,2,1,0.481928,0.366353,0.068271,0.083448,0.180
SSB0241,er2,er,2,2,0.289276,0.594145,0.068184,0.048395,0.140
SSB0241,cong2,cong,2,2,0.289064,0.597013,0.066850,0.047073,0.180
SSB0241,zai4,zai,4,4,0.257029,0.129612,0.159727,0.453632,0.240
SSB0241,wei4,wei,4,1,0.434579,0.162108,0.083272,0.320041,0.260
SSB0241,shi3,shi,3,3,0.002560,0.038456,0.921858,0.037127,0.200
SSB0241,neng2,neng,2,3,0.073230,0.252339,0.471115,0.203317,0.280
SSB0241,hui4,hui,4,4,0.232530,0.175171,0.276952,0.315347,0.200
SSB0241,he2,he,2,3,0.163514,0.282074,0.377295,0.177117,0.280
SSB0241,jiu4,jiu,4,2,0.274119,0.303828,0.204346,0.217707,0.180
SSB0241,ni3,ni,3,3,0.178619,0.241219,0.346637,0.233526,0.200
SSB0241,wei4,wei,4,1,0.280341,0.268561,0.220837,0.230261,0.180
SSB0241,jiu4,jiu,4,4,0.414544,0.003570,0.004231,0.577655,0.340
SSB0241,she4,she,4,4,0.069923,0.039481,0.304120,0.586476,0.240
SSB0241,dui4,dui,4,4,0.318989,0.014560,0.029119,0.637332,0.400
SSB0241,cong2,cong,2,2,0.300103,0.517228,0.108906,0.073763,0.180
SSB0241,ye3,ye,3,1,0.381479,0.215681,0.150271,0.252568,0.280
SSB0241,gai1,gai,1,1,0.438062,0.223730,0.111285,0.226923,0.240
SSB0241,lai2,lai,2,2,0.329871,0.330272,0.176464,0.163394,0.200
SSB0241,jiang1,jiang,1,3,0.263809,0.231304,0.276976,0.227911,0.220
SSB0241,he2,he,2,1,0.439284,0.324172,0.089074,0.147469,0.340
SSB0241,jiang1,jiang,1,3,0.014098,0.011632,0.898100,0.076170,0.360
SSB0241,shi4,shi,4,4,0.296879,0.204586,0.146241,0.352295,0.180
SSB0241,jiang1,jiang,1,1,0.299782,0.286259,0.214986,0.198972,0.220
SSB0241,wei4,wei,4,1,0.276361,0.275975,0.200515,0.247150,0.160
SSB0261,rang4,rang,4,2,0.273883,0.336823,0.177532,0.211761,0.180
SSB0261,zai4,zai,4,1,0.295690,0.284686,0.171707,0.247917,0.240
SSB0261,wo3,wo,3,2,0.285480,0.317660,0.196185,0.200675,0.200
SSB0261,dou1,dou,1,2,0.250332,0.354322,0.215053,0.180292,0.180
SSB0261,ni3,ni,3,1,0.339563,0.317765,0.186356,0.156316,0.220
SSB0261,zai4,zai,4,2,0.225694,0.425525,0.188151,0.160629,0.220
SSB0261,ni3,ni,3,3,0.023494,0.450147,0.478207,0.048152,0.440
SSB0261,yao4,yao,4,1,0.404869,0.211803,0.197046,0.186282,0.460
SSB0261,dan4,dan,4,3,0.089965,0.172416,0.422584,0.315036,0.200
SSB0261,zuo4,zuo,4,1,0.537059,0.143064,0.136921,0.182955,0.340
SSB0261,cong2,cong,2,2,0.344836,0.542125,0.058648,0.054391,0.180
SSB0261,qu4,qu,4,4,0.347850,0.003328,0.011196,0.637626,0.580
SSB0261,wu2,wu,2,1,0.482740,0.302319,0.081439,0.133502,0.200
SSB0261,wo2,wo,2,2,0.410195,0.429500,0.079278,0.081028,0.180
SSB0261,jun1,jun,1,1,0.740692,0.005281,0.028613,0.225414,1.040
SSB0261,zuo4,zuo,4,4,0.188663,0.253803,0.120545,0.436990,0.300
SSB0261,dui4,dui,4,4,0.153905,0.160575,0.301324,0.384197,0.180
SSB0261,ni3,ni,3,2,0.183936,0.310613,0.292049,0.213402,0.200
SSB0261,you4,you,4,1,0.314516,0.280402,0.172677,0.232406,0.200
SSB0261,jiang1,jiang,1,1,0.352295,0.334270,0.150854,0.162581,0.200
SSB0261,wo3,wo,3,2,0.290387,0.305652,0.206668,0.197292,0.200
SSB0261,ni3,ni,3,3,0.000707,0.249521,0.741551,0.008222,0.300
SSB0261,jiang1,jiang,1,2,0.340462,0.397856,0.126779,0.134904,0.180
SSB0261,yi3,yi,3,4,0.435895,0.001087,0.006436,0.556583,0.680
SSB0261,jiu4,jiu,4,4,0.281443,0.203656,0.200175,0.314727,0.140
SSB0261,yao4,yao,4,2,0.359846,0.380269,0.084590,0.175295,0.180
SSB0261,shu4,shu,4,2,0.313196,0.457820,0.113139,0.115845,0.140
SSB0261,wo2,wo,2,1,0.694976,0.080570,0.039371,0.185083,0.280
SSB0261,hai2,hai,2,2,0.112134,0.388091,0.347711,0.152064,0.280
SSB0261,jiang1,jiang,1,2,0.284837,0.427064,0.139310,0.148790,0.160
SSB0261,zai4,zai,4,4,0.202917,0.316304,0.142582,0.338198,0.280
SSB0261,jiu4,jiu,4,1,0.482988,0.262326,0.151500,0.103187,0.300
SSB0261,qu4,qu,4,4,0.000012,0.000000,0.000000,0.999988,0.320
SSB0261,yu2,yu,2,4,0.138811,0.309496,0.143450,0.408242,0.460
SSB0261,hen3,hen,3,3,0.026266,0.403918,0.512790,0.057026,0.300
SSB0261,chuan1,chuan,1,1,0.372661,0.266471,0.156298,0.204570,0.220
SSB0261,jiu4,jiu,4,4,0.002171,0.000000,0.000000,0.997829,0.440
SSB0261,ni3,ni,3,2,0.261168,0.320842,0.245391,0.172598,0.180
SSB0261,ta1,ta,1,4,0.306296,0.204787,0.121276,0.367641,0.340
SSB0261,ye3,ye,3,3,0.011777,0.402449,0.553114,0.032661,0.340
SSB0261,shui2,shui,2,2,0.085011,0.360392,0.348126,0.206471,0.280
SSB0261,yao4,yao,4,4,0.253905,0.217510,0.197370,0.331215,0.200
SSB0261,ni3,ni,3,2,0.321116,0.330635,0.179540,0.168708,0.200
SSB0261,da4,da,4,4,0.320910,0.113016,0.173954,0.392120,0.240
SSB0261,tai4,tai,4,1,0.483759,0.155732,0.082238,0.278271,0.280
SSB0261,er2,er,2,2,0.298865,0.607376,0.048926,0.044833,0.160
SSB0261,dan4,dan,4,3,0.078537,0.147200,0.459558,0.314705,0.180
SSB0261,ni3,ni,3,3,0.027244,0.225842,0.624118,0.122796,0.220
SSB0261,wo2,wo,2,2,0.340385,0.460835,0.118821,0.079960,0.160
SSB0261,shi4,shi,4,4,0.191327,0.058945,0.198445,0.551283,0.180
SSB0261,shi2,shi,2,3,0.000630,0.294219,0.702846,0.002305,0.280
SSB0261,zai4,zai,4,4,0.201420,0.176318,0.282621,0.339642,0.200
SSB0261,shi4,shi,4,4,0.125385,0.020142,0.155049,0.699425,0.160
SSB0261,wo3,wo,3,2,0.264723,0.289502,0.235593,0.210182,0.180
SSB0261,ni3,ni,3,2,0.322431,0.366213,0.167245,0.144110,0.180
SSB0261,wo2,wo,2,2,0.389504,0.528243,0.038888,0.043365,0.160
SSB0261,lai2,lai,2,1,0.416748,0.403519,0.090485,0.089248,0.180
SSB0261,wo3,wo,3,2,0.219481,0.418002,0.216213,0.146304,0.180
SSB0267,ye3,ye,3,3,0.108557,0.209485,0.433790,0.248167,0.160
SSB0267,ye3,ye,3,3,0.056782,0.195181,0.562925,0.185112,0.180
SSB0267,ta1,ta,1,4,0.297051,0.236402,0.093374,0.373173,0.160
SSB0267,ni3,ni,3,3,0.064451,0.329850,0.509806,0.095893,0.300
SSB0267,ni3,ni,3,3,0.109582,0.284984,0.396553,0.208881,0.200
SSB0267,zai4,zai,4,1,0.796951,0.073226,0.009012,0.120810,0.240
SSB0267,bie2,bie,2,2,0.214629,0.696827,0.041025,0.047519,0.140
SSB0267,zai4,zai,4,4,0.295022,0.169171,0.126458,0.409349,0.260
SSB0267,wo3,wo,3,1,0.301185,0.288787,0.153095,0.256933,0.160
SSB0011,zai4,zai,4,4,0.269993,0.105245,0.168166,0.456596,0.140
SSB0011,shi4,shi,4,1,0.623854,0.036166,0.056693,0.283287,0.400
SSB0011,zai4,zai,4,4,0.102442,0.078384,0.362624,0.456550,0.180
SSB0011,ge1,ge,1,1,0.560139,0.098992,0.080509,0.260360,0.300
SSB0011,dui4,dui,4,4,0.197273,0.140029,0.243507,0.419191,0.140
SSB0011,shi4,shi,4,4,0.247174,0.094367,0.126135,0.532324,0.200
SSB0011,zai4,zai,4,1,0.876378,0.012080,0.007877,0.103665,0.260
SSB0267,shi4,shi,4,3,0.000000,0.000000,0.999347,0.000653,0.180
SSB0267,zui4,zui,4,3,0.001619,0.000988,0.942908,0.054485,0.220
SSB0267,ge1,ge,1,2,0.159868,0.443290,0.219398,0.177444,0.180
SSB0267,wo3,wo,3,3,0.094364,0.238380,0.402216,0.265040,0.160
SSB0267,zhao3,zhao,3,3,0.000706,0.009462,0.972035,0.017797,0.180
SSB0267,na4,na,4,3,0.165836,0.195360,0.348542,0.290261,0.160
SSB0267,jiu4,jiu,4,4,0.253011,0.263846,0.155707,0.327437,0.220
SSB0267,dui4,dui,4,4,0.155361,0.152023,0.318547,0.374069,0.160
SSB0267,ge1,ge,1,2,0.202085,0.364630,0.250290,0.182995,0.200
SSB0267,shi4,shi,4,3,0.141473,0.270534,0.386413,0.201579,0.300
SSB0267,rang4,rang,4,3,0.118005,0.211529,0.461805,0.208660,0.180
SSB0267,zai4,zai,4,4,0.208747,0.141782,0.227084,0.422387,0.180
SSB0267,geng4,geng,4,4,0.195282,0.186173,0.265491,0.353054,0.160
SSB0267,shi4,shi,4,3,0.258238,0.236461,0.296229,0.209072,0.360
SSB0267,zai4,zai,4,4,0.199453,0.253642,0.271257,0.275649,0.200
SSB0267,he2,he,2,4,0.220685,0.254707,0.254670,0.269938,0.140
SSB0267,ba3,ba,3,4,0.223611,0.224412,0.260364,0.291613,0.160
SSB0267,zher4,zher,4,4,0.230570,0.100373,0.262737,0.406320,0.360
SSB0267,shuo1,shuo,1,1,0.394820,0.251078,0.080423,0.273679,0.220
SSB0267,gan4,gan,4,4,0.196107,0.204535,0.198835,0.400523,0.360
SSB0267,qu4,qu,4,4,0.122436,0.019026,0.206516,0.652022,0.200
SSB0267,ni3,ni,3,3,0.091588,0.187595,0.488429,0.232388,0.160
SSB0267,ba3,ba,3,2,0.292720,0.306822,0.175507,0.224951,0.140
SSB0267,you2,you,2,2,0.313933,0.406329,0.147353,0.132386,0.140
SSB0267,wo3,wo,3,3,0.204716,0.247289,0.275453,0.272541,0.160
SSB0267,dou1,dou,1,1,0.460090,0.291023,0.006102,0.242785,0.220
SSB0267,qu4,qu,4,2,0.319862,0.324970,0.107481,0.247687,0.160
SSB0267,shi4,shi,4,3,0.000376,0.033845,0.962916,0.002864,0.220
SSB0267,ba3,ba,3,3,0.170753,0.248188,0.388721,0.192339,0.280
SSB0267,ge1,ge,1,2,0.294341,0.298832,0.200791,0.206036,0.160
SSB0267,zhe4,zhe,4,4,0.259843,0.224951,0.198680,0.316526,0.160
SSB0267,wo3,wo,3,3,0.141363,0.147255,0.406705,0.304677,0.140
SSB0267,zhe4,zhe,4,1,0.411772,0.203471,0.092122,0.292635,0.260
SSB0267,wo2,wo,2,1,0.371618,0.256235,0.139869,0.232278,0.240
SSB0267,huo4,huo,4,4,0.300724,0.182279,0.061062,0.455936,0.240
SSB0267,cong2,cong,2,4,0.142134,0.241183,0.133180,0.483502,0.200
SSB0267,yao4,yao,4,2,0.076847,0.459129,0.137986,0.326038,0.300
SSB0267,ju4,ju,4,3,0.060809,0.128602,0.524185,0.286405,0.240
SSB0267,ge1,ge,1,1,0.293609,0.291074,0.178285,0.237032,0.160
SSB0273,he2,he,2,1,0.353258,0.269701,0.177505,0.199535,0.240
SSB0273,cong1,cong,1,1,0.548797,0.265340,0.051343,0.134520,0.200
SSB0273,gen1,gen,1,2,0.253517,0.444902,0.144970,0.156611,0.180
SSB0273,dou1,dou,1,4,0.215388,0.290598,0.202224,0.291790,0.300
SSB0273,ye3,ye,3,2,0.206240,0.331937,0.167216,0.294607,0.180
SSB0273,yu4,yu,4,4,0.030679,0.085637,0.057930,0.825754,0.440
SSB0273,zai4,zai,4,2,0.302568,0.320314,0.195453,0.181664,0.180
SSB0273,fang4,fang,4,4,0.311035,0.080688,0.065330,0.542948,0.320
SSB0273,li3,li,3,2,0.164780,0.427222,0.212718,0.195280,0.320
SSB0273,ge1,ge,1,2,0.203954,0.529464,0.165465,0.101116,0.200
SSB0273,fang4,fang,4,1,0.410344,0.157430,0.192468,0.239759,0.420
SSB0273,ge1,ge,1,4,0.263744,0.305186,0.125098,0.305972,0.240
SSB0273,dou1,dou,1,1,0.294792,0.279771,0.206606,0.218830,0.300
SSB0273,fang4,fang,4,4,0.284772,0.152456,0.168729,0.394043,0.360
SSB0273,ge1,ge,1,1,0.337508,0.321372,0.158302,0.182818,0.200
SSB0273,zai4,zai,4,4,0.250468,0.207040,0.249142,0.293350,0.160
SSB0273,he2,he,2,4,0.233487,0.191746,0.207096,0.367671,0.320
SSB0273,jiu4,jiu,4,4,0.210034,0.068634,0.221363,0.499969,0.180
SSB0273,cong2,cong,2,1,0.405847,0.154707,0.161565,0.277882,0.160
SSB0273,ben3,ben,3,1,0.319355,0.266978,0.188529,0.225138,0.180
SSB0273,jiang1,jiang,1,1,0.379266,0.178342,0.106703,0.335689,0.300
SSB0273,fang4,fang,4,4,0.257144,0.058392,0.076233,0.608231,0.400
SSB0273,fang4,fang,4,4,0.280762,0.151219,0.156992,0.411028,0.340
SSB0273,yu3,yu,3,2,0.175787,0.326670,0.320989,0.176554,0.260
SSB0273,shi4,shi,4,2,0.304982,0.474891,0.071667,0.148461,0.160
SSB0273,deng3,deng,3,3,0.035618,0.226385,0.629240,0.108757,0.220
SSB0273,he2,he,2,4,0.000101,0.000041,0.000107,0.999750,0.360
SSB0273,fang4,fang,4,4,0.318823,0.102221,0.130436,0.448519,0.420
SSB0273,jiang1,jiang,1,4,0.089673,0.034504,0.048835,0.826988,0.340
SSB0273,zai4,zai,4,4,0.183188,0.162459,0.321283,0.333069,0.180
SSB0273,rang4,rang,4,4,0.356456,0.132751,0.084208,0.426584,0.300
SSB0273,shi4,shi,4,1,0.462510,0.131336,0.074953,0.331201,0.260
SSB0273,fang4,fang,4,4,0.330017,0.131358,0.137283,0.401342,0.380
SSB0273,jiu4,jiu,4,4,0.088429,0.000028,0.000012,0.911532,0.320
SSB0273,zuo4,zuo,4,4,0.143748,0.139039,0.352727,0.364485,0.160
SSB0273,yu3,yu,3,3,0.155465,0.322995,0.337119,0.184422,0.220
SSB0273,fang4,fang,4,4,0.247652,0.055744,0.054909,0.641695,0.360
SSB0273,ge1,ge,1,1,0.434001,0.229124,0.145887,0.190988,0.240
SSB0273,fang4,fang,4,4,0.391399,0.050331,0.093233,0.465038,0.480
SSB0273,shi4,shi,4,4,0.345122,0.019994,0.015021,0.619864,0.320
SSB0273,fang4,fang,4,4,0.226496,0.034477,0.032643,0.706384,0.360
SSB0273,ge1,ge,1,2,0.248155,0.421490,0.196135,0.134220,0.200
SSB0273,bing4,bing,4,3,0.137358,0.258284,0.388265,0.216093,0.240
SSB0273,ta1,ta,1,1,0.332825,0.305042,0.171855,0.190278,0.160
SSB0273,ke3,ke,3,4,0.290258,0.047362,0.131916,0.530464,0.240
SSB0273,fang2,fang,2,2,0.373754,0.395831,0.107977,0.122438,0.180
SSB0273,ye3,ye,3,1,0.340928,0.193328,0.308931,0.156814,0.560
SSB0273,fang4,fang,4,4,0.278881,0.128945,0.143155,0.449020,0.380
SSB0273,mao1,mao,1,1,0.306500,0.305638,0.225533,0.162329,0.220
SSB0273,fang4,fang,4,4,0.271562,0.125825,0.119001,0.483612,0.340
SSB0273,ge1,ge,1,2,0.227523,0.352320,0.254164,0.165994,0.200
SSB0287,ta1,ta,1,4,0.200210,0.224092,0.154054,0.421644,0.160
SSB0287,shi4,shi,4,4,0.349189,0.035087,0.025320,0.590404,0.420
SSB0287,wo3,wo,3,4,0.349189,0.035087,0.025320,0.590404,0.420
SSB0287,shuo1,shuo,1,4,0.283252,0.182328,0.190568,0.343852,0.160
SSB0287,qian4,qian,4,3,0.207721,0.286692,0.300399,0.205187,0.340
SSB0287,ni3,ni,3,3,0.045656,0.179846,0.666938,0.107560,0.220
SSB0287,ruo4,ruo,4,4,0.149795,0.157200,0.336758,0.356246,0.180
SSB0287,ke3,ke,3,1,0.501846,0.249050,0.151447,0.097657,0.460
SSB0287,he2,he,2,2,0.205314,0.299967,0.284733,0.209986,0.180
SSB0287,shi4,shi,4,4,0.413767,0.023860,0.005648,0.556725,0.300
SSB0287,mang2,mang,2,3,0.052613,0.157333,0.687435,0.102618,0.200
SSB0287,you2,you,2,3,0.101824,0.188670,0.570555,0.138952,0.180
SSB0287,er2,er,2,2,0.280382,0.461911,0.139763,0.117943,0.140
SSB0287,jiang1,jiang,1,4,0.189775,0.166462,0.199271,0.444492,0.180
SSB0287,zhi3,zhi,3,2,0.059576,0.520157,0.393501,0.026766,0.380
SSB0287,hen2,hen,2,1,0.364590,0.258250,0.094425,0.282735,0.220
SSB0287,zai4,zai,4,1,0.362735,0.225207,0.071648,0.340411,0.240
SSB0287,jiang1,jiang,1,4,0.317440,0.217537,0.044278,0.420745,0.200
SSB0287,zui4,zui,4,1,0.339666,0.198694,0.290896,0.170744,0.300
SSB0011,jiu4,jiu,4,4,0.306031,0.165487,0.149069,0.379413,0.200
SSB0011,yu3,yu,3,3,0.006688,0.239681,0.620675,0.132956,0.280
SSB0011,duo1,duo,1,2,0.316989,0.471852,0.112639,0.098520,0.180
SSB0011,shi4,shi,4,4,0.112939,0.116655,0.243008,0.527397,0.180
SSB0011,yong4,yong,4,2,0.302227,0.491957,0.086169,0.119647,0.160
SSB0011,xiang3,xiang,3,3,0.013982,0.338236,0.565844,0.081938,0.320
SSB0011,qu4,qu,4,1,0.430971,0.401571,0.047653,0.119805,0.200
SSB0287,dou1,dou,1,4,0.182453,0.167650,0.181885,0.468012,0.180
SSB0287,shi4,shi,4,1,0.724896,0.103389,0.003147,0.168569,0.220
SSB0287,ai4,ai,4,4,0.157233,0.179925,0.305258,0.357584,0.180
SSB0287,ye2,ye,2,3,0.204099,0.276058,0.383856,0.135987,0.180
SSB0287,dui4,dui,4,1,0.350136,0.332028,0.089246,0.228590,0.240
SSB0287,he2,he,2,3,0.086836,0.265434,0.389660,0.258069,0.240
SSB0287,gai1,gai,1,4,0.256453,0.223476,0.223608,0.296463,0.200
SSB0287,zai4,zai,4,4,0.161424,0.125452,0.295549,0.417575,0.160
SSB0287,tao4,tao,4,1,0.543130,0.112186,0.027332,0.317351,0.280
SSB0287,zai4,zai,4,4,0.114945,0.060599,0.397068,0.427389,0.160
SSB0287,zhe4,zhe,4,4,0.177051,0.065227,0.198830,0.558892,0.140
SSB0287,er2,er,2,2,0.294322,0.537143,0.093207,0.075328,0.140
SSB0287,dan4,dan,4,3,0.159787,0.185663,0.342569,0.311980,0.160
SSB0287,shi4,shi,4,1,0.311628,0.248664,0.163220,0.276489,0.280
SSB0287,dang1,dang,1,2,0.271375,0.304020,0.224542,0.200062,0.140
SSB0287,yao4,yao,4,4,0.160573,0.139424,0.337588,0.362415,0.140
SSB0287,bei4,bei,4,1,0.411280,0.171408,0.038829,0.378482,0.240
SSB0287,suo2,suo,2,4,0.029024,0.013266,0.096837,0.860874,0.180
SSB0287,shi4,shi,4,1,0.558611,0.010867,0.010589,0.419932,0.480
SSB0287,shang4,shang,4,4,0.148773,0.050307,0.196538,0.604381,0.220
SSB0287,bing4,bing,4,3,0.186217,0.213564,0.324851,0.275369,0.180
SSB0287,shi4,shi,4,1,0.329786,0.218665,0.129722,0.321828,0.300
SSB0287,yin1,yin,1,2,0.259458,0.393988,0.208030,0.138524,0.140
SSB0287,zai4,zai,4,3,0.136259,0.190832,0.462099,0.210810,0.240
SSB0287,shi4,shi,4,1,0.613928,0.017091,0.015917,0.353064,0.480
SSB0288,huo4,huo,4,4,0.252617,0.007879,0.000234,0.739271,0.420
SSB0288,jiu4,jiu,4,4,0.132843,0.140477,0.104972,0.621709,0.160
SSB0288,zai4,zai,4,4,0.066733,0.019701,0.277137,0.636429,0.180
SSB0288,you3,you,3,1,0.830647,0.066185,0.062344,0.040823,0.640
SSB0288,zai4,zai,4,2,0.255264,0.383138,0.154027,0.207571,0.200
SSB0288,bing4,bing,4,3,0.024346,0.070807,0.622356,0.282491,0.200
SSB0288,zai4,zai,4,4,0.144121,0.056182,0.113616,0.686081,0.180
SSB0288,zang4,zang,4,3,0.029596,0.073313,0.633276,0.263814,0.300
SSB0288,ai4,ai,4,3,0.211937,0.172275,0.438270,0.177517,0.160
SSB0288,jiang1,jiang,1,4,0.383116,0.169023,0.039418,0.408443,0.260
SSB0307,ye3,ye,3,3,0.092797,0.215548,0.489627,0.202028,0.200
SSB0307,na4,na,4,4,0.191420,0.187497,0.302074,0.319009,0.140
SSB0307,bie2,bie,2,1,0.312069,0.270170,0.206180,0.211581,0.220
SSB0307,wo3,wo,3,3,0.108018,0.289303,0.453921,0.148757,0.280
SSB0307,ta1,ta,1,4,0.189392,0.286524,0.217896,0.306187,0.260
SSB0307,ta1,ta,1,4,0.278946,0.209428,0.168351,0.343274,0.140
SSB0307,wo3,wo,3,3,0.000078,0.144882,0.836920,0.018120,0.260
SSB0307,yin1,yin,1,1,0.339790,0.264938,0.187074,0.208198,0.200
SSB0307,wo3,wo,3,3,0.180100,0.276402,0.334054,0.209444,0.180
SSB0307,zhe4,zhe,4,1,0.313745,0.260646,0.115090,0.310518,0.220
SSB0307,jiu4,jiu,4,4,0.248814,0.224369,0.261448,0.265369,0.200
SSB0307,wo3,wo,3,3,0.198502,0.236491,0.307405,0.257601,0.160
SSB0307,dou1,dou,1,4,0.249281,0.247270,0.249239,0.254210,0.200
SSB0307,ni3,ni,3,3,0.140539,0.274388,0.459375,0.125698,0.300
SSB0307,zai4,zai,4,4,0.282001,0.254289,0.174899,0.288811,0.220
SSB0307,jiu4,jiu,4,4,0.262286,0.285679,0.162421,0.289615,0.240
SSB0307,wo3,wo,3,3,0.211347,0.208614,0.292006,0.288033,0.120
SSB0307,wan2,wan,2,2,0.235543,0.284883,0.284703,0.194872,0.200
SSB0307,jiang1,jiang,1,1,0.267800,0.252188,0.223410,0.256602,0.280
SSB0307,wo3,wo,3,3,0.223164,0.238569,0.284829,0.253438,0.140
SSB0307,wo1,wo,1,2,0.244930,0.301465,0.231728,0.221877,0.140
SSB0307,zai4,zai,4,3,0.191212,0.170275,0.345123,0.293389,0.120
SSB0307,zai4,zai,4,3,0.193101,0.242039,0.320837,0.244023,0.200
SSB0307,neng2,neng,2,3,0.287012,0.221388,0.330904,0.160695,0.320
SSB0307,wo3,wo,3,4,0.237816,0.239133,0.250128,0.272923,0.140
SSB0307,wei2,wei,2,1,0.316945,0.255627,0.228143,0.199286,0.200
SSB0307,ni2,ni,2,2,0.283055,0.302977,0.199317,0.214651,0.140
SSB0307,shi4,shi,4,2,0.227963,0.294047,0.207523,0.270467,0.160
SSB0307,shi4,shi,4,1,0.389305,0.186401,0.174998,0.249295,0.320
SSB0307,wo2,wo,2,1,0.302669,0.273270,0.219669,0.204392,0.200
SSB0307,dao4,dao,4,3,0.197331,0.265385,0.312460,0.224824,0.180
SSB0307,wo2,wo,2,2,0.253448,0.288930,0.234514,0.223108,0.160
SSB0307,cong2,cong,2,3,0.165684,0.250890,0.380412,0.203014,0.300
SSB0307,cong2,cong,2,4,0.190325,0.252435,0.247740,0.309500,0.320
SSB0307,gai1,gai,1,1,0.279451,0.244718,0.233648,0.242183,0.240
SSB0307,he2,he,2,3,0.196179,0.240337,0.327266,0.236218,0.220
SSB0307,shi4,shi,4,1,0.436637,0.149900,0.232180,0.181283,0.440
SSB0011,jiang1,jiang,1,1,0.488209,0.119487,0.107394,0.284910,0.320
SSB0011,yin1,yin,1,2,0.286274,0.398895,0.164676,0.150155,0.160
SSB0011,dao4,dao,4,4,0.255413,0.183009,0.187770,0.373808,0.180
SSB0307,ni3,ni,3,2,0.234241,0.265365,0.259845,0.240549,0.140
SSB0307,zhe4,zhe,4,4,0.178929,0.178687,0.306998,0.335387,0.160
SSB0307,hai2,hai,2,3,0.124700,0.114368,0.576317,0.184615,0.200
SSB0307,he2,he,2,2,0.238683,0.483197,0.123298,0.154821,0.180
SSB0307,xiang3,xiang,3,3,0.105187,0.252357,0.395303,0.247153,0.220
SSB0307,ren2,ren,2,2,0.265955,0.294806,0.228212,0.211027,0.180
SSB0307,zai4,zai,4,3,0.209629,0.228739,0.282204,0.279427,0.140
SSB0307,ni2,ni,2,2,0.239389,0.266675,0.261506,0.232429,0.120
SSB0307,wo3,wo,3,1,0.320171,0.198076,0.274837,0.206916,0.340
SSB0307,zhe4,zhe,4,3,0.176197,0.246767,0.319903,0.257132,0.220
SSB0307,shi4,shi,4,2,0.317416,0.482931,0.073764,0.125889,0.180
SSB0307,ni2,ni,2,2,0.295716,0.347813,0.167257,0.189213,0.160
SSB0307,bei4,bei,4,1,0.344660,0.285911,0.178270,0.191158,0.200
SSB0307,ni3,ni,3,2,0.256386,0.281684,0.230780,0.231150,0.140
SSB0307,cong2,cong,2,3,0.189626,0.257360,0.288793,0.264221,0.240
SSB0307,ni3,ni,3,1,0.370687,0.190743,0.201608,0.236963,0.300
SSB0307,ni2,ni,2,2,0.353464,0.355883,0.121680,0.168973,0.180
SSB0307,wo3,wo,3,4,0.245848,0.250360,0.235543,0.268249,0.120
SSB0307,ni2,ni,2,1,0.316361,0.315366,0.181626,0.186647,0.160
SSB0307,he2,he,2,2,0.208961,0.380608,0.164360,0.246071,0.160
SSB0309,geng4,geng,4,1,0.463800,0.204609,0.106713,0.224879,0.280
SSB0309,lai2,lai,2,2,0.311021,0.404069,0.174077,0.110833,0.180
SSB0309,zai4,zai,4,4,0.234303,0.112989,0.183190,0.469518,0.220
SSB0309,zai4,zai,4,1,0.440156,0.112499,0.059971,0.387373,0.280
SSB0309,cong3,cong,3,4,0.219305,0.102757,0.202569,0.475369,0.160
SSB0309,que4,que,4,1,0.387399,0.213366,0.086290,0.312946,0.220
SSB0309,qi2,qi,2,4,0.393085,0.073817,0.049993,0.483105,0.300
SSB0309,jiang3,jiang,3,3,0.241451,0.252673,0.263878,0.241997,0.240
SSB0309,zai4,zai,4,4,0.199584,0.123171,0.246884,0.430362,0.180
SSB0309,ye3,ye,3,2,0.253121,0.310622,0.257434,0.178823,0.200
SSB0309,wo3,wo,3,2,0.217871,0.296354,0.283929,0.201846,0.220
SSB0309,ni3,ni,3,3,0.041967,0.280930,0.598744,0.078359,0.260
SSB0309,zui4,zui,4,1,0.522520,0.014250,0.003167,0.460063,0.260
SSB0309,jiang1,jiang,1,1,0.330914,0.203682,0.146388,0.319015,0.240
SSB0309,zhe4,zhe,4,4,0.151691,0.107857,0.256742,0.483711,0.160
SSB0309,guo4,guo,4,3,0.022087,0.113567,0.841025,0.023321,0.460
SSB0309,bing4,bing,4,3,0.068944,0.215499,0.524825,0.190733,0.220
SSB0309,he2,he,2,3,0.124509,0.197851,0.400878,0.276762,0.200
SSB0309,jiang3,jiang,3,3,0.158403,0.206017,0.360767,0.274812,0.200
SSB0309,ke3,ke,3,3,0.003274,0.005583,0.929859,0.061284,0.200
SSB0309,zai4,zai,4,2,0.319305,0.657050,0.003319,0.020326,0.260
SSB0316,deng3,deng,3,4,0.312853,0.176252,0.196926,0.313968,0.120
SSB0316,wei4,wei,4,4,0.207989,0.215786,0.272933,0.303291,0.140
SSB0316,que4,que,4,4,0.227082,0.249424,0.201158,0.322335,0.320
SSB0316,er2,er,2,2,0.262169,0.605790,0.076121,0.055920,0.140
SSB0316,ni3,ni,3,3,0.197914,0.248554,0.305217,0.248315,0.180
SSB0316,wo2,wo,2,2,0.272254,0.449569,0.181928,0.096249,0.160
SSB0316,yao4,yao,4,3,0.108700,0.245368,0.411329,0.234602,0.180
SSB0316,shei2,shei,2,1,0.436084,0.287147,0.097527,0.179242,0.180
SSB0316,wo3,wo,3,3,0.223510,0.201010,0.315684,0.259796,0.140
SSB0316,zai4,zai,4,2,0.298925,0.316782,0.178765,0.205528,0.200
SSB0316,shi4,shi,4,1,0.475030,0.258094,0.019906,0.246970,0.180
SSB0316,ta1,ta,1,4,0.283716,0.060224,0.034629,0.621430,0.320
SSB0316,ta1,ta,1,2,0.263144,0.660458,0.044981,0.031418,0.140
SSB0316,bing4,bing,4,4,0.318714,0.237379,0.080356,0.363551,0.240
SSB0316,wo2,wo,2,2,0.277496,0.379909,0.210053,0.132543,0.180
SSB0316,qu4,qu,4,1,0.529976,0.079596,0.027295,0.363134,0.240
SSB0316,rang4,rang,4,3,0.205111,0.264287,0.299991,0.230611,0.140
SSB0316,yao4,yao,4,2,0.251568,0.403306,0.199646,0.145479,0.120
SSB0316,zhe4,zhe,4,4,0.274531,0.146303,0.153261,0.425906,0.160
SSB0316,da4,da,4,4,0.225653,0.122895,0.243419,0.408032,0.160
SSB0316,jiu4,jiu,4,4,0.139349,0.047044,0.213394,0.600213,0.140
SSB0011,shi4,shi,4,1,0.381302,0.212732,0.085361,0.320605,0.200
SSB0012,ba1,ba,1,4,0.212201,0.263201,0.252173,0.272424,0.340
SSB0012,jian3,jian,3,3,0.144274,0.283745,0.401707,0.170274,0.260
SSB0012,ba2,ba,2,1,0.367292,0.168635,0.220156,0.243917,0.360
SSB0012,kan4,kan,4,4,0.204418,0.154591,0.246877,0.394114,0.200
SSB0012,ni3,ni,3,2,0.223190,0.309299,0.252333,0.215177,0.160
SSB0012,deng3,deng,3,3,0.068454,0.190079,0.566120,0.175347,0.220
SSB0012,ni2,ni,2,1,0.392722,0.189350,0.177382,0.240546,0.300
SSB0316,you2,you,2,2,0.180717,0.384698,0.311695,0.122890,0.180
SSB0316,zai4,zai,4,2,0.346363,0.558311,0.037260,0.058066,0.160
SSB0316,jiu4,jiu,4,3,0.184452,0.273268,0.321015,0.221265,0.440
SSB0316,you3,you,3,3,0.023482,0.148471,0.618316,0.209730,0.200
SSB0316,wo2,wo,2,1,0.352639,0.347869,0.125922,0.173570,0.200
SSB0316,shir4,shir,4,2,0.247978,0.341558,0.174721,0.235742,0.320
SSB0316,wo3,wo,3,4,0.269169,0.220675,0.211193,0.298963,0.160
SSB0316,shir4,shir,4,1,0.459590,0.383577,0.107959,0.048874,0.320
SSB0316,wo2,wo,2,2,0.216304,0.577390,0.153214,0.053092,0.120
SSB0323,you2,you,2,3,0.101337,0.281023,0.478062,0.139578,0.240
SSB0323,lai2,lai,2,1,0.329397,0.274829,0.230937,0.164837,0.220
SSB0323,ting1,ting,1,4,0.267249,0.111027,0.114038,0.507686,0.380
SSB0323,dui4,dui,4,2,0.241421,0.260100,0.251289,0.247190,0.180
SSB0323,zai4,zai,4,3,0.208059,0.236082,0.290424,0.265436,0.200
SSB0323,dian3,dian,3,3,0.095490,0.380594,0.471113,0.052803,0.440
SSB0323,wang2,wang,2,3,0.045820,0.277863,0.610122,0.066196,0.260
SSB0323,qi2,qi,2,1,0.316413,0.200209,0.222584,0.260794,0.400
SSB0323,wei4,wei,4,3,0.211395,0.201265,0.307439,0.279900,0.160
SSB0323,bing4,bing,4,1,0.479057,0.143855,0.174873,0.202215,0.340
SSB0323,jiang1,jiang,1,1,0.315973,0.210764,0.185127,0.288136,0.280
SSB0323,he2,he,2,3,0.135846,0.282901,0.455067,0.126186,0.280
SSB0323,zai4,zai,4,3,0.168723,0.256911,0.351787,0.222580,0.240
SSB0323,chao1,chao,1,1,0.535606,0.128518,0.115593,0.220283,0.300
SSB0323,shi4,shi,4,1,0.323103,0.271346,0.155218,0.250333,0.200
SSB0323,lai2,lai,2,1,0.653353,0.174262,0.041975,0.130411,0.240
SSB0323,lai2,lai,2,3,0.174879,0.261191,0.391371,0.172559,0.220
SSB0323,rang4,rang,4,3,0.266748,0.211581,0.282335,0.239336,0.200
SSB0323,dou1,dou,1,1,0.436883,0.264643,0.061792,0.236681,0.200
SSB0323,zai4,zai,4,4,0.245550,0.240530,0.239558,0.274363,0.200
SSB0323,geng4,geng,4,4,0.315474,0.164543,0.135604,0.384379,0.300
SSB0323,ta1,ta,1,1,0.441695,0.119772,0.100251,0.338282,0.300
SSB0323,zai4,zai,4,3,0.093431,0.240312,0.399272,0.266986,0.520
SSB0323,dui4,dui,4,3,0.194403,0.242295,0.303631,0.259671,0.180
SSB0323,zai4,zai,4,3,0.200100,0.231099,0.288695,0.280106,0.220
SSB0323,jing1,jing,1,1,0.417765,0.174306,0.110314,0.297616,0.240
SSB0323,ai4,ai,4,3,0.155288,0.162241,0.388208,0.294263,0.320
SSB0323,bi3,bi,3,3,0.123794,0.251235,0.451259,0.173712,0.260
SSB0323,fang4,fang,4,1,0.456988,0.169375,0.153621,0.220015,0.280
SSB0323,xiang4,xiang,4,3,0.148222,0.194758,0.349714,0.307306,0.240
SSB0323,ge1,ge,1,1,0.317484,0.228227,0.227248,0.227041,0.260
SSB0323,yao4,yao,4,3,0.223747,0.264915,0.283151,0.228187,0.200
SSB0323,dui4,dui,4,1,0.313298,0.177692,0.203655,0.305355,0.300
SSB0323,dan4,dan,4,3,0.153258,0.232803,0.364146,0.249792,0.200
SSB0323,he2,he,2,3,0.100640,0.273490,0.468451,0.157418,0.240
SSB0323,wei4,wei,4,3,0.156569,0.172912,0.381821,0.288697,0.140
SSB0323,zhe4,zhe,4,4,0.224948,0.202001,0.263268,0.309783,0.200
SSB0323,gei3,gei,3,3,0.093350,0.306910,0.490927,0.108813,0.280
SSB0323,rang4,rang,4,3,0.225040,0.237339,0.302012,0.235609,0.180
SSB0323,dan4,dan,4,3,0.183728,0.205722,0.321975,0.288575,0.200
SSB0323,reng2,reng,2,3,0.291963,0.226706,0.306185,0.175146,0.240
SSB0323,zai4,zai,4,4,0.209895,0.206648,0.266719,0.316738,0.180
SSB0338,yao4,yao,4,3,0.067948,0.092641,0.523984,0.315427,0.160
SSB0338,shi4,shi,4,1,0.518714,0.138736,0.061563,0.280988,0.280
SSB0338,zai4,zai,4,4,0.135593,0.085535,0.310233,0.468638,0.180
SSB0338,xiang3,xiang,3,3,0.145770,0.163601,0.356871,0.333758,0.240
SSB0338,yao4,yao,4,3,0.029941,0.097939,0.684596,0.187523,0.200
SSB0338,hui2,hui,2,3,0.041425,0.299966,0.512300,0.146308,0.300
SSB0338,xin1,xin,1,1,0.326465,0.268448,0.160703,0.244384,0.280
SSB0338,he2,he,2,3,0.000017,0.005401,0.976766,0.017815,0.240
SSB0338,qu3,qu,3,3,0.006181,0.447109,0.522404,0.024306,0.420
SSB0338,jiu4,jiu,4,4,0.189517,0.139855,0.274991,0.395637,0.160
SSB0338,qing3,qing,3,4,0.318999,0.130207,0.126487,0.424308,0.140
SSB0338,zai4,zai,4,4,0.260180,0.213043,0.195173,0.331604,0.160
SSB0338,shei2,shei,2,2,0.213724,0.318039,0.175531,0.292706,0.380
SSB0338,zhe4,zhe,4,2,0.307693,0.337678,0.124759,0.229870,0.160
SSB0338,dan4,dan,4,3,0.146306,0.166692,0.377042,0.309960,0.140
SSB0338,shi4,shi,4,1,0.406575,0.166434,0.089667,0.337324,0.380
SSB0338,you3,you,3,3,0.009466,0.049527,0.832783,0.108224,0.200
SSB0338,you4,you,4,4,0.439770,0.076371,0.039776,0.444083,0.300
SSB0338,guan1,guan,1,1,0.331987,0.331583,0.116952,0.219478,0.180
