token_id,split,token_audio_path,target_tone_proxy,target_tone_proxy_source,predicted_tone,model_candidate,model_score_type,decision_score_T1,decision_score_T2,decision_score_T3,decision_score_T4,top1_margin,runner_up_tone,context_status,boundary_provenance,pitch_provenance,source_audio_path,source_audio_status,previous_lexical_tone,following_lexical_tone,sandhi_context,annotation_status,gold_status,auto_promotion_prohibited,human_perceived_tone,human_correctness,reviewer_id,reviewed_at,adjudicator_id,adjudication_status,review_notes,queue_reasons,priority_band
00200320_00,train,benchmark_token_segments/00200320_00.wav,T3,human_correct_prompt_proxy,T1,fusion;C=0.03,uncalibrated_linear_svm_margin,-0.38905622194601297,-0.3914160857728551,-0.9276117145149498,-0.7178234796793053,0.00235986,T2,needs_data_train_metadata_not_supplied,needs_data_train_metadata_not_supplied,needs_data_train_metadata_not_supplied,,needs_data_train_metadata_not_supplied,,,needs_data_train_metadata_not_supplied,preannotation_needs_human_review,not_gold,True,,,,,,not_reviewed,,T3_error;low_margin_ambiguous,1
00204526_09,train,benchmark_token_segments/00204526_09.wav,T3,human_correct_prompt_proxy,T4,wav2vec_mean;C=0.03,uncalibrated_linear_svm_margin,-1.5454092446268128,-0.15790841844383008,-0.2713454400672366,-0.13461271371368616,0.0232957,T2,needs_data_train_metadata_not_supplied,needs_data_train_metadata_not_supplied,needs_data_train_metadata_not_supplied,,needs_data_train_metadata_not_supplied,,,needs_data_train_metadata_not_supplied,preannotation_needs_human_review,not_gold,True,,,,,,not_reviewed,,T3_error;low_margin_ambiguous,1
00202020_08,train,benchmark_token_segments/00202020_08.wav,T3,human_correct_prompt_proxy,T2,fusion;C=0.03,uncalibrated_linear_svm_margin,-1.1742910850744868,-0.2188354982944699,-0.37882422825612727,-0.25400403465066895,0.03516854,T4,needs_data_train_metadata_not_supplied,needs_data_train_metadata_not_supplied,needs_data_train_metadata_not_supplied,,needs_data_train_metadata_not_supplied,,,needs_data_train_metadata_not_supplied,preannotation_needs_human_review,not_gold,True,,,,,,not_reviewed,,T3_error;low_margin_ambiguous,1
00204326_08,train,benchmark_token_segments/00204326_08.wav,T3,human_correct_prompt_proxy,T4,fusion;C=0.1,uncalibrated_linear_svm_margin,-1.2003673972819775,-0.529561751429543,-0.35420323080904026,-0.3186921946301304,0.03551104,T3,needs_data_train_metadata_not_supplied,needs_data_train_metadata_not_supplied,needs_data_train_metadata_not_supplied,,needs_data_train_metadata_not_supplied,,,needs_data_train_metadata_not_supplied,preannotation_needs_human_review,not_gold,True,,,,,,not_reviewed,,T3_error;low_margin_ambiguous,1
00204529_03,train,benchmark_token_segments/00204529_03.wav,T3,human_correct_prompt_proxy,T4,wav2vec_mean;C=0.03,uncalibrated_linear_svm_margin,-0.6782142837783602,-0.41193126980271855,-0.7469413170099768,-0.3721375837280794,0.03979369,T2,needs_data_train_metadata_not_supplied,needs_data_train_metadata_not_supplied,needs_data_train_metadata_not_supplied,,needs_data_train_metadata_not_supplied,,,needs_data_train_metadata_not_supplied,preannotation_needs_human_review,not_gold,True,,,,,,not_reviewed,,T3_error;low_margin_ambiguous,1
00203828_07,train,benchmark_token_segments/00203828_07.wav,T3,human_correct_prompt_proxy,T4,fusion;C=0.03,uncalibrated_linear_svm_margin,-0.13222433117652588,-1.0080621656398647,-1.4155616082906444,-0.09219368186603549,0.04003065,T1,needs_data_train_metadata_not_supplied,needs_data_train_metadata_not_supplied,needs_data_train_metadata_not_supplied,,needs_data_train_metadata_not_supplied,,,needs_data_train_metadata_not_supplied,preannotation_needs_human_review,not_gold,True,,,,,,not_reviewed,,T3_error;low_margin_ambiguous,1
00201920_05,train,benchmark_token_segments/00201920_05.wav,T3,human_correct_prompt_proxy,T2,fusion;C=0.03,uncalibrated_linear_svm_margin,-0.7232727838444479,-0.40720974524898473,-0.4573560905785323,-0.7656152514935803,0.05014635,T3,needs_data_train_metadata_not_supplied,needs_data_train_metadata_not_supplied,needs_data_train_metadata_not_supplied,,needs_data_train_metadata_not_supplied,,,needs_data_train_metadata_not_supplied,preannotation_needs_human_review,not_gold,True,,,,,,not_reviewed,,T3_error;low_margin_ambiguous,1
00200214_00,train,benchmark_token_segments/00200214_00.wav,T3,human_correct_prompt_proxy,T2,fusion;C=0.03,uncalibrated_linear_svm_margin,-1.2312458671000452,-0.41490785747601655,-0.4725180440820934,-0.6189121410448386,0.05761019,T3,needs_data_train_metadata_not_supplied,needs_data_train_metadata_not_supplied,needs_data_train_metadata_not_supplied,,needs_data_train_metadata_not_supplied,,,needs_data_train_metadata_not_supplied,preannotation_needs_human_review,not_gold,True,,,,,,not_reviewed,,T3_error;low_margin_ambiguous,1
00202114_00,train,benchmark_token_segments/00202114_00.wav,T3,human_correct_prompt_proxy,T4,wav2vec_mean;C=0.03,uncalibrated_linear_svm_margin,-0.7016289675962201,-0.6559526120839477,-0.48770432477149106,-0.42773468009078336,0.05996964,T3,needs_data_train_metadata_not_supplied,needs_data_train_metadata_not_supplied,needs_data_train_metadata_not_supplied,,needs_data_train_metadata_not_supplied,,,needs_data_train_metadata_not_supplied,preannotation_needs_human_review,not_gold,True,,,,,,not_reviewed,,T3_error;low_margin_ambiguous,1
00201020_00,train,benchmark_token_segments/00201020_00.wav,T3,human_correct_prompt_proxy,T4,fusion;C=0.03,uncalibrated_linear_svm_margin,-1.200242226218048,-0.29307187725021766,-0.2933604666032259,-0.22956677773902082,0.0635051,T2,needs_data_train_metadata_not_supplied,needs_data_train_metadata_not_supplied,needs_data_train_metadata_not_supplied,,needs_data_train_metadata_not_supplied,,,needs_data_train_metadata_not_supplied,preannotation_needs_human_review,not_gold,True,,,,,,not_reviewed,,T3_error;low_margin_ambiguous,1
00204228_04,train,benchmark_token_segments/00204228_04.wav,T3,human_correct_prompt_proxy,T2,fusion;C=0.03,uncalibrated_linear_svm_margin,-0.3612300570349524,-0.1645353211407542,-0.2553106353774287,-0.9337113120816829,0.09077531,T3,needs_data_train_metadata_not_supplied,needs_data_train_metadata_not_supplied,needs_data_train_metadata_not_supplied,,needs_data_train_metadata_not_supplied,,,needs_data_train_metadata_not_supplied,preannotation_needs_human_review,not_gold,True,,,,,,not_reviewed,,T3_error;low_margin_ambiguous,1
00200920_00,train,benchmark_token_segments/00200920_00.wav,T3,human_correct_prompt_proxy,T1,fusion;C=0.1,uncalibrated_linear_svm_margin,1.1903365871350036,-1.806605621972888,1.0940411711660167,-1.242947439094729,0.09629542,T3,needs_data_train_metadata_not_supplied,needs_data_train_metadata_not_supplied,needs_data_train_metadata_not_supplied,,needs_data_train_metadata_not_supplied,,,needs_data_train_metadata_not_supplied,preannotation_needs_human_review,not_gold,True,,,,,,not_reviewed,,T3_error;low_margin_ambiguous,1
00202428_07,train,benchmark_token_segments/00202428_07.wav,T3,human_correct_prompt_proxy,T4,fusion;C=0.03,uncalibrated_linear_svm_margin,-2.4503205219689064,-0.0897110243613366,-0.020120162719735712,0.07739129322805516,0.09751146,T3,needs_data_train_metadata_not_supplied,needs_data_train_metadata_not_supplied,needs_data_train_metadata_not_supplied,,needs_data_train_metadata_not_supplied,,,needs_data_train_metadata_not_supplied,preannotation_needs_human_review,not_gold,True,,,,,,not_reviewed,,T3_error;low_margin_ambiguous,1
00204408_04,train,benchmark_token_segments/00204408_04.wav,T3,human_correct_prompt_proxy,T2,fusion;C=0.03,uncalibrated_linear_svm_margin,-0.8447873612325905,-0.22893190407527386,-0.45374231931604914,-0.3289781522930472,0.10004625,T4,needs_data_train_metadata_not_supplied,needs_data_train_metadata_not_supplied,needs_data_train_metadata_not_supplied,,needs_data_train_metadata_not_supplied,,,needs_data_train_metadata_not_supplied,preannotation_needs_human_review,not_gold,True,,,,,,not_reviewed,,T3_error;low_margin_ambiguous,1
00203328_04,train,benchmark_token_segments/00203328_04.wav,T3,human_correct_prompt_proxy,T2,fusion;C=0.1,uncalibrated_linear_svm_margin,-1.461012989868863,0.08948231663155937,-0.018711761796891047,-0.8504012674518326,0.10819408,T3,needs_data_train_metadata_not_supplied,needs_data_train_metadata_not_supplied,needs_data_train_metadata_not_supplied,,needs_data_train_metadata_not_supplied,,,needs_data_train_metadata_not_supplied,preannotation_needs_human_review,not_gold,True,,,,,,not_reviewed,,T3_error;low_margin_ambiguous,1
00204229_03,train,benchmark_token_segments/00204229_03.wav,T3,human_correct_prompt_proxy,T2,fusion;C=0.03,uncalibrated_linear_svm_margin,-0.33662542001144946,-0.0553195376696507,-0.17476886638217293,-1.5629416230179358,0.11944933,T3,needs_data_train_metadata_not_supplied,needs_data_train_metadata_not_supplied,needs_data_train_metadata_not_supplied,,needs_data_train_metadata_not_supplied,,,needs_data_train_metadata_not_supplied,preannotation_needs_human_review,not_gold,True,,,,,,not_reviewed,,T3_error;low_margin_ambiguous,1
00201020_08,train,benchmark_token_segments/00201020_08.wav,T3,human_correct_prompt_proxy,T1,fusion;C=0.03,uncalibrated_linear_svm_margin,0.5525928513327801,-1.342120861839719,0.41998201290743675,-1.050136836129998,0.13261084,T3,needs_data_train_metadata_not_supplied,needs_data_train_metadata_not_supplied,needs_data_train_metadata_not_supplied,,needs_data_train_metadata_not_supplied,,,needs_data_train_metadata_not_supplied,preannotation_needs_human_review,not_gold,True,,,,,,not_reviewed,,T3_error;low_margin_ambiguous,1
00201620_05,train,benchmark_token_segments/00201620_05.wav,T3,human_correct_prompt_proxy,T4,wav2vec_mean;C=0.03,uncalibrated_linear_svm_margin,-0.9901676432137665,-1.1404701419934908,-0.07177031373294374,0.061506742040477735,0.13327706,T3,needs_data_train_metadata_not_supplied,needs_data_train_metadata_not_supplied,needs_data_train_metadata_not_supplied,,needs_data_train_metadata_not_supplied,,,needs_data_train_metadata_not_supplied,preannotation_needs_human_review,not_gold,True,,,,,,not_reviewed,,T3_error;low_margin_ambiguous,1
00203908_04,train,benchmark_token_segments/00203908_04.wav,T3,human_correct_prompt_proxy,T2,wav2vec_mean;C=0.03,uncalibrated_linear_svm_margin,-0.37029805026982043,-0.22873013897427275,-0.5627621075884113,-1.1822470988255487,0.14156791,T1,needs_data_train_metadata_not_supplied,needs_data_train_metadata_not_supplied,needs_data_train_metadata_not_supplied,,needs_data_train_metadata_not_supplied,,,needs_data_train_metadata_not_supplied,preannotation_needs_human_review,not_gold,True,,,,,,not_reviewed,,T3_error;low_margin_ambiguous,1
00202120_00,train,benchmark_token_segments/00202120_00.wav,T3,human_correct_prompt_proxy,T4,wav2vec_mean;C=0.03,uncalibrated_linear_svm_margin,-1.246964314092831,-0.6280929500411919,-0.4974909407100147,-0.34893187313884383,0.14855907,T3,needs_data_train_metadata_not_supplied,needs_data_train_metadata_not_supplied,needs_data_train_metadata_not_supplied,,needs_data_train_metadata_not_supplied,,,needs_data_train_metadata_not_supplied,preannotation_needs_human_review,not_gold,True,,,,,,not_reviewed,,T3_error,1
00202826_08,train,benchmark_token_segments/00202826_08.wav,T3,human_correct_prompt_proxy,T1,fusion;C=0.03,uncalibrated_linear_svm_margin,-0.03459152202066795,-1.2691240062721727,-0.21482758425627624,-0.46259359352500934,0.18023606,T3,needs_data_train_metadata_not_supplied,needs_data_train_metadata_not_supplied,needs_data_train_metadata_not_supplied,,needs_data_train_metadata_not_supplied,,,needs_data_train_metadata_not_supplied,preannotation_needs_human_review,not_gold,True,,,,,,not_reviewed,,T3_error,1
00202020_00,train,benchmark_token_segments/00202020_00.wav,T3,human_correct_prompt_proxy,T4,fusion;C=0.03,uncalibrated_linear_svm_margin,-0.3192837864251693,-1.2808941064255728,-0.29853425392040844,-0.10608156881422626,0.19245269,T3,needs_data_train_metadata_not_supplied,needs_data_train_metadata_not_supplied,needs_data_train_metadata_not_supplied,,needs_data_train_metadata_not_supplied,,,needs_data_train_metadata_not_supplied,preannotation_needs_human_review,not_gold,True,,,,,,not_reviewed,,T3_error,1
00202828_04,train,benchmark_token_segments/00202828_04.wav,T3,human_correct_prompt_proxy,T4,fusion;C=0.03,uncalibrated_linear_svm_margin,-0.5559786022913922,-0.6097531824476239,-0.7808505678586702,-0.3542141408968247,0.20176446,T1,needs_data_train_metadata_not_supplied,needs_data_train_metadata_not_supplied,needs_data_train_metadata_not_supplied,,needs_data_train_metadata_not_supplied,,,needs_data_train_metadata_not_supplied,preannotation_needs_human_review,not_gold,True,,,,,,not_reviewed,,T3_error,1
00203129_03,train,benchmark_token_segments/00203129_03.wav,T3,human_correct_prompt_proxy,T2,wav2vec_mean;C=0.03,uncalibrated_linear_svm_margin,-0.24939597760413457,-0.04750332719420658,-1.1959803066041705,-0.9534588138865217,0.20189265,T1,needs_data_train_metadata_not_supplied,needs_data_train_metadata_not_supplied,needs_data_train_metadata_not_supplied,,needs_data_train_metadata_not_supplied,,,needs_data_train_metadata_not_supplied,preannotation_needs_human_review,not_gold,True,,,,,,not_reviewed,,T3_error,1
00204626_08,train,benchmark_token_segments/00204626_08.wav,T3,human_correct_prompt_proxy,T2,fusion;C=0.1,uncalibrated_linear_svm_margin,-0.9444551016678652,0.07551276781493232,-0.13765156738633877,-1.2463390898767528,0.21316434,T3,needs_data_train_metadata_not_supplied,needs_data_train_metadata_not_supplied,needs_data_train_metadata_not_supplied,,needs_data_train_metadata_not_supplied,,,needs_data_train_metadata_not_supplied,preannotation_needs_human_review,not_gold,True,,,,,,not_reviewed,,T3_error,1
00202826_09,train,benchmark_token_segments/00202826_09.wav,T3,human_correct_prompt_proxy,T4,fusion;C=0.03,uncalibrated_linear_svm_margin,-0.4028633398782539,-0.45823077122571754,-0.47115026669292637,-0.17690305739874793,0.22596028,T1,needs_data_train_metadata_not_supplied,needs_data_train_metadata_not_supplied,needs_data_train_metadata_not_supplied,,needs_data_train_metadata_not_supplied,,,needs_data_train_metadata_not_supplied,preannotation_needs_human_review,not_gold,True,,,,,,not_reviewed,,T3_error,1
00204426_08,train,benchmark_token_segments/00204426_08.wav,T3,human_correct_prompt_proxy,T4,fusion;C=0.03,uncalibrated_linear_svm_margin,-0.30346157105006893,-1.0818497142364625,-0.5241651836393598,-0.016353316874609947,0.28710825,T1,needs_data_train_metadata_not_supplied,needs_data_train_metadata_not_supplied,needs_data_train_metadata_not_supplied,,needs_data_train_metadata_not_supplied,,,needs_data_train_metadata_not_supplied,preannotation_needs_human_review,not_gold,True,,,,,,not_reviewed,,T3_error,1
00203526_08,train,benchmark_token_segments/00203526_08.wav,T3,human_correct_prompt_proxy,T2,fusion;C=0.03,uncalibrated_linear_svm_margin,-0.46170701393826064,-0.1544748125206743,-0.5175181811886973,-1.1281943978892606,0.3072322,T1,needs_data_train_metadata_not_supplied,needs_data_train_metadata_not_supplied,needs_data_train_metadata_not_supplied,,needs_data_train_metadata_not_supplied,,,needs_data_train_metadata_not_supplied,preannotation_needs_human_review,not_gold,True,,,,,,not_reviewed,,T3_error,1
00204129_03,train,benchmark_token_segments/00204129_03.wav,T3,human_correct_prompt_proxy,T1,wav2vec_mean;C=0.03,uncalibrated_linear_svm_margin,-0.14631908893625795,-0.8039773569481423,-1.0422738608709934,-0.47408645657692555,0.32776737,T4,needs_data_train_metadata_not_supplied,needs_data_train_metadata_not_supplied,needs_data_train_metadata_not_supplied,,needs_data_train_metadata_not_supplied,,,needs_data_train_metadata_not_supplied,preannotation_needs_human_review,not_gold,True,,,,,,not_reviewed,,T3_error,1
00203829_03,train,benchmark_token_segments/00203829_03.wav,T3,human_correct_prompt_proxy,T4,fusion;C=0.03,uncalibrated_linear_svm_margin,-1.4429781504645283,-1.3794168404848435,0.0033124792953971305,0.33239584380669573,0.32908336,T3,needs_data_train_metadata_not_supplied,needs_data_train_metadata_not_supplied,needs_data_train_metadata_not_supplied,,needs_data_train_metadata_not_supplied,,,needs_data_train_metadata_not_supplied,preannotation_needs_human_review,not_gold,True,,,,,,not_reviewed,,T3_error,1
00202928_07,train,benchmark_token_segments/00202928_07.wav,T3,human_correct_prompt_proxy,T2,fusion;C=0.03,uncalibrated_linear_svm_margin,-0.9668396576536817,0.09381857180680386,-0.7278652762357416,-0.24259312658525634,0.3364117,T4,needs_data_train_metadata_not_supplied,needs_data_train_metadata_not_supplied,needs_data_train_metadata_not_supplied,,needs_data_train_metadata_not_supplied,,,needs_data_train_metadata_not_supplied,preannotation_needs_human_review,not_gold,True,,,,,,not_reviewed,,T3_error,1
00204228_07,train,benchmark_token_segments/00204228_07.wav,T3,human_correct_prompt_proxy,T2,fusion;C=0.03,uncalibrated_linear_svm_margin,-0.7518948799846404,-0.13078603275557976,-0.9187414277962206,-0.4754477609482915,0.34466173,T4,needs_data_train_metadata_not_supplied,needs_data_train_metadata_not_supplied,needs_data_train_metadata_not_supplied,,needs_data_train_metadata_not_supplied,,,needs_data_train_metadata_not_supplied,preannotation_needs_human_review,not_gold,True,,,,,,not_reviewed,,T3_error,1
00201614_00,train,benchmark_token_segments/00201614_00.wav,T3,human_correct_prompt_proxy,T4,wav2vec_mean;C=0.03,uncalibrated_linear_svm_margin,-1.0161177041437255,-1.5364107539665284,-0.16262598098245784,0.18613943025940355,0.34876541,T3,needs_data_train_metadata_not_supplied,needs_data_train_metadata_not_supplied,needs_data_train_metadata_not_supplied,,needs_data_train_metadata_not_supplied,,,needs_data_train_metadata_not_supplied,preannotation_needs_human_review,not_gold,True,,,,,,not_reviewed,,T3_error,1
00201620_08,train,benchmark_token_segments/00201620_08.wav,T3,human_correct_prompt_proxy,T4,wav2vec_mean;C=0.03,uncalibrated_linear_svm_margin,-0.9330161534264779,-0.6477505384232982,-0.4850875051663588,-0.13362993115015215,0.35145757,T3,needs_data_train_metadata_not_supplied,needs_data_train_metadata_not_supplied,needs_data_train_metadata_not_supplied,,needs_data_train_metadata_not_supplied,,,needs_data_train_metadata_not_supplied,preannotation_needs_human_review,not_gold,True,,,,,,not_reviewed,,T3_error,1
00204628_07,train,benchmark_token_segments/00204628_07.wav,T3,human_correct_prompt_proxy,T2,fusion;C=0.1,uncalibrated_linear_svm_margin,-1.035675537211505,0.4702781070463765,0.11166247191825063,-2.2852063408703547,0.35861564,T3,needs_data_train_metadata_not_supplied,needs_data_train_metadata_not_supplied,needs_data_train_metadata_not_supplied,,needs_data_train_metadata_not_supplied,,,needs_data_train_metadata_not_supplied,preannotation_needs_human_review,not_gold,True,,,,,,not_reviewed,,T3_error,1
00201820_00,train,benchmark_token_segments/00201820_00.wav,T3,human_correct_prompt_proxy,T4,fusion;C=0.1,uncalibrated_linear_svm_margin,-0.9483022133575969,-0.613647415813939,-0.6886771453149166,-0.211921059032315,0.40172636,T2,needs_data_train_metadata_not_supplied,needs_data_train_metadata_not_supplied,needs_data_train_metadata_not_supplied,,needs_data_train_metadata_not_supplied,,,needs_data_train_metadata_not_supplied,preannotation_needs_human_review,not_gold,True,,,,,,not_reviewed,,T3_error,1
00201120_00,train,benchmark_token_segments/00201120_00.wav,T3,human_correct_prompt_proxy,T2,fusion;C=0.1,uncalibrated_linear_svm_margin,-1.3872298037336406,0.21326208622360776,-0.19158231105342993,-0.6182914802361317,0.4048444,T3,needs_data_train_metadata_not_supplied,needs_data_train_metadata_not_supplied,needs_data_train_metadata_not_supplied,,needs_data_train_metadata_not_supplied,,,needs_data_train_metadata_not_supplied,preannotation_needs_human_review,not_gold,True,,,,,,not_reviewed,,T3_error,1
00204108_04,train,benchmark_token_segments/00204108_04.wav,T3,human_correct_prompt_proxy,T4,wav2vec_mean;C=0.03,uncalibrated_linear_svm_margin,-0.44888214795569603,-0.5918926893741262,-1.1872089807129207,-0.03962897597681608,0.40925317,T1,needs_data_train_metadata_not_supplied,needs_data_train_metadata_not_supplied,needs_data_train_metadata_not_supplied,,needs_data_train_metadata_not_supplied,,,needs_data_train_metadata_not_supplied,preannotation_needs_human_review,not_gold,True,,,,,,not_reviewed,,T3_error,1
00204428_04,train,benchmark_token_segments/00204428_04.wav,T3,human_correct_prompt_proxy,T4,fusion;C=0.03,uncalibrated_linear_svm_margin,-1.388472036465922,-0.5442327660858144,-0.34107736850206105,0.07308142040976395,0.41415879,T3,needs_data_train_metadata_not_supplied,needs_data_train_metadata_not_supplied,needs_data_train_metadata_not_supplied,,needs_data_train_metadata_not_supplied,,,needs_data_train_metadata_not_supplied,preannotation_needs_human_review,not_gold,True,,,,,,not_reviewed,,T3_error,1
00204308_04,train,benchmark_token_segments/00204308_04.wav,T3,human_correct_prompt_proxy,T1,fusion;C=0.1,uncalibrated_linear_svm_margin,-0.05444193231548067,-0.9867462671354357,-1.727197454790861,-0.4746950503207932,0.42025312,T4,needs_data_train_metadata_not_supplied,needs_data_train_metadata_not_supplied,needs_data_train_metadata_not_supplied,,needs_data_train_metadata_not_supplied,,,needs_data_train_metadata_not_supplied,preannotation_needs_human_review,not_gold,True,,,,,,not_reviewed,,T3_error,1
00200920_08,train,benchmark_token_segments/00200920_08.wav,T3,human_correct_prompt_proxy,T2,fusion;C=0.1,uncalibrated_linear_svm_margin,-0.17992876236058725,0.24697729375209898,-0.6614268783362007,-1.5319687760777645,0.42690606,T1,needs_data_train_metadata_not_supplied,needs_data_train_metadata_not_supplied,needs_data_train_metadata_not_supplied,,needs_data_train_metadata_not_supplied,,,needs_data_train_metadata_not_supplied,preannotation_needs_human_review,not_gold,True,,,,,,not_reviewed,,T3_error,1
00203826_09,train,benchmark_token_segments/00203826_09.wav,T3,human_correct_prompt_proxy,T4,fusion;C=0.03,uncalibrated_linear_svm_margin,-1.5824083302312242,-0.14035344051611542,-1.1982299734791089,0.28781908525928446,0.42817253,T2,needs_data_train_metadata_not_supplied,needs_data_train_metadata_not_supplied,needs_data_train_metadata_not_supplied,,needs_data_train_metadata_not_supplied,,,needs_data_train_metadata_not_supplied,preannotation_needs_human_review,not_gold,True,,,,,,not_reviewed,,T3_error,1
00200914_00,train,benchmark_token_segments/00200914_00.wav,T3,human_correct_prompt_proxy,T1,fusion;C=0.1,uncalibrated_linear_svm_margin,0.19635361185044375,-1.0887116406089707,-0.2847234421387881,-0.9086995348172229,0.48107705,T3,needs_data_train_metadata_not_supplied,needs_data_train_metadata_not_supplied,needs_data_train_metadata_not_supplied,,needs_data_train_metadata_not_supplied,,,needs_data_train_metadata_not_supplied,preannotation_needs_human_review,not_gold,True,,,,,,not_reviewed,,T3_error,1
00203928_04,train,benchmark_token_segments/00203928_04.wav,T3,human_correct_prompt_proxy,T2,wav2vec_mean;C=0.03,uncalibrated_linear_svm_margin,-0.6680761623165296,-0.12392236854611549,-0.6070368129670335,-0.7107335397892567,0.48311444,T3,needs_data_train_metadata_not_supplied,needs_data_train_metadata_not_supplied,needs_data_train_metadata_not_supplied,,needs_data_train_metadata_not_supplied,,,needs_data_train_metadata_not_supplied,preannotation_needs_human_review,not_gold,True,,,,,,not_reviewed,,T3_error,1
00202926_09,train,benchmark_token_segments/00202926_09.wav,T3,human_correct_prompt_proxy,T2,fusion;C=0.03,uncalibrated_linear_svm_margin,-1.2346190112018012,0.004152153644284895,-0.4852047578966364,-0.5645402030785526,0.48935691,T3,needs_data_train_metadata_not_supplied,needs_data_train_metadata_not_supplied,needs_data_train_metadata_not_supplied,,needs_data_train_metadata_not_supplied,,,needs_data_train_metadata_not_supplied,preannotation_needs_human_review,not_gold,True,,,,,,not_reviewed,,T3_error,1
00202214_00,train,benchmark_token_segments/00202214_00.wav,T3,human_correct_prompt_proxy,T2,fusion;C=0.03,uncalibrated_linear_svm_margin,-0.09773557745445477,0.43149595268627017,-1.212834223662351,-1.7763655372299123,0.52923153,T1,needs_data_train_metadata_not_supplied,needs_data_train_metadata_not_supplied,needs_data_train_metadata_not_supplied,,needs_data_train_metadata_not_supplied,,,needs_data_train_metadata_not_supplied,preannotation_needs_human_review,not_gold,True,,,,,,not_reviewed,,T3_error,1
00203128_04,train,benchmark_token_segments/00203128_04.wav,T3,human_correct_prompt_proxy,T1,wav2vec_mean;C=0.03,uncalibrated_linear_svm_margin,0.3796814705687026,-1.6557095735808602,-1.8316736268328937,-0.15606643628792444,0.53574791,T4,needs_data_train_metadata_not_supplied,needs_data_train_metadata_not_supplied,needs_data_train_metadata_not_supplied,,needs_data_train_metadata_not_supplied,,,needs_data_train_metadata_not_supplied,preannotation_needs_human_review,not_gold,True,,,,,,not_reviewed,,T3_error,1
00204226_09,train,benchmark_token_segments/00204226_09.wav,T3,human_correct_prompt_proxy,T2,fusion;C=0.03,uncalibrated_linear_svm_margin,-0.8483509959796249,-0.11308879752402057,-0.9219200408103015,-0.6518079487905764,0.53871915,T4,needs_data_train_metadata_not_supplied,needs_data_train_metadata_not_supplied,needs_data_train_metadata_not_supplied,,needs_data_train_metadata_not_supplied,,,needs_data_train_metadata_not_supplied,preannotation_needs_human_review,not_gold,True,,,,,,not_reviewed,,T3_error,1
00202408_04,train,benchmark_token_segments/00202408_04.wav,T3,human_correct_prompt_proxy,T4,fusion;C=0.03,uncalibrated_linear_svm_margin,-0.6828130085209652,-1.3948439494773808,-0.3833653901522492,0.21683757046367003,0.60020296,T3,needs_data_train_metadata_not_supplied,needs_data_train_metadata_not_supplied,needs_data_train_metadata_not_supplied,,needs_data_train_metadata_not_supplied,,,needs_data_train_metadata_not_supplied,preannotation_needs_human_review,not_gold,True,,,,,,not_reviewed,,T3_error,1
00203429_08,train,benchmark_token_segments/00203429_08.wav,T3,human_correct_prompt_proxy,T4,fusion;C=0.03,uncalibrated_linear_svm_margin,-3.1392571692574363,-0.6571197013759891,-0.011897101956385048,0.5970903320928801,0.60898743,T3,needs_data_train_metadata_not_supplied,needs_data_train_metadata_not_supplied,needs_data_train_metadata_not_supplied,,needs_data_train_metadata_not_supplied,,,needs_data_train_metadata_not_supplied,preannotation_needs_human_review,not_gold,True,,,,,,not_reviewed,,T3_error,1
00203811_08,train,benchmark_token_segments/00203811_08.wav,T3,human_correct_prompt_proxy,T4,fusion;C=0.03,uncalibrated_linear_svm_margin,-1.6456187712018484,-1.0293885785434638,-0.2861955924319135,0.3266718613282581,0.61286745,T3,needs_data_train_metadata_not_supplied,needs_data_train_metadata_not_supplied,needs_data_train_metadata_not_supplied,,needs_data_train_metadata_not_supplied,,,needs_data_train_metadata_not_supplied,preannotation_needs_human_review,not_gold,True,,,,,,not_reviewed,,T3_error,1
00204628_04,train,benchmark_token_segments/00204628_04.wav,T3,human_correct_prompt_proxy,T1,fusion;C=0.1,uncalibrated_linear_svm_margin,0.08783690121801646,-1.5663889735608603,-1.2646726075165686,-0.5777011679501656,0.66553807,T4,needs_data_train_metadata_not_supplied,needs_data_train_metadata_not_supplied,needs_data_train_metadata_not_supplied,,needs_data_train_metadata_not_supplied,,,needs_data_train_metadata_not_supplied,preannotation_needs_human_review,not_gold,True,,,,,,not_reviewed,,T3_error,1
00202220_05,train,benchmark_token_segments/00202220_05.wav,T3,human_correct_prompt_proxy,T2,fusion;C=0.03,uncalibrated_linear_svm_margin,-0.3925076242537794,0.28278898556915055,-1.5126513697167892,-0.687280486333468,0.67529661,T1,needs_data_train_metadata_not_supplied,needs_data_train_metadata_not_supplied,needs_data_train_metadata_not_supplied,,needs_data_train_metadata_not_supplied,,,needs_data_train_metadata_not_supplied,preannotation_needs_human_review,not_gold,True,,,,,,not_reviewed,,T3_error,1
00203828_04,train,benchmark_token_segments/00203828_04.wav,T3,human_correct_prompt_proxy,T4,fusion;C=0.03,uncalibrated_linear_svm_margin,-0.8636176854143486,-1.459168684512243,-0.6260636861841364,0.07549262310527832,0.70155631,T3,needs_data_train_metadata_not_supplied,needs_data_train_metadata_not_supplied,needs_data_train_metadata_not_supplied,,needs_data_train_metadata_not_supplied,,,needs_data_train_metadata_not_supplied,preannotation_needs_human_review,not_gold,True,,,,,,not_reviewed,,T3_error,1
00204528_07,train,benchmark_token_segments/00204528_07.wav,T3,human_correct_prompt_proxy,T4,wav2vec_mean;C=0.03,uncalibrated_linear_svm_margin,-0.6178307547470875,-1.1882669206385792,-0.6308231962632802,0.11212909706088875,0.72995985,T1,needs_data_train_metadata_not_supplied,needs_data_train_metadata_not_supplied,needs_data_train_metadata_not_supplied,,needs_data_train_metadata_not_supplied,,,needs_data_train_metadata_not_supplied,preannotation_needs_human_review,not_gold,True,,,,,,not_reviewed,,T3_error,1
00202829_08,train,benchmark_token_segments/00202829_08.wav,T3,human_correct_prompt_proxy,T4,fusion;C=0.03,uncalibrated_linear_svm_margin,-0.6206000321447902,-1.494701533566194,-0.5656442045327141,0.1843143329971043,0.74995854,T3,needs_data_train_metadata_not_supplied,needs_data_train_metadata_not_supplied,needs_data_train_metadata_not_supplied,,needs_data_train_metadata_not_supplied,,,needs_data_train_metadata_not_supplied,preannotation_needs_human_review,not_gold,True,,,,,,not_reviewed,,T3_error,1
00202828_07,train,benchmark_token_segments/00202828_07.wav,T3,human_correct_prompt_proxy,T1,fusion;C=0.03,uncalibrated_linear_svm_margin,0.16835092312624134,-0.8936711312635964,-0.5837844031653181,-0.7177564219720451,0.75213533,T3,needs_data_train_metadata_not_supplied,needs_data_train_metadata_not_supplied,needs_data_train_metadata_not_supplied,,needs_data_train_metadata_not_supplied,,,needs_data_train_metadata_not_supplied,preannotation_needs_human_review,not_gold,True,,,,,,not_reviewed,,T3_error,1
00201320_00,train,benchmark_token_segments/00201320_00.wav,T3,human_correct_prompt_proxy,T1,fusion;C=0.03,uncalibrated_linear_svm_margin,0.6161073721699821,-2.353906302570663,-0.28018409827628654,-1.1476942991657042,0.89629147,T3,needs_data_train_metadata_not_supplied,needs_data_train_metadata_not_supplied,needs_data_train_metadata_not_supplied,,needs_data_train_metadata_not_supplied,,,needs_data_train_metadata_not_supplied,preannotation_needs_human_review,not_gold,True,,,,,,not_reviewed,,T3_error,1
00203026_09,train,benchmark_token_segments/00203026_09.wav,T3,human_correct_prompt_proxy,T2,fusion;C=0.03,uncalibrated_linear_svm_margin,-0.9651159593510819,0.38998843953760254,-0.5104787115850389,-1.17904487009565,0.90046715,T3,needs_data_train_metadata_not_supplied,needs_data_train_metadata_not_supplied,needs_data_train_metadata_not_supplied,,needs_data_train_metadata_not_supplied,,,needs_data_train_metadata_not_supplied,preannotation_needs_human_review,not_gold,True,,,,,,not_reviewed,,T3_error,1
00202426_09,train,benchmark_token_segments/00202426_09.wav,T3,human_correct_prompt_proxy,T4,fusion;C=0.03,uncalibrated_linear_svm_margin,-1.934819172707586,-1.2595575219122992,-0.2858994755486107,0.6176682714414317,0.90356775,T3,needs_data_train_metadata_not_supplied,needs_data_train_metadata_not_supplied,needs_data_train_metadata_not_supplied,,needs_data_train_metadata_not_supplied,,,needs_data_train_metadata_not_supplied,preannotation_needs_human_review,not_gold,True,,,,,,not_reviewed,,T3_error,1
00202926_08,train,benchmark_token_segments/00202926_08.wav,T3,human_correct_prompt_proxy,T2,fusion;C=0.03,uncalibrated_linear_svm_margin,-0.7996604099115366,0.3457244333844246,-0.5611658366443408,-0.7451891404605187,0.90689027,T3,needs_data_train_metadata_not_supplied,needs_data_train_metadata_not_supplied,needs_data_train_metadata_not_supplied,,needs_data_train_metadata_not_supplied,,,needs_data_train_metadata_not_supplied,preannotation_needs_human_review,not_gold,True,,,,,,not_reviewed,,T3_error,1
00204429_03,train,benchmark_token_segments/00204429_03.wav,T3,human_correct_prompt_proxy,T2,fusion;C=0.03,uncalibrated_linear_svm_margin,-1.2318218443098305,0.4694169796692985,-0.4390650934647165,-0.9011163647708755,0.90848207,T3,needs_data_train_metadata_not_supplied,needs_data_train_metadata_not_supplied,needs_data_train_metadata_not_supplied,,needs_data_train_metadata_not_supplied,,,needs_data_train_metadata_not_supplied,preannotation_needs_human_review,not_gold,True,,,,,,not_reviewed,,T3_error,1
00204528_04,train,benchmark_token_segments/00204528_04.wav,T3,human_correct_prompt_proxy,T4,wav2vec_mean;C=0.03,uncalibrated_linear_svm_margin,-0.44024397532275483,-1.4818858785526057,-1.395847483764526,0.49270362797777706,0.9329476,T1,needs_data_train_metadata_not_supplied,needs_data_train_metadata_not_supplied,needs_data_train_metadata_not_supplied,,needs_data_train_metadata_not_supplied,,,needs_data_train_metadata_not_supplied,preannotation_needs_human_review,not_gold,True,,,,,,not_reviewed,,T3_error,1
00200720_08,train,benchmark_token_segments/00200720_08.wav,T3,human_correct_prompt_proxy,T2,fusion;C=0.03,uncalibrated_linear_svm_margin,-3.016052500373334,3.1843217900148075,2.0894539518367776,-5.136917845873743,1.09486784,T3,needs_data_train_metadata_not_supplied,needs_data_train_metadata_not_supplied,needs_data_train_metadata_not_supplied,,needs_data_train_metadata_not_supplied,,,needs_data_train_metadata_not_supplied,preannotation_needs_human_review,not_gold,True,,,,,,not_reviewed,,T3_error,1
00202220_08,train,benchmark_token_segments/00202220_08.wav,T3,human_correct_prompt_proxy,T2,fusion;C=0.03,uncalibrated_linear_svm_margin,-1.8166871299261425,0.9897570559597596,-0.12035397050470065,-1.2755679194743288,1.11011103,T3,needs_data_train_metadata_not_supplied,needs_data_train_metadata_not_supplied,needs_data_train_metadata_not_supplied,,needs_data_train_metadata_not_supplied,,,needs_data_train_metadata_not_supplied,preannotation_needs_human_review,not_gold,True,,,,,,not_reviewed,,T3_error,1
00201620_00,train,benchmark_token_segments/00201620_00.wav,T3,human_correct_prompt_proxy,T4,wav2vec_mean;C=0.03,uncalibrated_linear_svm_margin,-0.143658793790858,-2.2102377458972287,-2.416961072798405,0.9732249165599174,1.11688371,T1,needs_data_train_metadata_not_supplied,needs_data_train_metadata_not_supplied,needs_data_train_metadata_not_supplied,,needs_data_train_metadata_not_supplied,,,needs_data_train_metadata_not_supplied,preannotation_needs_human_review,not_gold,True,,,,,,not_reviewed,,T3_error,1
00202428_04,train,benchmark_token_segments/00202428_04.wav,T3,human_correct_prompt_proxy,T4,fusion;C=0.03,uncalibrated_linear_svm_margin,-2.0041151258081307,-0.3537652008979828,-1.48415218078524,0.8549991040078777,1.2087643,T2,needs_data_train_metadata_not_supplied,needs_data_train_metadata_not_supplied,needs_data_train_metadata_not_supplied,,needs_data_train_metadata_not_supplied,,,needs_data_train_metadata_not_supplied,preannotation_needs_human_review,not_gold,True,,,,,,not_reviewed,,T3_error,1
00203129_08,train,benchmark_token_segments/00203129_08.wav,T3,human_correct_prompt_proxy,T1,wav2vec_mean;C=0.03,uncalibrated_linear_svm_margin,0.9913721392538207,-0.22086651097076881,-1.1939475064271163,-1.931298088546886,1.21223865,T2,needs_data_train_metadata_not_supplied,needs_data_train_metadata_not_supplied,needs_data_train_metadata_not_supplied,,needs_data_train_metadata_not_supplied,,,needs_data_train_metadata_not_supplied,preannotation_needs_human_review,not_gold,True,,,,,,not_reviewed,,T3_error,1
00204329_03,train,benchmark_token_segments/00204329_03.wav,T3,human_correct_prompt_proxy,T4,fusion;C=0.1,uncalibrated_linear_svm_margin,-4.103029653556638,-1.8624755572639193,-0.38322655730760746,0.848143846973485,1.2313704,T3,needs_data_train_metadata_not_supplied,needs_data_train_metadata_not_supplied,needs_data_train_metadata_not_supplied,,needs_data_train_metadata_not_supplied,,,needs_data_train_metadata_not_supplied,preannotation_needs_human_review,not_gold,True,,,,,,not_reviewed,,T3_error,1
00200720_00,train,benchmark_token_segments/00200720_00.wav,T3,human_correct_prompt_proxy,T2,fusion;C=0.03,uncalibrated_linear_svm_margin,-1.5654880274387502,0.7672428473843512,-0.5234586128604053,-0.8162659791422594,1.29070146,T3,needs_data_train_metadata_not_supplied,needs_data_train_metadata_not_supplied,needs_data_train_metadata_not_supplied,,needs_data_train_metadata_not_supplied,,,needs_data_train_metadata_not_supplied,preannotation_needs_human_review,not_gold,True,,,,,,not_reviewed,,T3_error,1
00201120_08,train,benchmark_token_segments/00201120_08.wav,T3,human_correct_prompt_proxy,T2,fusion;C=0.1,uncalibrated_linear_svm_margin,-4.575907992315664,1.433718867989815,-1.3739922954887172,0.12706279852867203,1.30665607,T4,needs_data_train_metadata_not_supplied,needs_data_train_metadata_not_supplied,needs_data_train_metadata_not_supplied,,needs_data_train_metadata_not_supplied,,,needs_data_train_metadata_not_supplied,preannotation_needs_human_review,not_gold,True,,,,,,not_reviewed,,T3_error,1
00203429_03,train,benchmark_token_segments/00203429_03.wav,T3,human_correct_prompt_proxy,T4,fusion;C=0.03,uncalibrated_linear_svm_margin,-3.6520737239528973,-1.761163829472216,-0.13487571766693662,1.230097213542296,1.36497293,T3,needs_data_train_metadata_not_supplied,needs_data_train_metadata_not_supplied,needs_data_train_metadata_not_supplied,,needs_data_train_metadata_not_supplied,,,needs_data_train_metadata_not_supplied,preannotation_needs_human_review,not_gold,True,,,,,,not_reviewed,,T3_error,1
00203108_04,train,benchmark_token_segments/00203108_04.wav,T3,human_correct_prompt_proxy,T1,wav2vec_mean;C=0.03,uncalibrated_linear_svm_margin,0.801444756875498,-0.5955445672034292,-1.293336062580107,-1.2068197480810319,1.39698932,T2,needs_data_train_metadata_not_supplied,needs_data_train_metadata_not_supplied,needs_data_train_metadata_not_supplied,,needs_data_train_metadata_not_supplied,,,needs_data_train_metadata_not_supplied,preannotation_needs_human_review,not_gold,True,,,,,,not_reviewed,,T3_error,1
00204411_08,train,benchmark_token_segments/00204411_08.wav,T3,human_correct_prompt_proxy,T4,fusion;C=0.03,uncalibrated_linear_svm_margin,-3.8562759335756196,-0.648319214958675,-0.6464933458496681,1.0304959281157071,1.67698927,T3,needs_data_train_metadata_not_supplied,needs_data_train_metadata_not_supplied,needs_data_train_metadata_not_supplied,,needs_data_train_metadata_not_supplied,,,needs_data_train_metadata_not_supplied,preannotation_needs_human_review,not_gold,True,,,,,,not_reviewed,,T3_error,1
00204328_07,train,benchmark_token_segments/00204328_07.wav,T3,human_correct_prompt_proxy,T4,fusion;C=0.1,uncalibrated_linear_svm_margin,-3.6418057350722437,-0.5402968144407592,-0.238018452342884,1.5740780457981793,1.8120965,T3,needs_data_train_metadata_not_supplied,needs_data_train_metadata_not_supplied,needs_data_train_metadata_not_supplied,,needs_data_train_metadata_not_supplied,,,needs_data_train_metadata_not_supplied,preannotation_needs_human_review,not_gold,True,,,,,,not_reviewed,,T3_error,1
00202429_08,train,benchmark_token_segments/00202429_08.wav,T3,human_correct_prompt_proxy,T4,fusion;C=0.03,uncalibrated_linear_svm_margin,-5.416247060336406,-1.8408962010751726,0.18105227965020787,2.4090101966315056,2.22795792,T3,needs_data_train_metadata_not_supplied,needs_data_train_metadata_not_supplied,needs_data_train_metadata_not_supplied,,needs_data_train_metadata_not_supplied,,,needs_data_train_metadata_not_supplied,preannotation_needs_human_review,not_gold,True,,,,,,not_reviewed,,T3_error,1
00201020_05,train,benchmark_token_segments/00201020_05.wav,T3,human_correct_prompt_proxy,T2,fusion;C=0.03,uncalibrated_linear_svm_margin,-2.563396907876661,2.0641819716519274,-0.30942800636366585,-2.807396769060255,2.37360998,T3,needs_data_train_metadata_not_supplied,needs_data_train_metadata_not_supplied,needs_data_train_metadata_not_supplied,,needs_data_train_metadata_not_supplied,,,needs_data_train_metadata_not_supplied,preannotation_needs_human_review,not_gold,True,,,,,,not_reviewed,,T3_error,1
00204311_08,train,benchmark_token_segments/00204311_08.wav,T3,human_correct_prompt_proxy,T4,fusion;C=0.1,uncalibrated_linear_svm_margin,-5.527710449536222,-2.5637885009895323,0.44355719959177087,3.386977770742699,2.94342057,T3,needs_data_train_metadata_not_supplied,needs_data_train_metadata_not_supplied,needs_data_train_metadata_not_supplied,,needs_data_train_metadata_not_supplied,,,needs_data_train_metadata_not_supplied,preannotation_needs_human_review,not_gold,True,,,,,,not_reviewed,,T3_error,1
00204128_04,train,benchmark_token_segments/00204128_04.wav,T3,human_correct_prompt_proxy,T3,wav2vec_mean;C=0.03,uncalibrated_linear_svm_margin,-0.9984255497532641,-0.683078505272728,-0.17802303936161412,-0.17983148490780748,0.00180845,T4,needs_data_train_metadata_not_supplied,needs_data_train_metadata_not_supplied,needs_data_train_metadata_not_supplied,,needs_data_train_metadata_not_supplied,,,needs_data_train_metadata_not_supplied,preannotation_needs_human_review,not_gold,True,,,,,,not_reviewed,,low_margin_ambiguous,3
00204208_04,train,benchmark_token_segments/00204208_04.wav,T3,human_correct_prompt_proxy,T3,fusion;C=0.03,uncalibrated_linear_svm_margin,-1.049963686305058,-0.13237337587236986,-0.09826595251659798,-0.7222374303456561,0.03410742,T2,needs_data_train_metadata_not_supplied,needs_data_train_metadata_not_supplied,needs_data_train_metadata_not_supplied,,needs_data_train_metadata_not_supplied,,,needs_data_train_metadata_not_supplied,preannotation_needs_human_review,not_gold,True,,,,,,not_reviewed,,low_margin_ambiguous,3
00202020_05,train,benchmark_token_segments/00202020_05.wav,T3,human_correct_prompt_proxy,T3,fusion;C=0.03,uncalibrated_linear_svm_margin,-0.38760158239310594,-0.7772001331804247,-0.2991712919359393,-0.3339885661260994,0.03481727,T4,needs_data_train_metadata_not_supplied,needs_data_train_metadata_not_supplied,needs_data_train_metadata_not_supplied,,needs_data_train_metadata_not_supplied,,,needs_data_train_metadata_not_supplied,preannotation_needs_human_review,not_gold,True,,,,,,not_reviewed,,low_margin_ambiguous,3
00203126_09,train,benchmark_token_segments/00203126_09.wav,T3,human_correct_prompt_proxy,T3,wav2vec_mean;C=0.03,uncalibrated_linear_svm_margin,0.14973169105912665,-0.4567260457092222,0.20428514185051982,-2.0190081394341544,0.05455345,T1,needs_data_train_metadata_not_supplied,needs_data_train_metadata_not_supplied,needs_data_train_metadata_not_supplied,,needs_data_train_metadata_not_supplied,,,needs_data_train_metadata_not_supplied,preannotation_needs_human_review,not_gold,True,,,,,,not_reviewed,,low_margin_ambiguous,3
00203528_04,train,benchmark_token_segments/00203528_04.wav,T3,human_correct_prompt_proxy,T3,fusion;C=0.03,uncalibrated_linear_svm_margin,-0.5732633889620555,-0.5059734025133014,-0.4450232769386549,-0.5428020149978093,0.06095013,T2,needs_data_train_metadata_not_supplied,needs_data_train_metadata_not_supplied,needs_data_train_metadata_not_supplied,,needs_data_train_metadata_not_supplied,,,needs_data_train_metadata_not_supplied,preannotation_needs_human_review,not_gold,True,,,,,,not_reviewed,,low_margin_ambiguous,3
00203328_07,train,benchmark_token_segments/00203328_07.wav,T3,human_correct_prompt_proxy,T3,fusion;C=0.1,uncalibrated_linear_svm_margin,-1.0863273428597213,-0.30649171872979053,-0.12765865989666403,-0.18920154754483126,0.06154289,T4,needs_data_train_metadata_not_supplied,needs_data_train_metadata_not_supplied,needs_data_train_metadata_not_supplied,,needs_data_train_metadata_not_supplied,,,needs_data_train_metadata_not_supplied,preannotation_needs_human_review,not_gold,True,,,,,,not_reviewed,,low_margin_ambiguous,3
00202220_00,train,benchmark_token_segments/00202220_00.wav,T3,human_correct_prompt_proxy,T3,fusion;C=0.03,uncalibrated_linear_svm_margin,-0.6193263799811923,-0.07363092648209257,0.0015086732708674555,-1.0181128953847771,0.0751396,T2,needs_data_train_metadata_not_supplied,needs_data_train_metadata_not_supplied,needs_data_train_metadata_not_supplied,,needs_data_train_metadata_not_supplied,,,needs_data_train_metadata_not_supplied,preannotation_needs_human_review,not_gold,True,,,,,,not_reviewed,,low_margin_ambiguous,3
00200620_00,train,benchmark_token_segments/00200620_00.wav,T3,human_correct_prompt_proxy,T3,fusion;C=0.03,uncalibrated_linear_svm_margin,0.029249529345450775,-2.2522934569648836,0.10801772034354384,-0.4263322646669462,0.07876819,T1,needs_data_train_metadata_not_supplied,needs_data_train_metadata_not_supplied,needs_data_train_metadata_not_supplied,,needs_data_train_metadata_not_supplied,,,needs_data_train_metadata_not_supplied,preannotation_needs_human_review,not_gold,True,,,,,,not_reviewed,,low_margin_ambiguous,3
00202911_08,train,benchmark_token_segments/00202911_08.wav,T3,human_correct_prompt_proxy,T3,fusion;C=0.03,uncalibrated_linear_svm_margin,-1.4230154347942436,-1.0413752136531866,0.33872519376738175,0.25820525881077316,0.08051993,T4,needs_data_train_metadata_not_supplied,needs_data_train_metadata_not_supplied,needs_data_train_metadata_not_supplied,,needs_data_train_metadata_not_supplied,,,needs_data_train_metadata_not_supplied,preannotation_needs_human_review,not_gold,True,,,,,,not_reviewed,,low_margin_ambiguous,3
00204608_04,train,benchmark_token_segments/00204608_04.wav,T3,human_correct_prompt_proxy,T3,fusion;C=0.1,uncalibrated_linear_svm_margin,0.00786532981450594,-1.0422254759530563,0.11142853032654276,-0.9373607788806407,0.1035632,T1,needs_data_train_metadata_not_supplied,needs_data_train_metadata_not_supplied,needs_data_train_metadata_not_supplied,,needs_data_train_metadata_not_supplied,,,needs_data_train_metadata_not_supplied,preannotation_needs_human_review,not_gold,True,,,,,,not_reviewed,,low_margin_ambiguous,3
00203926_08,train,benchmark_token_segments/00203926_08.wav,T3,human_correct_prompt_proxy,T3,wav2vec_mean;C=0.03,uncalibrated_linear_svm_margin,-0.13071709598440928,-0.807674428836676,-0.0267797898243749,-1.0827958074091475,0.10393731,T1,needs_data_train_metadata_not_supplied,needs_data_train_metadata_not_supplied,needs_data_train_metadata_not_supplied,,needs_data_train_metadata_not_supplied,,,needs_data_train_metadata_not_supplied,preannotation_needs_human_review,not_gold,True,,,,,,not_reviewed,,low_margin_ambiguous,3
00204629_08,train,benchmark_token_segments/00204629_08.wav,T3,human_correct_prompt_proxy,T3,fusion;C=0.1,uncalibrated_linear_svm_margin,-0.7405071324479275,-0.2030582076799059,-0.08584563519218547,-0.8709496855314995,0.11721257,T2,needs_data_train_metadata_not_supplied,needs_data_train_metadata_not_supplied,needs_data_train_metadata_not_supplied,,needs_data_train_metadata_not_supplied,,,needs_data_train_metadata_not_supplied,preannotation_needs_human_review,not_gold,True,,,,,,not_reviewed,,low_margin_ambiguous,3
00201820_08,train,benchmark_token_segments/00201820_08.wav,T3,human_correct_prompt_proxy,T3,fusion;C=0.1,uncalibrated_linear_svm_margin,-1.6808807210750483,-0.6518754774716966,-0.08288521497385237,-0.21460200225168807,0.13171679,T4,needs_data_train_metadata_not_supplied,needs_data_train_metadata_not_supplied,needs_data_train_metadata_not_supplied,,needs_data_train_metadata_not_supplied,,,needs_data_train_metadata_not_supplied,preannotation_needs_human_review,not_gold,True,,,,,,not_reviewed,,low_margin_ambiguous,3
